"","Sum Sq","Df","F value","Pr(>F)","mse","eta_p_sq"
"(Intercept)",311140056.162078,1,77.6639100524315,2.86085645272279e-18,311140056.162078,NA
"strategy",41982341.7526045,2,5.23962239687689,0.00538500005681062,20991170.8763022,0.00589888388759104
"rot",20287190.0539064,3,1.68796706644807,0.167592893185758,6762396.68463548,0.00285924251288449
"l_length",40745207.6125584,4,2.54261069606622,0.0380228549018387,10186301.9031396,0.00572605113748096
"pres_rate",12151992.2101336,1,3.03326817384784,0.0817476704736483,12151992.2101336,0.00171464733220028
"strategy:rot",513580925.696247,6,21.3658886772308,2.47466445394907e-24,85596820.9493745,0.0676779896420393
"strategy:l_length",156944431.89825,8,4.89687762824815,5.3251205380592e-06,19618053.9872812,0.0217015084796153
"strategy:pres_rate",37359923.5610342,2,4.66271970700299,0.00955728079410283,18679961.7805171,0.0052528056022698
"rot:l_length",11236542.9257965,12,0.2337301808318,0.996740626437712,936378.577149709,0.00158568216796335
"rot:pres_rate",5209624.4500885,3,0.433459462692752,0.729069488423982,1736541.48336283,0.000735799303831026
"Residuals",7075015136.51935,1766,NA,NA,4006237.33664742,NA
