"contrast","rot","estimate","SE","df","t.ratio","p.value"
"ns - prim","-3",-70.9965021693745,234.62482753097,1053.2933929384,-0.302595863006028,0.950782616338917
"ns - rec","-3",79.0466205633805,247.508437378949,1048.62313473304,0.319369397667667,0.945332418344648
"prim - rec","-3",150.043122732755,237.257051812553,1039.00996032154,0.632407431460869,0.802305679621827
"ns - prim","-2",15.974832314612,234.913940169276,1056.41156056436,0.0680029133354146,0.997453715150879
"ns - rec","-2",-358.114621065344,247.740683349064,1050.99862402451,-1.44552205243078,0.317963548817183
"prim - rec","-2",-374.089453379956,237.258678005041,1039.02734043545,-1.57671557696198,0.256182620930225
"ns - prim","-1",244.927149135251,235.214606297173,1059.66613223051,1.04129226067622,0.55094933227266
"ns - rec","-1",-711.737906669382,247.89268926893,1052.55674677352,-2.87115327510624,0.0116128990942134
"prim - rec","-1",-956.665055804632,237.554361376834,1042.18494423618,-4.02714162038502,0.000178816553722205
"ns - prim","0",863.789000061734,234.625384064303,1053.29940450439,3.6815666962318,0.000711942120950049
"ns - rec","0",-2379.22614236196,247.739248193704,1050.98611252635,-9.60375136240697,3.24074100888083e-13
"prim - rec","0",-3243.0151424237,237.474757696318,1041.33613323121,-13.6562520323564,4.30766533554561e-13
