"contrast","l_length","estimate","SE","df","t.ratio","p.value"
"ns - prim","10",-91.1653064539972,529.547229109411,434.44467177187,-0.172157083339513,0.983794074798174
"ns - rec","10",-139.129498556041,588.449742070705,434.624188028271,-0.236433952824002,0.969655907538201
"prim - rec","10",-47.9641921020439,574.950385143371,434.632719244155,-0.0834231845763237,0.996170508233748
"ns - prim","15",379.636961598008,489.856600488674,435.025187322117,0.774996113595871,0.718586643647689
"ns - rec","15",-327.442225610585,540.788940997448,435.133443489349,-0.605489870052891,0.817195485096532
"prim - rec","15",-707.079187208593,513.138443793542,434.680769194191,-1.37795013365454,0.35336941051263
"ns - prim","20",981.587568421495,324.428409910894,434.444671771843,3.02559066479749,0.00739896663881756
"ns - rec","20",21.7375472101231,333.006229017969,435.005555193232,0.0652766984996853,0.99765355262088
"prim - rec","20",-959.850021211372,308.525517580313,435.09818892491,-3.11108795388865,0.00562704815170256
"ns - prim","30",107.019839628314,554.956056550592,436.135940785988,0.192843808739579,0.979708067101141
"ns - rec","30",-1908.63513472128,547.989137388675,435.640054163604,-3.48297987039756,0.00158027441252562
"prim - rec","30",-2015.65497434959,521.15740008138,435.518203602993,-3.86765106671198,0.000371967547943886
"ns - prim","40",-59.9609640159335,560.752161816524,434.444671771884,-0.106929528049778,0.993716217848251
"ns - rec","40",-1859.07075023885,562.773272586245,434.640947596533,-3.30340981137114,0.00296528140451846
"prim - rec","40",-1799.10978622291,523.185488856739,434.671785280979,-3.43876086883509,0.0018505552764877
