"","F","Df","Df.res","Pr(>F)"
"(Intercept)",4335.66885683413,1,435.006964867844,2.4059065628917e-228
"strategy",18.8902861385189,2,435.005793868135,1.35813004425656e-08
"rot",120.130794453271,3,1331.55513173012,7.42036222676763e-69
"l_length",0.54994622445037,4,434.974305739071,0.69916150750355
"pres_rate",0.0037358448283345,1,434.844130246118,0.951290482311804
"strategy:rot",38.9935709891541,6,1331.57939434723,7.95671414643564e-44
"strategy:l_length",1.99299442621651,8,434.969850152721,0.0458520371974888
"strategy:pres_rate",1.77303994394521,2,434.85295108523,0.171041385072783
"rot:l_length",0.465405120417438,12,1331.53033384246,0.935147368495505
"rot:pres_rate",0.706691395203108,3,1331.44755929753,0.548041623568745
