condition,l_length,pres_rate,serial_position,pearson_r,p_value,p_val_fdr
10-2,10.0,2000.0,1,0.2911281148134954,0.0144807466892825,0.35749854683592025
10-2,10.0,2000.0,9,0.516943066419729,4.61219312178219e-06,0.00028466286548332984
10-2,10.0,2000.0,8,0.3497869270582379,0.0029953983003601,0.09645646065962461
10-2,10.0,2000.0,7,0.2850985814161063,0.0167461797210224,0.40009086261189325
10-2,10.0,2000.0,6,0.3041950750787127,0.0104600713300164,0.28692967140128256
10-2,10.0,2000.0,10,0.3740957884003109,0.0014215225368536,0.05849056591303592
10-2,10.0,2000.0,4,-0.0440765282461324,0.7171227154844599,1.0
10-2,10.0,2000.0,3,-0.1566687477668725,0.1952519409760302,1.0
10-2,10.0,2000.0,2,-0.1798224704428379,0.1363333799660457,1.0
10-2,10.0,2000.0,5,0.1704640980521363,0.1582814813380941,1.0
20-1,20.0,1000.0,12,-0.0200037260694891,0.8694429495653724,1.0
20-1,20.0,1000.0,19,0.529131114491313,2.486056923067185e-06,0.0001841262242379439
20-1,20.0,1000.0,18,0.3587485756623337,0.0022909253952835,0.07719361764774486
20-1,20.0,1000.0,17,0.3105708150303208,0.008878820700728,0.2630388252403763
20-1,20.0,1000.0,16,0.2099565979987167,0.0810727367955443,1.0
20-1,20.0,1000.0,15,-0.0739834290157861,0.5427368954165063,1.0
20-1,20.0,1000.0,14,-0.1794789079157466,0.1370962101842635,1.0
20-1,20.0,1000.0,13,-0.1940728758530444,0.1074326864837322,1.0
20-1,20.0,1000.0,11,-0.0210149303959077,0.8629055357042443,1.0
20-1,20.0,1000.0,20,0.5340161982394751,1.927400811808805e-06,0.00015861129359717244
20-1,20.0,1000.0,9,-0.1229667608615401,0.3105138742800452,1.0
20-1,20.0,1000.0,10,0.0456465999680715,0.7074923599203611,1.0
20-1,20.0,1000.0,2,0.1395682466997186,0.249182724999922,1.0
20-1,20.0,1000.0,3,0.1016920440840408,0.4022150821459483,1.0
20-1,20.0,1000.0,4,-0.0923930187616182,0.4468207017494506,1.0
20-1,20.0,1000.0,1,0.2075552689463171,0.0846908586512536,1.0
20-1,20.0,1000.0,6,-0.116290055694231,0.3377141899491883,1.0
20-1,20.0,1000.0,7,-0.1060647172013661,0.3821773770133368,1.0
20-1,20.0,1000.0,8,0.0548962561308928,0.6517259774523259,1.0
20-1,20.0,1000.0,5,-0.0768818178640128,0.5269982759279498,1.0
15-2,15.0,2000.0,9,-0.1234811854434859,0.2383092918487932,1.0
15-2,15.0,2000.0,15,0.4312211433871907,1.5944485539856505e-05,0.0008435038211457642
15-2,15.0,2000.0,14,0.4413198480794882,9.515675697033503e-06,0.0005421267775830392
15-2,15.0,2000.0,13,0.3518587326392466,0.0005429819862356,0.02513448657066369
15-2,15.0,2000.0,12,0.1074242539340768,0.3054007753877946,1.0
15-2,15.0,2000.0,11,0.2180617681714838,0.0357455205446802,0.7786589644218874
15-2,15.0,2000.0,8,-0.1676906257380435,0.1081251136679447,1.0
15-2,15.0,2000.0,10,-0.2564707944961669,0.0130823265034506,0.3405355632283547
15-2,15.0,2000.0,6,-0.0640765981667607,0.54172764942589,1.0
15-2,15.0,2000.0,5,-0.1339686709062808,0.2004559351038869,1.0
15-2,15.0,2000.0,4,-0.0995633454923987,0.3423509691515639,1.0
15-2,15.0,2000.0,3,-0.0813956353656409,0.4379715870173912,1.0
15-2,15.0,2000.0,2,0.0217526073562693,0.8360396310292543,1.0
15-2,15.0,2000.0,1,0.2651112487467792,0.0102230645584265,0.28692967140128256
15-2,15.0,2000.0,7,-0.1326418405668627,0.2049908186894294,1.0
30-1,30.0,1000.0,18,0.0786924352345805,0.4992285594984764,1.0
30-1,30.0,1000.0,19,0.2038096199866527,0.0774109087733088,1.0
30-1,30.0,1000.0,20,-0.0559692226201626,0.631072013754764,1.0
30-1,30.0,1000.0,21,-0.0141380311673029,0.903520082261547,1.0
30-1,30.0,1000.0,22,0.1010371967217541,0.3851485318014518,1.0
30-1,30.0,1000.0,24,-0.075039759445847,0.5194140944810306,1.0
30-1,30.0,1000.0,27,0.4258155353579785,0.0001256151321436,0.006202335855398377
30-1,30.0,1000.0,26,0.270726088510192,0.018011798068838,0.4168805854990932
30-1,30.0,1000.0,28,0.6939570333842275,3.6467714574609606e-12,9.003095797883898e-10
30-1,30.0,1000.0,29,0.6554861992398806,1.314911820100163e-10,2.4346762376440427e-08
30-1,30.0,1000.0,30,0.5059861487411733,3.119995735389953e-06,0.00021007089911794947
30-1,30.0,1000.0,17,0.0336660388082507,0.7728022199003223,1.0
30-1,30.0,1000.0,25,-0.0197941803099966,0.8652316391711097,1.0
30-1,30.0,1000.0,16,-0.0551353841867489,0.6361752544845081,1.0
30-1,30.0,1000.0,23,-0.1617809719594583,0.1626494796060639,1.0
30-1,30.0,1000.0,14,-0.0549588477651544,0.6372578728344331,1.0
30-1,30.0,1000.0,1,0.2605611421020102,0.023008430479622,0.516389774011761
30-1,30.0,1000.0,2,0.0519021454789688,0.6561218977726264,1.0
30-1,30.0,1000.0,3,-0.0287661503230434,0.8051618313635605,1.0
30-1,30.0,1000.0,5,-0.0027721110353531,0.9810390833354768,1.0
30-1,30.0,1000.0,6,-0.121838480712115,0.2944212355666084,1.0
30-1,30.0,1000.0,7,0.0434545025233811,0.7093528943558247,1.0
30-1,30.0,1000.0,4,-0.0233074619735495,0.8415984043430621,1.0
30-1,30.0,1000.0,8,0.1450208997916351,0.2113252272341003,1.0
30-1,30.0,1000.0,9,0.0780993384178816,0.5024781501879505,1.0
30-1,30.0,1000.0,10,0.0314608873427337,0.7873211263940804,1.0
30-1,30.0,1000.0,11,0.2051042735509035,0.0755070888141149,1.0
30-1,30.0,1000.0,12,0.1357766601997719,0.24220981632558,1.0
30-1,30.0,1000.0,13,-0.0142478601940641,0.9027742243035972,1.0
30-1,30.0,1000.0,15,0.1560578629099195,0.1782387883323091,1.0
20-2,20.0,2000.0,13,-0.0469990279180001,0.6908972786069363,1.0
20-2,20.0,2000.0,20,0.6165531052318544,4.958124185171421e-09,6.120272073202878e-07
20-2,20.0,2000.0,19,0.56059777002267,2.0541580272142163e-07,1.90172818464863e-05
20-2,20.0,2000.0,18,0.3491996901063254,0.0022929759321405,0.07719361764774486
20-2,20.0,2000.0,17,0.1833549768370593,0.1178844409892719,1.0
20-2,20.0,2000.0,16,-0.0251898826584471,0.8312987045865159,1.0
20-2,20.0,2000.0,15,-0.1710680655004031,0.1450346671413256,1.0
20-2,20.0,2000.0,14,-0.2865003520455691,0.0133338600422238,0.3405355632283547
20-2,20.0,2000.0,11,-0.1017780460905698,0.3882111749047856,1.0
20-2,20.0,2000.0,12,-0.1220181543382042,0.3003673720516155,1.0
20-2,20.0,2000.0,9,0.0070296875384461,0.9525993731788972,1.0
20-2,20.0,2000.0,10,-0.1718230591697147,0.1432417795481907,1.0
20-2,20.0,2000.0,1,0.354359311280015,0.0019509580568038,0.07368405776975456
20-2,20.0,2000.0,3,-0.1258972962493813,0.2851457240916051,1.0
20-2,20.0,2000.0,4,-0.1011394712205968,0.3912105378344359,1.0
20-2,20.0,2000.0,2,-0.0904093419189056,0.4436401908042665,1.0
20-2,20.0,2000.0,6,-0.0491336421890443,0.6776155707644433,1.0
20-2,20.0,2000.0,7,-0.1948039362694987,0.0962698308043171,1.0
20-2,20.0,2000.0,8,-0.0777391457220419,0.5103134217361707,1.0
20-2,20.0,2000.0,5,-0.2024595325050764,0.0836415895976602,1.0
40-1,40.0,1000.0,28,-0.0226348380821426,0.8492475767003542,1.0
40-1,40.0,1000.0,23,0.1146035934294938,0.3343149784829258,1.0
40-1,40.0,1000.0,24,-0.0372289052993504,0.7545068717388266,1.0
40-1,40.0,1000.0,25,-0.1116605552143391,0.3469573721947963,1.0
40-1,40.0,1000.0,26,-0.0131825912553896,0.9118598901986013,1.0
40-1,40.0,1000.0,22,-0.1162977861201466,0.3271708182504727,1.0
40-1,40.0,1000.0,27,0.0819545072058552,0.4906377565985291,1.0
40-1,40.0,1000.0,29,-0.1065833181829163,0.3694570900308179,1.0
40-1,40.0,1000.0,34,0.0877941141729582,0.4601533595729622,1.0
40-1,40.0,1000.0,31,0.0721724890682058,0.5439896041491179,1.0
40-1,40.0,1000.0,32,-0.0206979733570194,0.8620148921347152,1.0
40-1,40.0,1000.0,33,-0.1241674433238365,0.2952687407830581,1.0
40-1,40.0,1000.0,35,0.2422147170056401,0.038959242622319,0.8244171927335011
40-1,40.0,1000.0,38,0.8077108779855391,5.9276299462715496e-18,4.3902137177944705e-15
40-1,40.0,1000.0,36,0.3765990982567597,0.0010237123023702,0.04459986868749948
40-1,40.0,1000.0,37,0.6590171653522513,2.3182280815498188e-10,3.4339244577836644e-08
40-1,40.0,1000.0,21,0.1354775705899724,0.2531131660624288,1.0
40-1,40.0,1000.0,30,0.1736872351200711,0.1416792833754046,1.0
40-1,40.0,1000.0,20,-0.188889859680624,0.1094955980869025,1.0
40-1,40.0,1000.0,3,0.0518165215742289,0.6632924554552906,1.0
40-1,40.0,1000.0,18,0.0697684137680008,0.5575204642442176,1.0
40-1,40.0,1000.0,39,0.7359059705488087,1.1985803254281272e-13,4.4385562478330074e-11
40-1,40.0,1000.0,1,0.3560693279730989,0.0019897520051403,0.07368405776975456
40-1,40.0,1000.0,2,0.3331219507014338,0.0039791252824962,0.122795075479715
40-1,40.0,1000.0,4,0.1582095860711474,0.1812718164196909,1.0
40-1,40.0,1000.0,5,0.0066086693386682,0.9557476827987724,1.0
40-1,40.0,1000.0,6,-0.1156682743727529,0.3298139664918845,1.0
40-1,40.0,1000.0,7,0.0420834447272781,0.7237047590306258,1.0
40-1,40.0,1000.0,8,-0.1059370659240206,0.3723832723824685,1.0
40-1,40.0,1000.0,9,-0.030605551147701,0.7971472677644703,1.0
40-1,40.0,1000.0,10,0.2032105976111923,0.0846525781426638,1.0
40-1,40.0,1000.0,11,0.1014154903005607,0.3932474135759473,1.0
40-1,40.0,1000.0,12,-0.13037294061483,0.2716018101925322,1.0
40-1,40.0,1000.0,13,0.0207523868855319,0.8616557140580049,1.0
40-1,40.0,1000.0,14,0.0527961594209703,0.657321343003192,1.0
40-1,40.0,1000.0,15,0.0770791779321037,0.5168792579676648,1.0
40-1,40.0,1000.0,16,-0.071940565999427,0.5452879386961518,1.0
40-1,40.0,1000.0,17,-0.0924190305107171,0.4367658449046167,1.0
40-1,40.0,1000.0,19,-0.2227792151821961,0.0581644289118637,1.0
40-1,40.0,1000.0,40,0.5682205985066006,1.5751053500321546e-07,1.6665415489739484e-05
