strategy,condition,l_length,pres_rate,t_stat,p_val,dof,cohens_d,p_val_fdr
prim,10-2,10.0,2000.0,1.0144457967066707,0.3197179326687295,26,0.19523018460229355,1.0
ns,10-2,10.0,2000.0,4.069243347298404,0.0003901876067851737,26,0.7831262473202758,0.006136865354191263
rec,10-2,10.0,2000.0,3.3019627587450135,0.004839391115218742,15,0.8254906896862534,0.04349364423519212
prim,15-2,15.0,2000.0,0.5414236448433868,0.591376043426258,38,0.08669716867519274,1.0
ns,15-2,15.0,2000.0,2.88701138199202,0.007026840106086524,31,0.5103563313923258,0.055259022642697914
rec,15-2,15.0,2000.0,2.299469043900813,0.0318376568285022,21,0.490248447397204,0.1854111082360472
prim,20-2,20.0,2000.0,1.7146001742447214,0.09640109153994704,31,0.30310135255801957,0.5053983506823169
ns,20-2,20.0,2000.0,1.2446223836629193,0.23015667317790142,17,0.293360309168205,1.0
rec,20-2,20.0,2000.0,5.832925361445354,6.063133256286048e-06,23,1.190640903606688,0.00012714783613935652
prim,20-1,20.0,1000.0,0.7789341718045776,0.444316875139785,22,0.16241900242286428,1.0
ns,20-1,20.0,1000.0,3.1443344258752584,0.004709824523341239,22,0.6556390504108681,0.04349364423519212
rec,20-1,20.0,1000.0,3.6081625014225813,0.001480146932530585,23,0.7365130864607923,0.01862378460289851
prim,30-1,30.0,1000.0,2.7467492571688616,0.011231763505541238,24,0.5493498514337724,0.07851245472121544
ns,30-1,30.0,1000.0,1.1870969450956594,0.24844477673914858,21,0.2530899190779513,1.0
rec,30-1,30.0,1000.0,5.605517797877701,5.3173974113953545e-06,28,1.0409185231343827,0.00012714783613935652
prim,40-1,40.0,1000.0,2.265222229053365,0.032418679431780666,25,0.44424662879104826,0.1854111082360472
ns,40-1,40.0,1000.0,1.5036693107822985,0.1491074338275614,19,0.33623067945894775,0.7215875951397674
rec,40-1,40.0,1000.0,7.8417894281814196,2.5672359874246477e-08,26,1.5091530790963015,1.6150981028911516e-06
