subject,strategy,condition,l_length,pres_rate,fwd,bwd,asym
A10HW8JXM17XLD,rec,10-2,10.0,2000.0,0.24534313725490195,0.27700786711371156,-0.0316647298588096
A12K1ADYMRSWMJ,prim,10-2,10.0,2000.0,0.8884011519881085,0.03229166666666666,0.8561094853214418
A14E4ISXVJVY6F,prim,10-2,10.0,2000.0,0.9965277777777778,0.0,0.9965277777777778
A169XTOCOMO1MV,ns,10-2,10.0,2000.0,0.4884326018808778,0.23928571428571427,0.24914688759516346
A18NXRDHQ0ZSOY,ns,10-2,10.0,2000.0,0.4014117826617827,0.2819525904203324,0.1194591922414503
A1969Q0R4Y0E3J,rec,10-2,10.0,2000.0,0.37533783783783786,0.14351673101673101,0.23182110682110685
A1AKL5YH9NLD2V,ns,10-2,10.0,2000.0,0.8331759906759907,0.13354166666666667,0.699634324009324
A1ARWNTZHGFG8Y,prim,10-2,10.0,2000.0,0.46014884262937655,0.115625,0.3445238426293765
A1F0R1MSPTXHHV,ns,10-2,10.0,2000.0,0.34656593406593406,0.08869047619047618,0.25787545787545785
A1GRPIBHW72HDU,rec,10-2,10.0,2000.0,0.3968531468531469,0.33631431204960616,0.06053883480354068
A1I9RLJQ0BYN21,prim,10-2,10.0,2000.0,0.5226550079491257,0.10869565217391304,0.4139593557752126
A1NG504QI5LI62,prim,10-2,10.0,2000.0,0.9061451014832163,0.0,0.9061451014832163
A1NQ2A0UDW719R,prim,10-2,10.0,2000.0,0.7027205531041848,0.022727272727272728,0.6799932803769121
A1P00XZZG7EEEM,prim,10-2,10.0,2000.0,0.597985347985348,0.0,0.597985347985348
A1RFDB2WUV7QRO,ns,10-2,10.0,2000.0,0.5480392156862746,0.165,0.3830392156862745
A1V2H0UF94ATWY,ns,10-2,10.0,2000.0,0.6380860974610975,0.22707792207792207,0.41100817538317536
A1W7T8V97ZPUH0,ns,10-2,10.0,2000.0,0.468230076293777,0.1028409090909091,0.3653891672028679
A1WJIRT360P5VB,rec,10-2,10.0,2000.0,0.7943181818181818,0.36054421768707484,0.43377396413110697
A1WPGNK8Y65BV3,ns,10-2,10.0,2000.0,0.48289634146341465,0.20146107646107647,0.2814352650023382
A1XMGLCK09Z0DW,ns,10-2,10.0,2000.0,0.11202090592334495,0.11801470588235294,-0.005993799959007996
A1YA2FCN3KEK36,prim,10-2,10.0,2000.0,0.7473711965406318,0.02976190476190476,0.717609291778727
A20GD3EBBTBYY2,rec,10-2,10.0,2000.0,0.6133333811890225,0.22018716577540107,0.3931462154136214
A24BRTWG07T53Z,prim,10-2,10.0,2000.0,0.4317140296979007,0.17700026581605527,0.2547137638818454
A27QXQ22F9ODSP,prim,10-2,10.0,2000.0,0.6819923978460564,0.12154150197628458,0.5604508958697718
A27T2Z568L69U1,prim,10-2,10.0,2000.0,0.7575413640032285,0.010869565217391304,0.7466717987858371
A282UM3NAIM0YO,ns,10-2,10.0,2000.0,0.3802191881394468,0.13274198568316214,0.2474772024562846
A2BREH6STESM0G,rec,10-2,10.0,2000.0,0.29197184772275514,0.2930337206652996,-0.0010618729425444437
A2FLBMZ38IZ2SQ,prim,10-2,10.0,2000.0,0.8824810606060606,0.019230769230769232,0.8632502913752913
A2FM1N5AOMVTGL,prim,10-2,10.0,2000.0,0.7003107444596807,0.2621703853955375,0.4381403590641431
A2FYFCD16Z3PCC,rec,10-2,10.0,2000.0,0.6839707530642724,0.3342838455296324,0.34968690753463993
A2H8PEGI28NKZD,ns,10-2,10.0,2000.0,0.6151247684428462,0.24059586247086248,0.3745289059719838
A2I6ZALE49CVSC,prim,10-2,10.0,2000.0,0.612473526977938,0.21741053064582477,0.3950629963321132
A2KPEUCEE2M05G,prim,10-2,10.0,2000.0,0.4111111111111111,0.16333333333333333,0.24777777777777776
A2LJ1FRUYGW469,ns,10-2,10.0,2000.0,0.7354402124110059,0.09870689655172414,0.6367333158592817
A2M183CETUMR96,rec,10-2,10.0,2000.0,0.7607174156482789,0.18061885927739588,0.580098556370883
A2MUOD1JHWJ735,ns,10-2,10.0,2000.0,0.6393294605977985,0.25025062656641606,0.38907883403138244
A2NXMRPHG86N2T,ns,10-2,10.0,2000.0,0.5429532191402043,0.25498765939942414,0.2879655597407802
A2PQDK3MLDFXYM,rec,10-2,10.0,2000.0,0.6279659019484601,0.32656218402426695,0.3014037179241932
A2QRJKXTK4JDD8,ns,10-2,10.0,2000.0,0.7244435612082671,0.45238095238095233,0.27206260882731476
A2R970Q1Q2A6DJ,prim,10-2,10.0,2000.0,0.5746643905611297,0.0,0.5746643905611297
A2VIKZ73Y5ABHM,ns,10-2,10.0,2000.0,0.6303942064254767,0.27110149110149107,0.3592927153239856
A2WYZLG8J526TQ,prim,10-2,10.0,2000.0,0.7298780487804878,0.10606060606060606,0.6238174427198817
A33X52IN60MSOE,rec,10-2,10.0,2000.0,0.3090659340659341,0.17424242424242425,0.13482350982350985
A348NEQKS6VNIB,rec,10-2,10.0,2000.0,0.43833501434737826,0.2568127608825283,0.18152225346484993
A349BBTU7L597J,ns,10-2,10.0,2000.0,0.41963298139768734,0.14285714285714285,0.27677583854054444
A3C8JI69WPTKWH,rec,10-2,10.0,2000.0,0.47516398242082136,0.32047707648922874,0.15468690593159262
A3CE7DTHIB76UK,ns,10-2,10.0,2000.0,0.5190217186184928,0.1698442222738898,0.349177496344603
A3G55RJTW3BSGM,ns,10-2,10.0,2000.0,0.5110825435235599,0.23323534085491818,0.2778472026686417
A3GC5Q5CLI4NWZ,prim,10-2,10.0,2000.0,0.921576432977508,0.0,0.921576432977508
A3J55BJGV95JKH,ns,10-2,10.0,2000.0,0.7479636214180574,0.20586124401913874,0.5421023773989186
A3MJQ51KN9CMQ4,prim,10-2,10.0,2000.0,0.5437855304240511,0.1556513409961686,0.3881341894278825
A3MOL1L9V4BUGH,ns,10-2,10.0,2000.0,0.4818062239986948,0.23892651888341543,0.2428797051152794
A3NAONPCTVT6P1,ns,10-2,10.0,2000.0,0.44237717631548334,0.39540284475950355,0.04697433155597981
A3PJY7THMUIR4M,ns,10-2,10.0,2000.0,0.37222222222222223,0.23128205128205126,0.14094017094017094
A3VV3MW68CALXS,prim,10-2,10.0,2000.0,0.937037037037037,0.022727272727272728,0.9143097643097643
A489K1IFOM4JW,prim,10-2,10.0,2000.0,0.7957312912792707,0.0,0.7957312912792707
A49HPQ9P5AHU4,ns,10-2,10.0,2000.0,0.7069099378881987,0.10721062618595825,0.5996993117022404
A55MEA9LQASZH,rec,10-2,10.0,2000.0,0.6737935977066412,0.1354066985645933,0.5383868991420478
A5P12YJP805RG,ns,10-2,10.0,2000.0,0.48446275946275946,0.1996732026143791,0.28478955684838037
A5TWD5QD99GZY,rec,10-2,10.0,2000.0,0.5773317935796939,0.3423965419501134,0.2349352516295805
A63UHNWYOV5LE,ns,10-2,10.0,2000.0,0.4870813397129186,0.08888888888888889,0.39819245082402976
AEP8U373W5Q54,prim,10-2,10.0,2000.0,0.9291394114463967,0.041666666666666664,0.88747274477973
AK2PMO5I7OCEK,prim,10-2,10.0,2000.0,0.717579816017316,0.11822887257669867,0.5993509434406173
AKNU5D6QK7M72,prim,10-2,10.0,2000.0,0.7069858904336312,0.010416666666666666,0.6965692237669646
AO5FQ7GY8DTR8,prim,10-2,10.0,2000.0,1.0,0.0,1.0
ARIWYNIH12MLF,rec,10-2,10.0,2000.0,0.4331847545219638,0.3655192034139403,0.06766555110802355
AS4FVWL91C6HR,prim,10-2,10.0,2000.0,0.6346941116066546,0.2431818181818182,0.3915122934248364
AWJKR5GA7BS7V,ns,10-2,10.0,2000.0,0.5531640773020083,0.10101540616246499,0.4521486711395434
AZ69TBTDH7AZS,rec,10-2,10.0,2000.0,0.7574404761904762,0.2159072249589491,0.5415332512315271
AZ8NNCT4AODDN,prim,10-2,10.0,2000.0,0.8386123680241326,0.03333333333333333,0.8052790346907994
A10JXOU89D5RXR,ns,20-1,20.0,1000.0,0.3064588453305851,0.11862527716186252,0.18783356816872254
A111FTKAAJ5UMC,prim,20-1,20.0,1000.0,0.5801969596532793,0.05422077922077922,0.5259761804325
A11EZAV2HRYKD5,prim,20-1,20.0,1000.0,0.8217678287920407,0.005813953488372093,0.8159538753036686
A157L6Z8QU3SDE,rec,20-1,20.0,1000.0,0.48965034383318545,0.19016290726817042,0.29948743656501503
A16GIPTDMJAFTK,ns,20-1,20.0,1000.0,0.24056550075171879,0.2853490314369975,-0.04478353068527874
A17R7WX5B0CKK6,rec,20-1,20.0,1000.0,0.26311288385657916,0.2582017770876467,0.004911106768932506
A17WB66BXX4R0J,prim,20-1,20.0,1000.0,0.45805746242158835,0.012195121951219513,0.4458623404703689
A19QRXLWV5GKXN,rec,20-1,20.0,1000.0,0.2727086405657834,0.04421387790953008,0.22849476265625335
A1CKIYN01NV9GJ,ns,20-1,20.0,1000.0,0.3731684981684982,0.17435897435897435,0.19880952380952382
A1HLDOM6JTYYI2,prim,20-1,20.0,1000.0,0.44128728414442703,0.15960020371785077,0.2816870804265762
A1HR8IRDC07FO9,prim,20-1,20.0,1000.0,0.43551071817832276,0.021875,0.4136357181783228
A1J6CZ176U6GDT,rec,20-1,20.0,1000.0,0.2231973871899245,0.32565789473684215,-0.1024605075469176
A1J9VZ372FV2QZ,rec,20-1,20.0,1000.0,0.18903355416513312,0.3451044867715182,-0.1560709326063851
A1JI19KPIVNL3Y,ns,20-1,20.0,1000.0,0.3399560625165398,0.16810897435897434,0.17184708815756544
A1KH9VI2D0V43B,prim,20-1,20.0,1000.0,0.6140197156427055,0.04700854700854701,0.5670111686341585
A1LJ4WAEDGELVL,rec,20-1,20.0,1000.0,0.2746376811594203,0.2595112898236932,0.015126391335727102
A1OOCYEFLAJD98,ns,20-1,20.0,1000.0,0.598799904605618,0.12554204048769266,0.47325786411792536
A1OW27AZS122X2,ns,20-1,20.0,1000.0,0.23179976851851852,0.08855845690952073,0.14324131160899778
A1R5JNC2LO6X1S,prim,20-1,20.0,1000.0,0.8531941760728741,0.03767650834403081,0.8155176677288433
A1SUTNVLSFPXFK,ns,20-1,20.0,1000.0,0.37267736486486486,0.33576066790352505,0.03691669696133984
A1V91Z2CQKMR55,rec,20-1,20.0,1000.0,0.4302662037037037,0.1650719378660555,0.26519426583764816
A1YFL5HXPZ7MVV,ns,20-1,20.0,1000.0,0.12495341614906832,0.1829806455092496,-0.0580272293601813
A22UMPYYQBXT0F,rec,20-1,20.0,1000.0,0.37724243474243474,0.2804601362596214,0.09678229848281338
A26M997VYVK0E6,prim,20-1,20.0,1000.0,0.25740426577718506,0.4595986568784817,-0.20219439110129667
A277V4SHQB8JRS,rec,20-1,20.0,1000.0,0.6536050065322881,0.12812332386920094,0.5254816826630873
A2E5PV1BHNG67N,ns,20-1,20.0,1000.0,0.23414634146341465,0.03225806451612903,0.20188827694728562
A2FQVRBXJZQAWT,prim,20-1,20.0,1000.0,0.6738990332975295,0.025,0.6488990332975295
A2GM1ZIBRBHBK7,ns,20-1,20.0,1000.0,0.28083949096880134,0.036518458393458395,0.2443210325753429
A2ONILC0LZKG6Y,rec,20-1,20.0,1000.0,0.26568048751147344,0.21716512488612932,0.048515362625344116
A2QX1SJXQN1NV1,prim,20-1,20.0,1000.0,0.25279931093884583,0.05448717948717949,0.19831213145166635
A2QY653X9531JP,ns,20-1,20.0,1000.0,0.0899582560296846,0.09647883067224257,-0.006520574642557973
A2RBF3IIJP15IH,rec,20-1,20.0,1000.0,0.5816666666666667,0.06363795518207283,0.5180287114845938
A2RWLFIP23FZA7,prim,20-1,20.0,1000.0,0.3425576184379001,0.050636304909560725,0.2919213135283394
A2SBZCFAVT83GN,rec,20-1,20.0,1000.0,0.2488483508384006,0.1311677125630614,0.11768063827533919
A2SQGKP2REXOTN,prim,20-1,20.0,1000.0,0.49992223400494873,0.0,0.49992223400494873
A2SQTRNQWDLU4F,ns,20-1,20.0,1000.0,0.3374125874125874,0.013888888888888888,0.3235236985236985
A2SWQM5X54P1O5,ns,20-1,20.0,1000.0,0.41279989228358793,0.06937088274044796,0.34342900954314
A2TG5ESEOPXAHI,prim,20-1,20.0,1000.0,0.5784228881425988,0.05731951871657754,0.5211033694260212
A2V6E7SGEU0EFD,ns,20-1,20.0,1000.0,0.5587200622577981,0.13900135811900519,0.4197187041387929
A2VXT33Y2TQPOQ,prim,20-1,20.0,1000.0,0.6338642925512719,0.005208333333333333,0.6286559592179385
A2XDWB9NVYI3LQ,rec,20-1,20.0,1000.0,0.24603534698816004,0.10693003270704626,0.13910531428111378
A3026HLELYNW7U,rec,20-1,20.0,1000.0,0.30096504205174746,0.13653524621532942,0.164429795836418
A351P2O6QGTCS,rec,20-1,20.0,1000.0,0.29379038902848426,0.266000666000666,0.027789723027818264
A39R5EBK7W916X,ns,20-1,20.0,1000.0,0.27106227106227104,0.07352941176470588,0.19753285929756514
A3D9PJ37U7LCHE,ns,20-1,20.0,1000.0,0.29379985754985755,0.017857142857142856,0.2759427146927147
A3EVXSWHYA1PTT,rec,20-1,20.0,1000.0,0.5420122180451128,0.21070702109338044,0.3313051969517324
A3GIUDSA1IGTFV,ns,20-1,20.0,1000.0,0.49272788770505666,0.04112388250319285,0.4516040052018638
A3HXK0UGS1YDMC,prim,20-1,20.0,1000.0,0.28398255303881437,0.08339709030953271,0.20058546272928168
A3ITZNJQUTIZ4C,rec,20-1,20.0,1000.0,0.22416666666666668,0.1985539488320356,0.025612717834631066
A3MHP4LZ3V88NF,prim,20-1,20.0,1000.0,0.5262787410044958,0.11005660617244062,0.4162221348320551
A3NRIEMOJVVX4A,rec,20-1,20.0,1000.0,0.3492063492063492,0.2426424696585987,0.10656387954775048
A3PEV3KN6F7JRG,ns,20-1,20.0,1000.0,0.28584558823529416,0.0,0.28584558823529416
A3QKOYP52HYRH2,rec,20-1,20.0,1000.0,0.3088065671072189,0.1328057459823452,0.1760008211248737
A3RFOODI4G4P4K,rec,20-1,20.0,1000.0,0.23152224599517227,0.26443994601889337,-0.0329177000237211
A3RHJEMZ4EGY2U,rec,20-1,20.0,1000.0,0.16422518363771144,0.12694613821138212,0.037279045426329316
A3S76P3L3USWI1,prim,20-1,20.0,1000.0,0.441866048927408,0.0,0.441866048927408
A3USPFFWN1G5PF,rec,20-1,20.0,1000.0,0.16738863587846012,0.15601183517748235,0.011376800700977768
A50UY1556VDIA,ns,20-1,20.0,1000.0,0.17233154442456766,0.08836996336996336,0.0839615810546043
A7R1OLLU1Z6RA,rec,20-1,20.0,1000.0,0.38396956437292934,0.22216344513791794,0.1618061192350114
AEJU0MCYOQC77,prim,20-1,20.0,1000.0,0.3654027161489848,0.08485123681024044,0.2805514793387443
AHU3EE2Q05E18,prim,20-1,20.0,1000.0,0.37255016761420734,0.044407277574800036,0.32814289003940733
AJD90361AJO80,ns,20-1,20.0,1000.0,0.18054634045200083,0.08737373737373737,0.09317260307826347
AK52RXEJKR81A,ns,20-1,20.0,1000.0,0.24786349940438654,0.16883902546334487,0.07902447394104163
AMJAZPJBO936R,prim,20-1,20.0,1000.0,0.4463888137328087,0.24181818181818182,0.2045706319146269
AOQZVAH5FSKGE,prim,20-1,20.0,1000.0,0.3766335110746514,0.016968325791855206,0.3596651852827961
AQCJI23U1VBYD,prim,20-1,20.0,1000.0,0.6843052966865923,0.04110373181530677,0.6432015648712857
AQPFTUIJ0PW2N,prim,20-1,20.0,1000.0,0.18852813852813852,0.0,0.18852813852813852
AXFCUZ1WQC2WY,ns,20-1,20.0,1000.0,0.35168269230769234,0.05157962604771116,0.3001030662599812
AY7M9MOLNXIIK,ns,20-1,20.0,1000.0,0.3153764320785597,0.07485119047619047,0.24052524160236927
AZZA3J049G7R5,rec,20-1,20.0,1000.0,0.5005411255411255,0.3157894736842105,0.18475165185691503
A102RSV009OCUW,prim,15-2,15.0,2000.0,0.7647231142566149,0.016666666666666666,0.7480564475899483
A11BHGAKU0RIH8,rec,15-2,15.0,2000.0,0.3940476190476191,0.43678160919540227,-0.042733990147783216
A13GBA16BNTN1A,rec,15-2,15.0,2000.0,0.1754755918709407,0.24462455436720143,-0.06914896249626071
A13THDIE8LTQ11,ns,15-2,15.0,2000.0,0.35805681693839586,0.2751310006761325,0.08292581626226336
A150QX2OXHGK8P,rec,15-2,15.0,2000.0,0.26130368814192345,0.12854251012145748,0.13276117802046594
A151XA53WYXVD7,prim,15-2,15.0,2000.0,0.6255232664055486,0.16101280500100826,0.4645104614045403
A1618RA11ZOD8Y,rec,15-2,15.0,2000.0,0.34965473948524795,0.28364680520570346,0.06600793427954449
A19X8IA9EKC3XH,ns,15-2,15.0,2000.0,0.6126094273804233,0.16898148148148148,0.44362794589894194
A1CFMY4CEYOM8Y,rec,15-2,15.0,2000.0,0.3598861283643892,0.15245098039215688,0.2074351479722324
A1E0K2VGY2684V,ns,15-2,15.0,2000.0,0.39386404734506,0.15323886639676115,0.24062518094829885
A1NQOR4RQJJDMW,ns,15-2,15.0,2000.0,0.755320442369079,0.43990616409769295,0.31541427827138613
A1PZIN8H1VI6SY,prim,15-2,15.0,2000.0,0.7449082476305707,0.022762345679012346,0.7221459019515583
A1QRIZY9WJW3R1,prim,15-2,15.0,2000.0,0.6933170995670996,0.0,0.6933170995670996
A1QXJZFA5NVGM3,prim,15-2,15.0,2000.0,0.8935705368289637,0.041666666666666664,0.8519038701622971
A1ROEDVMTO9Y3X,ns,15-2,15.0,2000.0,0.6750819217584191,0.36055113458572474,0.31453078717269434
A1SCF3L6LTFQHF,prim,15-2,15.0,2000.0,0.9136105324836324,0.03128623188405797,0.8823243005995745
A1T7EB1WEDCMXV,ns,15-2,15.0,2000.0,0.5332904982844173,0.12077294685990338,0.4125175514245139
A1TR2AOKWGQ78A,ns,15-2,15.0,2000.0,0.33214285714285713,0.1990552871712292,0.13308756997162796
A1UOP419O6P55R,prim,15-2,15.0,2000.0,0.928899046726051,0.013888888888888888,0.9150101578371621
A1WM3INNDW2776,ns,15-2,15.0,2000.0,0.2577380952380952,0.19141360809979624,0.06632448713829897
A1Z82Y9E6YWY80,ns,15-2,15.0,2000.0,0.3892557651991614,0.3368055555555555,0.052450209643605875
A2113B699TVADG,prim,15-2,15.0,2000.0,0.8128756722556153,0.0,0.8128756722556153
A219SZBLCCCXN9,prim,15-2,15.0,2000.0,0.4849566181248328,0.1145124716553288,0.37044414646950397
A22GYYJXTS5KBH,ns,15-2,15.0,2000.0,0.5806171229900042,0.12578068264342776,0.45483644034657655
A22Y78RVB8UFTD,ns,15-2,15.0,2000.0,0.4302995391705069,0.060123784261715295,0.3701757549087916
A233LLG8YAXWF,rec,15-2,15.0,2000.0,0.4181770092460882,0.17140444015444015,0.24677256909164805
A24GX1OZE6AY04,ns,15-2,15.0,2000.0,0.5678941982476643,0.22730340334482033,0.34059079490284394
A26MT7KJ7NJLRN,ns,15-2,15.0,2000.0,0.17806342632955535,0.08720589890802657,0.0908575274215288
A26T0U2Y6LZOF3,rec,15-2,15.0,2000.0,0.4208924949290061,0.2659090909090909,0.15498340401991517
A29J4LL0MQL3AC,prim,15-2,15.0,2000.0,0.7665910212980207,0.02685185185185185,0.7397391694461689
A2G4R0GS677RC2,rec,15-2,15.0,2000.0,0.05,0.5013736263736264,-0.4513736263736264
A2IV3SSVTU90BN,ns,15-2,15.0,2000.0,0.27951998184299676,0.16482805842970177,0.11469192341329498
A2KZN3UH5NGC9,rec,15-2,15.0,2000.0,0.4195899885555058,0.2099085299181322,0.2096814586373736
A2MBFIAGBPU5NG,prim,15-2,15.0,2000.0,0.4501711831911591,0.07756410256410257,0.3726070806270565
A2O86E23R5T4YO,prim,15-2,15.0,2000.0,0.8448661400043889,0.04583333333333334,0.7990328066710555
A2PTABUVOUYAH5,ns,15-2,15.0,2000.0,0.6074563616184038,0.10931140618640618,0.4981449554319976
A2R75YFKVALBXE,rec,15-2,15.0,2000.0,0.24862579281183933,0.24000000000000002,0.008625792811839297
A2RU1Q3C9VHBAO,prim,15-2,15.0,2000.0,0.5362040133779264,0.14234496124031007,0.39385905213761635
A2RVG8Y97DE0GM,prim,15-2,15.0,2000.0,0.9454537529991582,0.0125,0.9329537529991583
A2UJ9GDNVPX99C,prim,15-2,15.0,2000.0,0.6804446010860484,0.0,0.6804446010860484
A2UYZFH5VT5R3H,rec,15-2,15.0,2000.0,0.1778553265370403,0.3095568783068783,-0.131701551769838
A2Y8LZS5C81O25,prim,15-2,15.0,2000.0,0.4816994725039267,0.0078125,0.4738869725039267
A30NL5N71G2YAU,ns,15-2,15.0,2000.0,0.47077087149329994,0.25164761728514734,0.2191232542081526
A310Y949ILSN3P,prim,15-2,15.0,2000.0,0.869780633828436,0.0519124785114774,0.8178681553169586
A31P78W9ZCQXCS,ns,15-2,15.0,2000.0,0.4304239200515796,0.06340579710144928,0.3670181229501303
A347RDI3HZOUCY,prim,15-2,15.0,2000.0,0.754303909389025,0.0,0.754303909389025
A34HQHGLIW1FYS,ns,15-2,15.0,2000.0,0.5059040344901,0.14661678594664931,0.35928724854345073
A34IPEKX5WXJIN,prim,15-2,15.0,2000.0,0.5202068975297087,0.1661227661227661,0.3540841314069426
A34YNEN8UUI3CD,ns,15-2,15.0,2000.0,0.47250518770043387,0.09477678571428572,0.3777284019861482
A35VI4SE31HD17,prim,15-2,15.0,2000.0,0.5977690669763841,0.0125,0.585269066976384
A36S0DI86PL4J6,prim,15-2,15.0,2000.0,0.8962733776425168,0.0,0.8962733776425168
A384KX8MUIJSTJ,ns,15-2,15.0,2000.0,0.5364270174897647,0.11160714285714285,0.42481987463262194
A38DHLB88V8DL8,rec,15-2,15.0,2000.0,0.4691605804204575,0.4467302699037347,0.0224303105167228
A3AWQ3AACIPXM2,ns,15-2,15.0,2000.0,0.55,0.2857142857142857,0.2642857142857143
A3BA2WMGN6KHUU,ns,15-2,15.0,2000.0,0.6697432521395655,0.14,0.5297432521395655
A3BN69Q9D7RQGR,ns,15-2,15.0,2000.0,0.2892676767676768,0.11285024154589371,0.17641743522178305
A3C25IBTLB60RQ,prim,15-2,15.0,2000.0,0.810124049619848,0.06724137931034482,0.7428826703095032
A3FOKP72T5I4FR,ns,15-2,15.0,2000.0,0.34441707717569786,0.16230936819172115,0.1821077089839767
A3HBB9JT9WVZS4,ns,15-2,15.0,2000.0,0.3664814849136333,0.25326709631220906,0.11321438860142424
A3HOPYBWSR1TWR,prim,15-2,15.0,2000.0,0.5927939817769592,0.008620689655172414,0.5841732921217868
A3IBDJ12CRTQQN,prim,15-2,15.0,2000.0,0.7563772806419865,0.0,0.7563772806419865
A3IHTJXHWPQ2JR,rec,15-2,15.0,2000.0,0.243774262066945,0.5615243449058019,-0.317750082838857
A3MWLHSW9B9RHU,prim,15-2,15.0,2000.0,0.9558944783153014,0.02232142857142857,0.9335730497438728
A3ORKXM3WG8QJ9,prim,15-2,15.0,2000.0,0.8953672435626847,0.0,0.8953672435626847
A3P52W1SBJUT5N,ns,15-2,15.0,2000.0,0.2861247947454844,0.16357294891640867,0.12255184582907572
A3U27ZHUGOPIAN,prim,15-2,15.0,2000.0,0.466952537593985,0.1225071225071225,0.34444541508686244
A3UA50A6GKNAMR,prim,15-2,15.0,2000.0,0.5361187992335533,0.14015500628403854,0.3959637929495148
A3UE8ANAIM7F15,ns,15-2,15.0,2000.0,0.3898840893406111,0.10962651727357609,0.280257572067035
A3UGB3B1S74HR9,prim,15-2,15.0,2000.0,0.6011910027168762,0.0078125,0.5933785027168762
A3UUW04QL49RSC,prim,15-2,15.0,2000.0,0.7183522727272728,0.0,0.7183522727272728
A6HDSE80LQPR8,rec,15-2,15.0,2000.0,0.3833333333333333,0.16602316602316602,0.2173101673101673
AAOOH6P4HHSCS,prim,15-2,15.0,2000.0,0.7105527497194164,0.017857142857142856,0.6926956068622735
ADGJXUEMPLTMS,prim,15-2,15.0,2000.0,0.38468359597391855,0.03553921568627451,0.34914438028764405
AEF1G6YE8RIB8,prim,15-2,15.0,2000.0,0.6381758918323807,0.07065217391304347,0.5675237179193372
AERGHZBQFT309,ns,15-2,15.0,2000.0,0.5092513211281905,0.13103145773099067,0.3782198633971998
AESZJEZTZEW01,ns,15-2,15.0,2000.0,0.5206349206349207,0.09316770186335403,0.4274672187715666
AEX1I7K7OVHHC,rec,15-2,15.0,2000.0,0.20921590486807876,0.4913978494623656,-0.2821819445942868
AEXRVIK8SKB4V,prim,15-2,15.0,2000.0,0.6324728260869565,0.0,0.6324728260869565
AF0W4ZBY7VXOU,rec,15-2,15.0,2000.0,0.36091628066112225,0.14160423925667828,0.21931204140444394
AFZGUWYLC0NG0,ns,15-2,15.0,2000.0,0.4017413162150004,0.061234817813765184,0.34050649840123526
AGANKP4PUZ4NC,prim,15-2,15.0,2000.0,0.3459076898118105,0.0375,0.30840768981181055
AHY3YAYJLTW32,rec,15-2,15.0,2000.0,0.34578334306595176,0.19393015521064302,0.1518531878553087
AL9SYQEUTNJXT,prim,15-2,15.0,2000.0,0.7935147180762853,0.125,0.6685147180762853
ALDQRWYZ8KQ9A,rec,15-2,15.0,2000.0,0.49318410462776663,0.257599503766301,0.23558460086146565
AM65LGXJBTJ0I,ns,15-2,15.0,2000.0,0.5015299740909497,0.18815905667238064,0.31337091741856904
AOIR8V07FYMH5,rec,15-2,15.0,2000.0,0.2090137575602692,0.28381004156866224,-0.07479628400839307
AR0VJ5XRG16UJ,rec,15-2,15.0,2000.0,0.3966509680795395,0.3378561736770692,0.05879479440247032
AU5UJIZ3TLI5M,rec,15-2,15.0,2000.0,0.47569709702062646,0.20403061224489794,0.2716664847757285
AW2UVK63OLFW,ns,15-2,15.0,2000.0,0.3530739149019744,0.1943287037037037,0.15874521119827067
AW5O1RK3W60FC,rec,15-2,15.0,2000.0,0.4066925801241511,0.18861465040561678,0.2180779297185343
AWRY5SC68T0DC,prim,15-2,15.0,2000.0,0.6838622069754146,0.009259259259259259,0.6746029477161553
AWTCGY2CL1T68,prim,15-2,15.0,2000.0,0.7597355856587542,0.0239010989010989,0.7358344867576553
AXSBX0MCQNG3A,prim,15-2,15.0,2000.0,0.7705575459023735,0.0,0.7705575459023735
A14WLAP6TCEKO0,rec,30-1,30.0,1000.0,0.29923694424841213,0.12085380835380835,0.17838313589460378
A15V9BXNJXZXZX,ns,30-1,30.0,1000.0,0.20437036197813402,0.10398594331910255,0.10038441865903147
A16335MOISDG1F,rec,30-1,30.0,1000.0,0.4948682598039216,0.09031007300403852,0.40455818679988303
A17FJLW818UEQU,rec,30-1,30.0,1000.0,0.17537199142364301,0.06078930998181644,0.1145826814418266
A186PT9ZLO5EJD,prim,30-1,30.0,1000.0,0.6437254901960785,0.0,0.6437254901960785
A1AS1H21O9896X,ns,30-1,30.0,1000.0,0.2344601711652403,0.025523088023088024,0.20893708314215229
A1AYTKAQT201ZV,prim,30-1,30.0,1000.0,0.43558371427326087,0.013598270524180634,0.42198544374908026
A1EII5EWOTBDK9,rec,30-1,30.0,1000.0,0.1229222788672286,0.08984892300681774,0.033073355860410866
A1F9KLZGHE9DTA,rec,30-1,30.0,1000.0,0.25998622589531684,0.14558479665805343,0.11440142923726337
A1IGKJ200N82S9,rec,30-1,30.0,1000.0,0.21781280479924278,0.081527398975102,0.13628540582414078
A1KGUJMWDCPSYG,rec,30-1,30.0,1000.0,0.18111470826617126,0.06804799604156359,0.11306671222460768
A1M1E62KXCDNL0,ns,30-1,30.0,1000.0,0.09663187855787476,0.09394041013759323,0.0026914684202815307
A1MG8KNVSVZ365,prim,30-1,30.0,1000.0,0.34004226670886745,0.04617279876808007,0.2938694679407874
A1MKEILXWWLBW2,rec,30-1,30.0,1000.0,0.49233051328639565,0.14591165413533835,0.3464188591510573
A1O67YS3DU0ZHX,rec,30-1,30.0,1000.0,0.5706107774750733,0.19510366542018626,0.37550711205488707
A1Q0G8JA5EZ8EI,rec,30-1,30.0,1000.0,0.20116833964127037,0.21898742920292857,-0.017819089561658202
A1SLJKNSNHOJRN,rec,30-1,30.0,1000.0,0.3119405656999642,0.22256164887743835,0.08937891682252584
A1T2P6E67251U5,prim,30-1,30.0,1000.0,0.6090213368306231,0.02418707606711527,0.5848342607635079
A1U4WS9KJMADV,rec,30-1,30.0,1000.0,0.11864912714097496,0.08668730650154799,0.03196182063942697
A1X4T3QSIE8YYX,prim,30-1,30.0,1000.0,0.590974291073596,0.020949469519870527,0.5700248215537255
A225J5T6WHO2MG,prim,30-1,30.0,1000.0,0.4032269907657604,0.0,0.4032269907657604
A23KDD6OPM4NJ0,prim,30-1,30.0,1000.0,0.39634646962233167,0.010416666666666666,0.38592980295566504
A25Y3D2Y2DR8WM,prim,30-1,30.0,1000.0,0.39022715202747726,0.07964540049913367,0.3105817515283436
A26XKTGGGYBI4J,prim,30-1,30.0,1000.0,0.3410416072088104,0.017605311355311355,0.32343629585349903
A28OD52SMLYQ16,rec,30-1,30.0,1000.0,0.139033797039415,0.1792701321342595,-0.04023633509484447
A28TA25NJGLL3Y,prim,30-1,30.0,1000.0,0.3793172267950085,0.036217948717948714,0.3430992780770598
A28ZPY6D5AS7GZ,ns,30-1,30.0,1000.0,0.4764328808446456,0.13809523809523808,0.3383376427494074
A2ASRB2MTHDHPD,prim,30-1,30.0,1000.0,0.8050707171196402,0.0,0.8050707171196402
A2BUHMLNE3LUU0,ns,30-1,30.0,1000.0,0.10516542787429614,0.11165223665223664,-0.006486808777940514
A2E2SLXF4KQ3S1,prim,30-1,30.0,1000.0,0.6970028073286052,0.0037313432835820895,0.693271464045023
A2FJIZUHR6E4EZ,prim,30-1,30.0,1000.0,0.6212335346874599,0.134107027724049,0.48712650696341087
A2G2T6EMXAOKMS,rec,30-1,30.0,1000.0,0.42415690597583944,0.08866321648276536,0.33549368949307407
A2GRA6N98ZPIQ1,prim,30-1,30.0,1000.0,0.6670698682072576,0.029709507042253523,0.637360361165004
A2IKLJWU2OJ1YX,prim,30-1,30.0,1000.0,0.33325289575289574,0.013623188405797102,0.31962970734709867
A2K5AXCSY703CU,ns,30-1,30.0,1000.0,0.22358674463937622,0.014084507042253521,0.2095022375971227
A2MV1R6YYOIO30,prim,30-1,30.0,1000.0,0.28347741123476417,0.058226495726495735,0.22525091550826845
A2NU82V08QSPCC,prim,30-1,30.0,1000.0,0.027444849748132705,0.007620769826918109,0.0198240799212146
A2NY0VWEWDULC6,rec,30-1,30.0,1000.0,0.11162916779615072,0.12278610507923271,-0.011156937283081987
A2OFVEA8BEJDZN,ns,30-1,30.0,1000.0,0.2283922171018945,0.09498081841432225,0.13341139868757226
A2P83PY6P7ECM5,ns,30-1,30.0,1000.0,0.5080136402387042,0.09860012172854533,0.40941351851015884
A2PUL3ZDXOW0VZ,rec,30-1,30.0,1000.0,0.18827168548578851,0.10982856029612313,0.07844312518966538
A2ROI30AQITC3V,ns,30-1,30.0,1000.0,0.06282005283929679,0.0658367792796474,-0.0030167264403506196
A2VZN8J53Y5WYR,prim,30-1,30.0,1000.0,0.7204088701704476,0.008547632963179428,0.7118612372072682
A2XMRJKCNKLL4E,ns,30-1,30.0,1000.0,0.222222937480688,0.05567681720600386,0.16654612027468413
A2Y0VM8BAF0RMT,ns,30-1,30.0,1000.0,0.15488883378791635,0.021505376344086023,0.13338345744383034
A2ZGAH6NOSU2PO,rec,30-1,30.0,1000.0,0.15546811945117028,0.2330357142857143,-0.07756759483454398
A30DHHAL100LZR,ns,30-1,30.0,1000.0,0.5682772277227723,0.04898550724637681,0.5192917204763954
A31SZFE8M7YK0S,ns,30-1,30.0,1000.0,0.13490460157126824,0.1329055022161518,0.0019990993551164404
A34DYM8J0X5VK,rec,30-1,30.0,1000.0,0.29601410931141003,0.1191198030154575,0.1768943062959525
A36IB78C6MVA3,prim,30-1,30.0,1000.0,0.4883879781420765,0.011111111111111112,0.4772768670309654
A389Y151TAJ4XG,ns,30-1,30.0,1000.0,0.28653530377668307,0.27054940673361727,0.015985897043065814
A3AY0315YWWNXY,rec,30-1,30.0,1000.0,0.5261808095924325,0.23590486904349833,0.29027594054893413
A3EUH97BRHRSI6,rec,30-1,30.0,1000.0,0.16672756956556206,0.09707602339181286,0.06965154617374922
A3I97794CB5SUO,rec,30-1,30.0,1000.0,0.343019962003171,0.0803618358098388,0.2626581261933322
A3RVHUY67SVXQV,ns,30-1,30.0,1000.0,0.5185323561866583,0.11030561082249488,0.40822674536416337
A3TX84QHD321M7,prim,30-1,30.0,1000.0,0.4311484053381815,0.01874430709173715,0.4124040982464443
A3UCN8EJI08X2P,ns,30-1,30.0,1000.0,0.10979659434715613,0.10518735594955107,0.0046092383976050685
A3UQ5DF8VVD975,rec,30-1,30.0,1000.0,0.46022158269534874,0.14465916455956762,0.3155624181357811
A3V71NT2X4HD1I,prim,30-1,30.0,1000.0,0.42848134550545103,0.010893851411092791,0.41758749409435825
A51TGVVYJF7T0,prim,30-1,30.0,1000.0,0.3454173150523615,0.06727272499366992,0.27814459005869163
A7USTT4KU1ZBO,ns,30-1,30.0,1000.0,0.13825486948551963,0.005434782608695652,0.132820086876824
AB5WBMZGLX57B,ns,30-1,30.0,1000.0,0.10826231454664492,0.06297556955451691,0.045286744992127995
ACBROX4H8BSW3,rec,30-1,30.0,1000.0,0.1897767332549941,0.23842550891731218,-0.04864877566231807
ADJ9I7ZBFYFH7,rec,30-1,30.0,1000.0,0.31453634085213034,0.15018315018315018,0.16435319066898016
AGILQEFEPEK7N,ns,30-1,30.0,1000.0,0.3988364576599871,0.08855725171514645,0.3102792059448406
AH7HACNNRSIPO,ns,30-1,30.0,1000.0,0.22160694636192046,0.050793650793650794,0.17081329556826969
AIDU49N2KO05N,ns,30-1,30.0,1000.0,0.3163758728298819,0.2715390407784986,0.04483683205138326
AJUVX0E4OPTAO,prim,30-1,30.0,1000.0,0.3751554771809835,0.0,0.3751554771809835
AK3GAHRZ6M6WM,rec,30-1,30.0,1000.0,0.2563497822931785,0.034447821681864235,0.2219019606113143
AKE4AYF86KJVU,rec,30-1,30.0,1000.0,0.3001600592390066,0.16313289801545675,0.13702716122354988
AKNBC1TE88NDO,rec,30-1,30.0,1000.0,0.08642715979672501,0.08039693441479157,0.006030225381933454
AKX4H8RT7BL7H,rec,30-1,30.0,1000.0,0.23523480416355938,0.23943959448042804,-0.004204790316868638
AOYDGVOZUIHII,prim,30-1,30.0,1000.0,0.4497898584466381,0.025078775415436662,0.4247110830312014
AP4B1GJIT3HYF,ns,30-1,30.0,1000.0,0.144243535988819,0.1017917267917268,0.042451809197092225
AXFH1DT8PR0K2,prim,30-1,30.0,1000.0,0.43527777777777776,0.018867924528301886,0.4164098532494759
AXFP50XOZD2NI,rec,30-1,30.0,1000.0,0.06759316182879146,0.13123878645594747,-0.06364562462715602
A12LX24NC3FP2U,ns,20-2,20.0,2000.0,0.33602150537634407,0.055228758169934646,0.28079274720640945
A161VPQSXLLV8U,ns,20-2,20.0,2000.0,0.6264017369739471,0.1091183574879227,0.5172833794860243
A166P9BSWIFF32,prim,20-2,20.0,2000.0,0.70625,0.0,0.70625
A17IPELR5NC2LZ,prim,20-2,20.0,2000.0,0.6027896834348447,0.009259259259259259,0.5935304241755854
A17TMQWTCJVOV5,rec,20-2,20.0,2000.0,0.12267126404592711,0.1893665405112243,-0.06669527646529719
A1CB9NR3SN4VMY,prim,20-2,20.0,2000.0,0.5544173088815946,0.21406795196514286,0.34034935691645174
A1FM638CHGPC1M,ns,20-2,20.0,2000.0,0.6284376038551014,0.10738636363636364,0.5210512402187377
A1HENLDLQEO5BZ,prim,20-2,20.0,2000.0,0.9385647933714167,0.0,0.9385647933714167
A1J39RAV7TKEMF,ns,20-2,20.0,2000.0,0.27413174658835215,0.10029761904761905,0.17383412754073313
A1JL3HCA0MK9UI,prim,20-2,20.0,2000.0,0.4525219298245614,0.0,0.4525219298245614
A1L5A88C9PPK5L,prim,20-2,20.0,2000.0,0.8620489690721649,0.04327731092436975,0.8187716581477952
A1LA6CIGBNDOH9,rec,20-2,20.0,2000.0,0.35333646037031163,0.1607471264367816,0.19258933393353006
A1MD74JPL7E9PK,prim,20-2,20.0,2000.0,0.44958985383061983,0.053496732026143794,0.3960931218044761
A1O0K8V58YRL4A,ns,20-2,20.0,2000.0,0.14821428571428572,0.16089006778661952,-0.012675782072333802
A1PTX4IB9R34LI,rec,20-2,20.0,2000.0,0.14593785859029762,0.111588689529866,0.03434916906043161
A1S2EXYEG5I8HW,rec,20-2,20.0,2000.0,0.5023809523809524,0.1978114478114478,0.30456950456950455
A1SJLXB0XFCJ97,prim,20-2,20.0,2000.0,0.5155269957234497,0.046875,0.46865199572344973
A1TPGXT718D68E,rec,20-2,20.0,2000.0,0.24327005278025574,0.23939711595351051,0.0038729368267452075
A1TVWMWE03AWAW,rec,20-2,20.0,2000.0,0.25394413552308287,0.23214285714285715,0.021801278380225733
A1VEOI1H4AE1T3,prim,20-2,20.0,2000.0,0.9218087572866984,0.17454165128583732,0.7472671060008611
A1WT2CM71Z9MP3,prim,20-2,20.0,2000.0,0.34366305304864625,0.1142156862745098,0.22944736677413646
A20YXCVKHSTSPC,prim,20-2,20.0,2000.0,0.8677419354838709,0.043557168784029036,0.824184766699842
A2147HO7VBGJCU,prim,20-2,20.0,2000.0,0.5685606060606061,0.03333333333333333,0.5352272727272727
A248QG4DPULP46,ns,20-2,20.0,2000.0,0.2566554772481824,0.07072686798296554,0.18592860926521687
A25S9Y5DZ9OR16,prim,20-2,20.0,2000.0,0.4501177394034537,0.007142857142857143,0.44297488226059656
A25VK411P03A5T,rec,20-2,20.0,2000.0,0.602825195008665,0.21390537380239896,0.3889198212062661
A289D98Z4GAZ28,prim,20-2,20.0,2000.0,0.19022905061040654,0.034976201632592664,0.15525284897781388
A2BTEQA95MCIHU,prim,20-2,20.0,2000.0,0.4530741869918699,0.008333333333333333,0.4447408536585366
A2E8PL8ZWIZVJ0,prim,20-2,20.0,2000.0,0.8765929383116883,0.014285714285714285,0.862307224025974
A2I6HVUDBTGD1,prim,20-2,20.0,2000.0,0.6612773526939686,0.0,0.6612773526939686
A2KHR0GTA0DBWI,rec,20-2,20.0,2000.0,0.13083642547928262,0.43430679360293634,-0.3034703681236537
A2KT30RCVX67ZS,prim,20-2,20.0,2000.0,0.8348455807758133,0.01,0.8248455807758133
A2MMGDAA7JJKIE,prim,20-2,20.0,2000.0,0.7218343745029138,0.030144288208804337,0.6916900862941094
A2MOKIEQZ0OF2M,prim,20-2,20.0,2000.0,0.6336070060207991,0.0741869918699187,0.5594200141508804
A2NZ783AY1LBPW,prim,20-2,20.0,2000.0,0.5754768524505367,0.10787469137852769,0.46760216107200897
A2NZAL7KHOR6VF,rec,20-2,20.0,2000.0,0.39817867317867317,0.13693668379082483,0.2612419893878484
A2OOS7IXSKJFFI,ns,20-2,20.0,2000.0,0.3569157392686805,0.07317073170731707,0.2837450075613634
A2P2YEHX1FXD20,rec,20-2,20.0,2000.0,0.48579688285570644,0.23193473193473194,0.25386215092097447
A2QHI85LQPJZYP,prim,20-2,20.0,2000.0,0.5474599419085541,0.06432748538011696,0.4831324565284371
A2SSY7MHPDQVUS,prim,20-2,20.0,2000.0,0.45555555555555555,0.0,0.45555555555555555
A2UX2W49R55PH4,prim,20-2,20.0,2000.0,0.1884708428826076,0.08819444444444444,0.10027639843816315
A2VIKCIM9TZL22,rec,20-2,20.0,2000.0,0.33869047619047615,0.2967121090617482,0.04197836712872799
A2XGHLVP2C1FVA,ns,20-2,20.0,2000.0,0.35945601413605954,0.08322067335616574,0.2762353407798938
A2XVLOZY7FJCC2,rec,20-2,20.0,2000.0,0.12373966525509175,0.11004923312478551,0.013690432130306233
A2ZVBFH732LYXQ,prim,20-2,20.0,2000.0,0.9724943142751362,0.0,0.9724943142751362
A304UJAE051J89,rec,20-2,20.0,2000.0,0.3241639256080822,0.32869914871193645,-0.004535223103854222
A312HQ3OU0EYTB,rec,20-2,20.0,2000.0,0.23142135642135642,0.2278310554003373,0.0035903010210191397
A35S8HPY0V445,ns,20-2,20.0,2000.0,0.2897003822003822,0.08835227272727272,0.2013481094731095
A37GOI3N77WX21,ns,20-2,20.0,2000.0,0.231847490888702,0.19023361758260549,0.041613873306096505
A389UA2GRCJ6,prim,20-2,20.0,2000.0,0.3696657183499289,0.0,0.3696657183499289
A3A7XOKH39SYOI,prim,20-2,20.0,2000.0,0.6143931790810554,0.016993087557603686,0.5974000915234517
A3B0CMCBWAND7,rec,20-2,20.0,2000.0,0.5769125810696129,0.16138718566413388,0.41552539540547895
A3C4WGE4SOGM1,ns,20-2,20.0,2000.0,0.5220361603545528,0.048692057468148545,0.4733441028864042
A3CKVVGWBS4NGU,prim,20-2,20.0,2000.0,0.7122273120546825,0.01207590569292697,0.7001514063617555
A3GDVKIN7ZGUG9,rec,20-2,20.0,2000.0,0.23169398907103825,0.17314814814814816,0.0585458409228901
A3HE29W5IDR394,rec,20-2,20.0,2000.0,0.18092979758874406,0.178845925494133,0.0020838720946110487
A3I1SGVY37KR4A,ns,20-2,20.0,2000.0,0.3194444444444444,0.057233704292527825,0.26221074015191664
A3J5HRXH4F64SP,ns,20-2,20.0,2000.0,0.21250000000000002,0.0797275641025641,0.13277243589743593
A3LVLZS8S41ZD7,rec,20-2,20.0,2000.0,0.3345357327713694,0.11734688504266819,0.21718884772870123
A3LXARU55PR281,ns,20-2,20.0,2000.0,0.4538179996917861,0.16976549026853904,0.28405250942324706
A3TR3KIRG5PCZ8,prim,20-2,20.0,2000.0,0.4233944822300987,0.005813953488372093,0.4175805287417266
A3U2A632YWEX7B,prim,20-2,20.0,2000.0,0.7772399985847054,0.03137065637065637,0.745869342214049
A3U69MNO1JC7V4,rec,20-2,20.0,2000.0,0.26400865083549424,0.40104684460421414,-0.1370381937687199
A3UMHUWJKRGKNR,rec,20-2,20.0,2000.0,0.23388773388773387,0.1824635446953544,0.051424189192379496
A3VW5PI9ZX9DOD,ns,20-2,20.0,2000.0,0.5661375661375662,0.05316091954022989,0.5129766465973362
A4HWADFPGP45G,ns,20-2,20.0,2000.0,0.5766385400313971,0.04776422764227642,0.5288743123891207
AFRKVRPZ2RHY8,rec,20-2,20.0,2000.0,0.17063492063492064,0.3254625121713729,-0.1548275915364523
AHZCC2V399WUN,ns,20-2,20.0,2000.0,0.4065655839800709,0.04896103896103896,0.35760454501903194
AJABAPM32ETMN,rec,20-2,20.0,2000.0,0.31011414227526757,0.10523920523920523,0.20487493703606233
AK1EF4NACR1UJ,prim,20-2,20.0,2000.0,0.7440935427052606,0.1578270388615216,0.5862665038437389
AKIT35WR8HEQ3,prim,20-2,20.0,2000.0,0.47841719683824946,0.04549632352941177,0.4329208733088377
AP9WIQ4P78XLH,rec,20-2,20.0,2000.0,0.3042872237108816,0.14610114898322196,0.15818607472765966
AR9AU5FY1S3RO,rec,20-2,20.0,2000.0,0.4354263565891473,0.28716525232371526,0.148261104265432
AXCDKBG1R43GE,ns,20-2,20.0,2000.0,0.2099109224109224,0.18900137230175804,0.020909550109164378
A102WSFN62OS6I,ns,40-1,40.0,1000.0,0.23233575941306409,0.07998150716597319,0.1523542522470909
A13WTEQ06V3B6D,rec,40-1,40.0,1000.0,0.1955,0.10858462164954955,0.08691537835045046
A178HXQENEAI65,rec,40-1,40.0,1000.0,0.12492671891007713,0.2371741898471218,-0.11224747093704468
A1BLHM2IDH7DH4,prim,40-1,40.0,1000.0,0.38940171294465775,0.009452241307080018,0.3799494716375777
A1DJB12ZI46GPX,prim,40-1,40.0,1000.0,0.27441615652855994,0.015822784810126583,0.25859337171843333
A1DZMZTXWOM9MR,rec,40-1,40.0,1000.0,0.2588083141488714,0.2133769063180828,0.04543140783078864
A1EU59VMI8GL4K,rec,40-1,40.0,1000.0,0.11649844720496894,0.07713981332828562,0.03935863387668333
A1F0VEHWK3IAF4,ns,40-1,40.0,1000.0,0.15604232077446364,0.03141339869281046,0.12462892208165319
A1HGWCCIWP7AO0,ns,40-1,40.0,1000.0,0.14870078112545831,0.08171057655593737,0.06699020456952094
A1IL5P5H5VRW0D,prim,40-1,40.0,1000.0,0.242092803030303,0.00641025641025641,0.23568254662004662
A1J5OW12TRQSOW,ns,40-1,40.0,1000.0,0.23534813825346468,0.09475236573675802,0.14059577251670669
A1KCSGTT6Y26LH,prim,40-1,40.0,1000.0,0.3202997503349166,0.0,0.3202997503349166
A1RQ8PX7A0CH3C,rec,40-1,40.0,1000.0,0.07237554112554112,0.09564682646557142,-0.02327128534003029
A1RY1N37JYUHBU,prim,40-1,40.0,1000.0,0.45040985548448237,0.029657477025898077,0.42075237845858426
A1S54RQW9FDK0X,ns,40-1,40.0,1000.0,0.1681724318417996,0.08811803343053344,0.08005439841126619
A1TG34GJ1WTN0C,prim,40-1,40.0,1000.0,0.09296939619520264,0.016003787878787878,0.07696560831641477
A1UH6A625GF5MD,prim,40-1,40.0,1000.0,0.3336463012491682,0.006984540882845967,0.3266617603663223
A1VHK9OFD7H8ZH,rec,40-1,40.0,1000.0,0.3098669411484057,0.16712135353072075,0.1427455876176849
A1ZLLYRW6GIVC7,rec,40-1,40.0,1000.0,0.385074679943101,0.16879949318973708,0.21627518675336393
A20GJP9C5KC2ZU,ns,40-1,40.0,1000.0,0.2394419306184012,0.0,0.2394419306184012
A23W5HVE02LM0E,prim,40-1,40.0,1000.0,0.351184969774684,0.05195806352143077,0.2992269062532532
A2541C8MY0BYV3,rec,40-1,40.0,1000.0,0.2685538361652909,0.1263206845238095,0.14223315164148137
A271830PNYAI2G,rec,40-1,40.0,1000.0,0.08906525573192241,0.07650399946225718,0.012561256269665222
A29JQ7VMQ1HKYP,ns,40-1,40.0,1000.0,0.12219187382744838,0.021500128538834797,0.10069174528861358
A2GUPBBFPPSXYR,prim,40-1,40.0,1000.0,0.3507369221958051,0.035307840551286246,0.3154290816445189
A2HRUFTA09371Y,rec,40-1,40.0,1000.0,0.1840359799833912,0.12070256838007853,0.06333341160331266
A2IK3H6MQ1QV6E,rec,40-1,40.0,1000.0,0.11112858141160029,0.06739580632111776,0.043732775090482526
A2L7RTYO4UMYDH,ns,40-1,40.0,1000.0,0.22688949111713339,0.13162878787878787,0.09526070323834551
A2LI1OIR4BVJRW,prim,40-1,40.0,1000.0,0.3690491595648465,0.016628226261816724,0.3524209333030298
A2NEFRREWF33YP,rec,40-1,40.0,1000.0,0.21285977201928077,0.05704534946912489,0.15581442255015587
A2P8V5SKYLL5I4,rec,40-1,40.0,1000.0,0.2247692036645525,0.10319931391359963,0.12156988975095287
A2PSU15S8ZI3V5,prim,40-1,40.0,1000.0,0.4284443602888407,0.017018417999653562,0.41142594228918716
A2QUSCZS3RXGXE,ns,40-1,40.0,1000.0,0.23913556267684039,0.013071467149574278,0.22606409552726614
A2TUYGXQ15U6GO,prim,40-1,40.0,1000.0,0.4048304569604165,0.01092896174863388,0.3939014952117826
A2UEVNT8VQD1SA,ns,40-1,40.0,1000.0,0.13340945013427957,0.06379662291237162,0.06961282722190795
A2VR9O234UCT9T,rec,40-1,40.0,1000.0,0.36128712237583205,0.05252177068214804,0.308765351693684
A2WCPERU8X385N,prim,40-1,40.0,1000.0,0.3292239199934541,0.024299384825700616,0.3049245351677535
A33GZS6SU4O20M,ns,40-1,40.0,1000.0,0.10698930498554697,0.0466241892220183,0.060365115763528654
A38I0E8UK53ME5,rec,40-1,40.0,1000.0,0.2490984180398755,0.1203003003003003,0.1287981177395752
A3BZH91MITQA5X,ns,40-1,40.0,1000.0,0.4548217653164839,0.017632120796156486,0.4371896445203274
A3NX66U9RAY2GQ,prim,40-1,40.0,1000.0,0.3785944864573897,0.008928571428571428,0.3696659150288183
A3O40YLW6MYU8C,prim,40-1,40.0,1000.0,0.44412434747314583,0.04778765920070268,0.39633668827244317
A3S2AUQWI7XWT4,prim,40-1,40.0,1000.0,0.5995280258584709,0.017153882829727636,0.5823741430287432
A3SA9LY6RXKFOI,prim,40-1,40.0,1000.0,0.33813945468310036,0.039171122994652405,0.29896833168844794
A3SLT6KVF0NXPH,prim,40-1,40.0,1000.0,0.33468546934725485,0.02493185662457768,0.30975361272267715
A3TNSJSXI464IT,ns,40-1,40.0,1000.0,0.1773431087947217,0.013776388328627135,0.16356672046609455
A3TUJBPLJGTI5,rec,40-1,40.0,1000.0,0.606111111111111,0.02598752598752599,0.5801235851235851
A3VL1CBZ3BGQK7,ns,40-1,40.0,1000.0,0.32895299145299145,0.09203747072599532,0.23691552072699612
A47VA451RDBV3,prim,40-1,40.0,1000.0,0.39485448162342585,0.01585432974559687,0.379000151877829
A92KVBM20ZTU4,rec,40-1,40.0,1000.0,0.15914637911686608,0.1291000567896262,0.03004632232723989
AAF1SJ9FCBF75,rec,40-1,40.0,1000.0,0.22986572890025575,0.07467323134634547,0.1551924975539103
AAVFHZA708CSP,ns,40-1,40.0,1000.0,0.28527764863473537,0.12761650072245997,0.1576611479122754
ADL9KYXZGHUFO,ns,40-1,40.0,1000.0,0.25227272727272726,0.009615384615384616,0.24265734265734265
AFLRBB974KS6D,ns,40-1,40.0,1000.0,0.5552497546297496,0.08468356537082947,0.47056618925892013
AGB6853RIDWJ8,ns,40-1,40.0,1000.0,0.1642534094460069,0.18443459626699127,-0.020181186820984395
AGLFNO1XKM8O8,rec,40-1,40.0,1000.0,0.1403337483789609,0.18073406478578893,-0.040400316406828014
AH2C0LKV36ATT,prim,40-1,40.0,1000.0,0.3782257350607872,0.01363600995953937,0.3645897251012479
AKJN72HW14WTR,rec,40-1,40.0,1000.0,0.22193390412257746,0.1341802739030041,0.08775363021957336
AMIQGW2E3WYO4,rec,40-1,40.0,1000.0,0.10461697229499087,0.09246174341268218,0.012155228882308695
ANCTZADQC3D75,ns,40-1,40.0,1000.0,0.44061533071526415,0.05910852713178294,0.3815068035834812
AOQKJGXZ8QQD0,prim,40-1,40.0,1000.0,0.21717949079617035,0.01293103448275862,0.20424845631341174
AP3BTOBN8Y9EJ,rec,40-1,40.0,1000.0,0.05208302236021136,0.048685466696041714,0.00339755566416965
AQSYWZJVVMCGJ,prim,40-1,40.0,1000.0,0.4112748493929792,0.017916821990631937,0.39335802740234727
AR1IWBDA7MC86,rec,40-1,40.0,1000.0,0.22800977160348482,0.14349632982517244,0.08451344177831237
AR3MFFPQ39IXF,rec,40-1,40.0,1000.0,0.17009378207828907,0.15843253968253967,0.011661242395749385
ARL0T0MU9A65G,prim,40-1,40.0,1000.0,0.38019263070172654,0.03780898876404495,0.3423836419376816
ASVRLMDNQBUD9,rec,40-1,40.0,1000.0,0.4017451014031561,0.08535771826139128,0.31638738314176484
ATRRW34VN38IX,rec,40-1,40.0,1000.0,0.19654088050314467,0.1921875,0.004353380503144655
AVSVIOR38JDM6,prim,40-1,40.0,1000.0,0.5889120708613889,0.015081823641277149,0.5738302472201117
AW0MG225VXWCN,rec,40-1,40.0,1000.0,0.2518851533699046,0.09574109465413813,0.15614405871576645
AW4PTI9P13WUB,prim,40-1,40.0,1000.0,0.38294454088794627,0.04693166225789307,0.3360128786300532
AXFCUZW85XUK1,ns,40-1,40.0,1000.0,0.4424820784036172,0.09694616977225673,0.34553590863136047
AYF9WH3AQIT86,prim,40-1,40.0,1000.0,0.22964769108280253,0.008333333333333333,0.22131435774946923
