subject,strategy,condition,l_length,pres_rate,eli_rate,pli_rate
A10HW8JXM17XLD,rec,10-2,10.0,2000.0,0.08333333333333333,0.0
A12K1ADYMRSWMJ,prim,10-2,10.0,2000.0,2.89375,0.21279761904761904
A14E4ISXVJVY6F,prim,10-2,10.0,2000.0,1.2818181818181817,0.07142857142857142
A169XTOCOMO1MV,ns,10-2,10.0,2000.0,1.5034722222222223,0.1857142857142857
A18NXRDHQ0ZSOY,ns,10-2,10.0,2000.0,2.7642857142857142,0.25
A1969Q0R4Y0E3J,rec,10-2,10.0,2000.0,0.20378787878787877,0.0
A1AKL5YH9NLD2V,ns,10-2,10.0,2000.0,0.275,0.0
A1ARWNTZHGFG8Y,prim,10-2,10.0,2000.0,1.3585858585858586,0.07142857142857142
A1F0R1MSPTXHHV,ns,10-2,10.0,2000.0,1.5334325396825397,0.08333333333333333
A1GRPIBHW72HDU,rec,10-2,10.0,2000.0,0.10606060606060605,0.03125
A1I9RLJQ0BYN21,prim,10-2,10.0,2000.0,0.8068181818181819,0.14285714285714285
A1NG504QI5LI62,prim,10-2,10.0,2000.0,1.741765873015873,0.09166666666666667
A1NQ2A0UDW719R,prim,10-2,10.0,2000.0,2.8785714285714286,0.20833333333333331
A1P00XZZG7EEEM,prim,10-2,10.0,2000.0,2.4444444444444446,0.0
A1RFDB2WUV7QRO,ns,10-2,10.0,2000.0,0.5416666666666666,0.0625
A1V2H0UF94ATWY,ns,10-2,10.0,2000.0,0.509469696969697,0.0625
A1W7T8V97ZPUH0,ns,10-2,10.0,2000.0,3.0625,0.1625
A1WJIRT360P5VB,rec,10-2,10.0,2000.0,0.20833333333333331,0.0
A1WPGNK8Y65BV3,ns,10-2,10.0,2000.0,0.3181818181818182,0.03125
A1XMGLCK09Z0DW,ns,10-2,10.0,2000.0,1.9918831168831168,0.24642857142857144
A1YA2FCN3KEK36,prim,10-2,10.0,2000.0,1.63125,0.11309523809523808
A20GD3EBBTBYY2,rec,10-2,10.0,2000.0,1.836111111111111,0.09166666666666667
A24BRTWG07T53Z,prim,10-2,10.0,2000.0,0.7973484848484849,0.10267857142857142
A27QXQ22F9ODSP,prim,10-2,10.0,2000.0,1.9284722222222224,0.14166666666666666
A27T2Z568L69U1,prim,10-2,10.0,2000.0,1.2430555555555556,0.09166666666666667
A282UM3NAIM0YO,ns,10-2,10.0,2000.0,1.8166666666666667,0.13541666666666666
A2BREH6STESM0G,rec,10-2,10.0,2000.0,1.0493055555555555,0.1607142857142857
A2FLBMZ38IZ2SQ,prim,10-2,10.0,2000.0,0.9641414141414142,0.10714285714285714
A2FM1N5AOMVTGL,prim,10-2,10.0,2000.0,2.8914141414141414,0.1875
A2FYFCD16Z3PCC,rec,10-2,10.0,2000.0,0.5757575757575758,0.09375
A2H8PEGI28NKZD,ns,10-2,10.0,2000.0,0.3352272727272727,0.03571428571428571
A2I6ZALE49CVSC,prim,10-2,10.0,2000.0,0.28219696969696967,0.07142857142857142
A2KPEUCEE2M05G,prim,10-2,10.0,2000.0,0.16666666666666666,0.0625
A2LJ1FRUYGW469,ns,10-2,10.0,2000.0,0.8886363636363637,0.03125
A2M183CETUMR96,rec,10-2,10.0,2000.0,0.25757575757575757,0.0625
A2MUOD1JHWJ735,ns,10-2,10.0,2000.0,0.44507575757575757,0.0625
A2NXMRPHG86N2T,ns,10-2,10.0,2000.0,0.5833333333333333,0.15625
A2PQDK3MLDFXYM,rec,10-2,10.0,2000.0,0.5208333333333334,0.23958333333333331
A2QRJKXTK4JDD8,ns,10-2,10.0,2000.0,2.7598214285714286,0.2738095238095238
A2R970Q1Q2A6DJ,prim,10-2,10.0,2000.0,1.2142857142857142,0.08333333333333333
A2VIKZ73Y5ABHM,ns,10-2,10.0,2000.0,2.6136363636363638,6.611607142857143
A2WYZLG8J526TQ,prim,10-2,10.0,2000.0,1.575,0.08333333333333333
A33X52IN60MSOE,rec,10-2,10.0,2000.0,0.20833333333333331,0.0625
A348NEQKS6VNIB,rec,10-2,10.0,2000.0,0.47537878787878785,0.23660714285714285
A349BBTU7L597J,ns,10-2,10.0,2000.0,1.54375,0.1125
A3C8JI69WPTKWH,rec,10-2,10.0,2000.0,0.3125,0.125
A3CE7DTHIB76UK,ns,10-2,10.0,2000.0,2.299404761904762,0.09375
A3G55RJTW3BSGM,ns,10-2,10.0,2000.0,0.16856060606060605,0.03125
A3GC5Q5CLI4NWZ,prim,10-2,10.0,2000.0,0.7859848484848485,0.10267857142857142
A3J55BJGV95JKH,ns,10-2,10.0,2000.0,0.025,0.0
A3MJQ51KN9CMQ4,prim,10-2,10.0,2000.0,2.747159090909091,0.3
A3MOL1L9V4BUGH,ns,10-2,10.0,2000.0,1.2354166666666666,0.0625
A3NAONPCTVT6P1,ns,10-2,10.0,2000.0,1.088888888888889,0.0
A3PJY7THMUIR4M,ns,10-2,10.0,2000.0,0.734006734006734,0.041666666666666664
A3VV3MW68CALXS,prim,10-2,10.0,2000.0,4.75,0.3333333333333333
A489K1IFOM4JW,prim,10-2,10.0,2000.0,1.3304924242424243,0.03571428571428571
A49HPQ9P5AHU4,ns,10-2,10.0,2000.0,0.125,0.0
A55MEA9LQASZH,rec,10-2,10.0,2000.0,3.0770833333333334,0.2625
A5P12YJP805RG,ns,10-2,10.0,2000.0,0.2159090909090909,0.0625
A5TWD5QD99GZY,rec,10-2,10.0,2000.0,0.10416666666666666,0.03125
A63UHNWYOV5LE,ns,10-2,10.0,2000.0,0.3246753246753247,0.06666666666666667
AEP8U373W5Q54,prim,10-2,10.0,2000.0,1.7107142857142859,0.0
AK2PMO5I7OCEK,prim,10-2,10.0,2000.0,1.4777777777777779,0.1845238095238095
AKNU5D6QK7M72,prim,10-2,10.0,2000.0,1.0369318181818181,0.07738095238095238
AO5FQ7GY8DTR8,prim,10-2,10.0,2000.0,3.9,0.5
ARIWYNIH12MLF,rec,10-2,10.0,2000.0,1.4916666666666667,0.0
AS4FVWL91C6HR,prim,10-2,10.0,2000.0,0.9738636363636364,0.07142857142857142
AWJKR5GA7BS7V,ns,10-2,10.0,2000.0,2.2474747474747474,0.23809523809523808
AZ69TBTDH7AZS,rec,10-2,10.0,2000.0,0.08333333333333333,0.03125
AZ8NNCT4AODDN,prim,10-2,10.0,2000.0,2.3482142857142856,0.16666666666666666
A10JXOU89D5RXR,ns,20-1,20.0,1000.0,0.6799242424242424,0.3794642857142857
A111FTKAAJ5UMC,prim,20-1,20.0,1000.0,1.0977272727272727,0.21875
A11EZAV2HRYKD5,prim,20-1,20.0,1000.0,2.0277777777777777,0.40625
A157L6Z8QU3SDE,rec,20-1,20.0,1000.0,0.4166666666666667,0.1875
A16GIPTDMJAFTK,ns,20-1,20.0,1000.0,0.6606060606060606,0.1845238095238095
A17R7WX5B0CKK6,rec,20-1,20.0,1000.0,1.9770833333333333,0.4583333333333333
A17WB66BXX4R0J,prim,20-1,20.0,1000.0,1.3568181818181817,0.125
A19QRXLWV5GKXN,rec,20-1,20.0,1000.0,1.6922348484848486,0.5848214285714286
A1CKIYN01NV9GJ,ns,20-1,20.0,1000.0,0.4583333333333333,0.1875
A1HLDOM6JTYYI2,prim,20-1,20.0,1000.0,0.4810606060606061,0.16517857142857142
A1HR8IRDC07FO9,prim,20-1,20.0,1000.0,1.7428571428571429,0.5238095238095238
A1J6CZ176U6GDT,rec,20-1,20.0,1000.0,2.721753246753247,0.17291666666666666
A1J9VZ372FV2QZ,rec,20-1,20.0,1000.0,1.3774891774891775,0.16904761904761906
A1JI19KPIVNL3Y,ns,20-1,20.0,1000.0,0.0625,0.0
A1KH9VI2D0V43B,prim,20-1,20.0,1000.0,3.0634199134199136,0.4226190476190476
A1LJ4WAEDGELVL,rec,20-1,20.0,1000.0,0.08333333333333333,0.1875
A1OOCYEFLAJD98,ns,20-1,20.0,1000.0,0.23295454545454544,0.125
A1OW27AZS122X2,ns,20-1,20.0,1000.0,0.32045454545454544,0.09821428571428571
A1R5JNC2LO6X1S,prim,20-1,20.0,1000.0,3.475,0.37797619047619047
A1SUTNVLSFPXFK,ns,20-1,20.0,1000.0,5.288888888888889,0.375
A1V91Z2CQKMR55,rec,20-1,20.0,1000.0,0.37689393939393934,0.0
A1YFL5HXPZ7MVV,ns,20-1,20.0,1000.0,0.4888888888888889,0.07738095238095238
A22UMPYYQBXT0F,rec,20-1,20.0,1000.0,0.17045454545454544,0.09375
A26M997VYVK0E6,prim,20-1,20.0,1000.0,0.5492424242424242,0.0
A277V4SHQB8JRS,rec,20-1,20.0,1000.0,0.6174242424242424,0.22767857142857142
A2E5PV1BHNG67N,ns,20-1,20.0,1000.0,1.692857142857143,0.08333333333333333
A2FQVRBXJZQAWT,prim,20-1,20.0,1000.0,4.288888888888889,0.9642857142857143
A2GM1ZIBRBHBK7,ns,20-1,20.0,1000.0,1.0204545454545455,0.07738095238095238
A2ONILC0LZKG6Y,rec,20-1,20.0,1000.0,0.08333333333333333,0.1875
A2QX1SJXQN1NV1,prim,20-1,20.0,1000.0,2.75,0.7
A2QY653X9531JP,ns,20-1,20.0,1000.0,0.9,0.11904761904761904
A2RBF3IIJP15IH,rec,20-1,20.0,1000.0,2.2189393939393938,0.17410714285714285
A2RWLFIP23FZA7,prim,20-1,20.0,1000.0,1.4159090909090908,0.19047619047619047
A2SBZCFAVT83GN,rec,20-1,20.0,1000.0,1.1767676767676767,0.375
A2SQGKP2REXOTN,prim,20-1,20.0,1000.0,1.0976430976430975,0.047619047619047616
A2SQTRNQWDLU4F,ns,20-1,20.0,1000.0,1.35,0.07142857142857142
A2SWQM5X54P1O5,ns,20-1,20.0,1000.0,0.303030303030303,0.03125
A2TG5ESEOPXAHI,prim,20-1,20.0,1000.0,3.2976190476190474,0.125
A2V6E7SGEU0EFD,ns,20-1,20.0,1000.0,0.4166666666666667,0.125
A2VXT33Y2TQPOQ,prim,20-1,20.0,1000.0,1.68125,0.2157738095238095
A2XDWB9NVYI3LQ,rec,20-1,20.0,1000.0,0.5214646464646465,0.03571428571428571
A3026HLELYNW7U,rec,20-1,20.0,1000.0,2.6241161616161617,0.6619047619047619
A351P2O6QGTCS,rec,20-1,20.0,1000.0,0.9015151515151515,0.5833333333333334
A39R5EBK7W916X,ns,20-1,20.0,1000.0,2.125,0.7
A3D9PJ37U7LCHE,ns,20-1,20.0,1000.0,1.2840909090909092,0.17857142857142855
A3EVXSWHYA1PTT,rec,20-1,20.0,1000.0,0.6856060606060606,0.03125
A3GIUDSA1IGTFV,ns,20-1,20.0,1000.0,2.929629629629629,0.5
A3HXK0UGS1YDMC,prim,20-1,20.0,1000.0,1.1914141414141415,0.1919642857142857
A3ITZNJQUTIZ4C,rec,20-1,20.0,1000.0,0.041666666666666664,0.0
A3MHP4LZ3V88NF,prim,20-1,20.0,1000.0,2.22979797979798,0.36160714285714285
A3NRIEMOJVVX4A,rec,20-1,20.0,1000.0,0.16856060606060608,0.125
A3PEV3KN6F7JRG,ns,20-1,20.0,1000.0,1.898989898989899,0.14583333333333331
A3QKOYP52HYRH2,rec,20-1,20.0,1000.0,2.8041666666666667,0.40773809523809523
A3RFOODI4G4P4K,rec,20-1,20.0,1000.0,1.459848484848485,0.5595238095238095
A3RHJEMZ4EGY2U,rec,20-1,20.0,1000.0,0.1875,0.09375
A3S76P3L3USWI1,prim,20-1,20.0,1000.0,2.5104166666666665,0.35416666666666663
A3USPFFWN1G5PF,rec,20-1,20.0,1000.0,0.18345959595959596,0.10416666666666666
A50UY1556VDIA,ns,20-1,20.0,1000.0,1.002209595959596,0.08333333333333333
A7R1OLLU1Z6RA,rec,20-1,20.0,1000.0,0.5397727272727273,0.34375
AEJU0MCYOQC77,prim,20-1,20.0,1000.0,1.25,0.8194444444444445
AHU3EE2Q05E18,prim,20-1,20.0,1000.0,1.6414141414141414,0.27976190476190477
AJD90361AJO80,ns,20-1,20.0,1000.0,1.219949494949495,0.1488095238095238
AK52RXEJKR81A,ns,20-1,20.0,1000.0,0.797979797979798,0.13095238095238096
AMJAZPJBO936R,prim,20-1,20.0,1000.0,0.7625,0.09375
AOQZVAH5FSKGE,prim,20-1,20.0,1000.0,2.14375,0.24047619047619045
AQCJI23U1VBYD,prim,20-1,20.0,1000.0,4.4289772727272725,0.5604166666666667
AQPFTUIJ0PW2N,prim,20-1,20.0,1000.0,2.6805555555555554,0.3666666666666667
AXFCUZ1WQC2WY,ns,20-1,20.0,1000.0,1.888888888888889,0.7857142857142857
AY7M9MOLNXIIK,ns,20-1,20.0,1000.0,2.9437229437229435,0.3645833333333333
AZZA3J049G7R5,rec,20-1,20.0,1000.0,1.9305555555555554,0.8125
A102RSV009OCUW,prim,15-2,15.0,2000.0,1.8882575757575757,0.13988095238095238
A11BHGAKU0RIH8,rec,15-2,15.0,2000.0,1.1083333333333334,0.0625
A13GBA16BNTN1A,rec,15-2,15.0,2000.0,0.6772727272727272,0.06696428571428571
A13THDIE8LTQ11,ns,15-2,15.0,2000.0,1.7914141414141413,0.17946428571428572
A150QX2OXHGK8P,rec,15-2,15.0,2000.0,1.1698232323232323,0.041666666666666664
A151XA53WYXVD7,prim,15-2,15.0,2000.0,3.15625,0.35
A1618RA11ZOD8Y,rec,15-2,15.0,2000.0,1.4722222222222223,0.05
A19X8IA9EKC3XH,ns,15-2,15.0,2000.0,0.6352272727272728,0.2113095238095238
A1CFMY4CEYOM8Y,rec,15-2,15.0,2000.0,1.0340909090909092,0.49107142857142855
A1E0K2VGY2684V,ns,15-2,15.0,2000.0,2.9995670995670998,0.44047619047619047
A1NQOR4RQJJDMW,ns,15-2,15.0,2000.0,1.5,0.09375
A1PZIN8H1VI6SY,prim,15-2,15.0,2000.0,3.25,0.31666666666666665
A1QRIZY9WJW3R1,prim,15-2,15.0,2000.0,1.897159090909091,0.1630952380952381
A1QXJZFA5NVGM3,prim,15-2,15.0,2000.0,3.2777777777777777,0.25
A1ROEDVMTO9Y3X,ns,15-2,15.0,2000.0,0.540530303030303,0.09375
A1SCF3L6LTFQHF,prim,15-2,15.0,2000.0,2.3916666666666666,0.1607142857142857
A1T7EB1WEDCMXV,ns,15-2,15.0,2000.0,0.6666666666666667,0.25
A1TR2AOKWGQ78A,ns,15-2,15.0,2000.0,1.0363636363636364,0.047619047619047616
A1UOP419O6P55R,prim,15-2,15.0,2000.0,3.1712962962962963,0.5396825396825397
A1WM3INNDW2776,ns,15-2,15.0,2000.0,1.3541666666666665,0.14583333333333331
A1Z82Y9E6YWY80,ns,15-2,15.0,2000.0,4.388888888888889,0.45416666666666666
A2113B699TVADG,prim,15-2,15.0,2000.0,1.5833333333333333,0.22916666666666666
A219SZBLCCCXN9,prim,15-2,15.0,2000.0,2.0293560606060606,0.5023809523809524
A22GYYJXTS5KBH,ns,15-2,15.0,2000.0,0.46296296296296297,0.10317460317460318
A22Y78RVB8UFTD,ns,15-2,15.0,2000.0,0.5909090909090909,0.07142857142857142
A233LLG8YAXWF,rec,15-2,15.0,2000.0,0.4166666666666667,0.59375
A24GX1OZE6AY04,ns,15-2,15.0,2000.0,0.3428030303030303,0.09375
A26MT7KJ7NJLRN,ns,15-2,15.0,2000.0,0.4166666666666667,0.15625
A26T0U2Y6LZOF3,rec,15-2,15.0,2000.0,5.466666666666667,0.125
A29J4LL0MQL3AC,prim,15-2,15.0,2000.0,1.1113636363636363,0.20535714285714285
A2G4R0GS677RC2,rec,15-2,15.0,2000.0,4.083333333333334,0.375
A2IV3SSVTU90BN,ns,15-2,15.0,2000.0,0.5708333333333333,0.03125
A2KZN3UH5NGC9,rec,15-2,15.0,2000.0,2.3181818181818183,0.32738095238095233
A2MBFIAGBPU5NG,prim,15-2,15.0,2000.0,1.1896915584415584,0.0
A2O86E23R5T4YO,prim,15-2,15.0,2000.0,3.880113636363636,0.14583333333333331
A2PTABUVOUYAH5,ns,15-2,15.0,2000.0,0.2159090909090909,0.03125
A2R75YFKVALBXE,rec,15-2,15.0,2000.0,0.16666666666666666,0.0625
A2RU1Q3C9VHBAO,prim,15-2,15.0,2000.0,0.7708333333333334,0.03571428571428571
A2RVG8Y97DE0GM,prim,15-2,15.0,2000.0,3.1657196969696972,0.2708333333333333
A2UJ9GDNVPX99C,prim,15-2,15.0,2000.0,2.6909722222222223,0.1875
A2UYZFH5VT5R3H,rec,15-2,15.0,2000.0,1.9166666666666665,0.6875
A2Y8LZS5C81O25,prim,15-2,15.0,2000.0,0.7472222222222222,0.13392857142857142
A30NL5N71G2YAU,ns,15-2,15.0,2000.0,3.0729166666666665,0.5
A310Y949ILSN3P,prim,15-2,15.0,2000.0,2.2464285714285714,0.26517857142857143
A31P78W9ZCQXCS,ns,15-2,15.0,2000.0,1.8305555555555557,0.30357142857142855
A347RDI3HZOUCY,prim,15-2,15.0,2000.0,1.7795454545454545,0.041666666666666664
A34HQHGLIW1FYS,ns,15-2,15.0,2000.0,2.886111111111111,0.625
A34IPEKX5WXJIN,prim,15-2,15.0,2000.0,0.49227994227994226,0.07738095238095238
A34YNEN8UUI3CD,ns,15-2,15.0,2000.0,0.27272727272727276,0.0
A35VI4SE31HD17,prim,15-2,15.0,2000.0,2.3055555555555554,0.125
A36S0DI86PL4J6,prim,15-2,15.0,2000.0,3.704861111111111,0.35416666666666663
A384KX8MUIJSTJ,ns,15-2,15.0,2000.0,2.409090909090909,0.08333333333333333
A38DHLB88V8DL8,rec,15-2,15.0,2000.0,0.19318181818181818,0.03125
A3AWQ3AACIPXM2,ns,15-2,15.0,2000.0,7.75,0.75
A3BA2WMGN6KHUU,ns,15-2,15.0,2000.0,5.125568181818182,0.125
A3BN69Q9D7RQGR,ns,15-2,15.0,2000.0,5.03125,0.5178571428571428
A3C25IBTLB60RQ,prim,15-2,15.0,2000.0,2.0625,0.16666666666666666
A3FOKP72T5I4FR,ns,15-2,15.0,2000.0,0.6098484848484849,0.14285714285714285
A3HBB9JT9WVZS4,ns,15-2,15.0,2000.0,4.072916666666667,0.3345238095238095
A3HOPYBWSR1TWR,prim,15-2,15.0,2000.0,1.6805555555555556,0.20238095238095238
A3IBDJ12CRTQQN,prim,15-2,15.0,2000.0,1.9579545454545455,0.22767857142857142
A3IHTJXHWPQ2JR,rec,15-2,15.0,2000.0,1.2522727272727274,0.03125
A3MWLHSW9B9RHU,prim,15-2,15.0,2000.0,4.834821428571429,0.225
A3ORKXM3WG8QJ9,prim,15-2,15.0,2000.0,1.9444444444444444,0.07142857142857142
A3P52W1SBJUT5N,ns,15-2,15.0,2000.0,0.9270833333333333,0.1125
A3U27ZHUGOPIAN,prim,15-2,15.0,2000.0,5.7875,1.0416666666666667
A3UA50A6GKNAMR,prim,15-2,15.0,2000.0,3.7698863636363633,0.4803571428571428
A3UE8ANAIM7F15,ns,15-2,15.0,2000.0,2.0520833333333335,0.09821428571428571
A3UGB3B1S74HR9,prim,15-2,15.0,2000.0,1.9851190476190477,0.35714285714285715
A3UUW04QL49RSC,prim,15-2,15.0,2000.0,1.8791666666666667,0.06696428571428571
A6HDSE80LQPR8,rec,15-2,15.0,2000.0,1.7666666666666666,0.8482142857142857
AAOOH6P4HHSCS,prim,15-2,15.0,2000.0,1.5270833333333333,0.2982142857142857
ADGJXUEMPLTMS,prim,15-2,15.0,2000.0,0.7776515151515152,0.1875
AEF1G6YE8RIB8,prim,15-2,15.0,2000.0,2.5555555555555554,0.3
AERGHZBQFT309,ns,15-2,15.0,2000.0,0.16856060606060605,0.03125
AESZJEZTZEW01,ns,15-2,15.0,2000.0,3.1625,0.22619047619047616
AEX1I7K7OVHHC,rec,15-2,15.0,2000.0,3.074074074074074,0.9682539682539683
AEXRVIK8SKB4V,prim,15-2,15.0,2000.0,2.7936507936507935,0.525
AF0W4ZBY7VXOU,rec,15-2,15.0,2000.0,0.3541666666666667,0.46875
AFZGUWYLC0NG0,ns,15-2,15.0,2000.0,1.0422077922077921,0.041666666666666664
AGANKP4PUZ4NC,prim,15-2,15.0,2000.0,0.9166666666666667,0.23958333333333331
AHY3YAYJLTW32,rec,15-2,15.0,2000.0,0.041666666666666664,0.46875
AL9SYQEUTNJXT,prim,15-2,15.0,2000.0,4.368154761904762,0.41964285714285715
ALDQRWYZ8KQ9A,rec,15-2,15.0,2000.0,0.2708333333333333,0.0625
AM65LGXJBTJ0I,ns,15-2,15.0,2000.0,0.1477272727272727,0.0625
AOIR8V07FYMH5,rec,15-2,15.0,2000.0,0.2625,0.16517857142857142
AR0VJ5XRG16UJ,rec,15-2,15.0,2000.0,1.075,0.18333333333333335
AU5UJIZ3TLI5M,rec,15-2,15.0,2000.0,0.44696969696969696,0.15625
AW2UVK63OLFW,ns,15-2,15.0,2000.0,2.0815656565656564,0.19791666666666666
AW5O1RK3W60FC,rec,15-2,15.0,2000.0,0.0890151515151515,0.09375
AWRY5SC68T0DC,prim,15-2,15.0,2000.0,2.5746392496392496,0.6369047619047619
AWTCGY2CL1T68,prim,15-2,15.0,2000.0,2.8022727272727272,0.09375
AXSBX0MCQNG3A,prim,15-2,15.0,2000.0,3.6944444444444446,0.5416666666666666
A14WLAP6TCEKO0,rec,30-1,30.0,1000.0,0.3787878787878788,0.1607142857142857
A15V9BXNJXZXZX,ns,30-1,30.0,1000.0,0.6465909090909091,0.03125
A16335MOISDG1F,rec,30-1,30.0,1000.0,0.3541666666666667,0.15625
A17FJLW818UEQU,rec,30-1,30.0,1000.0,0.5656565656565656,0.08333333333333333
A186PT9ZLO5EJD,prim,30-1,30.0,1000.0,3.6500000000000004,0.8214285714285714
A1AS1H21O9896X,ns,30-1,30.0,1000.0,1.6711309523809523,0.325
A1AYTKAQT201ZV,prim,30-1,30.0,1000.0,3.0901785714285714,1.7452380952380953
A1EII5EWOTBDK9,rec,30-1,30.0,1000.0,1.0383838383838384,0.14285714285714285
A1F9KLZGHE9DTA,rec,30-1,30.0,1000.0,0.5606060606060606,0.0625
A1IGKJ200N82S9,rec,30-1,30.0,1000.0,0.5170454545454546,0.20833333333333331
A1KGUJMWDCPSYG,rec,30-1,30.0,1000.0,4.667857142857143,1.2625
A1M1E62KXCDNL0,ns,30-1,30.0,1000.0,0.6666666666666666,0.125
A1MG8KNVSVZ365,prim,30-1,30.0,1000.0,3.3055555555555554,0.3607142857142857
A1MKEILXWWLBW2,rec,30-1,30.0,1000.0,0.3390151515151515,0.19642857142857142
A1O67YS3DU0ZHX,rec,30-1,30.0,1000.0,0.17045454545454544,0.15625
A1Q0G8JA5EZ8EI,rec,30-1,30.0,1000.0,1.1363636363636362,0.3214285714285714
A1SLJKNSNHOJRN,rec,30-1,30.0,1000.0,0.7291666666666666,0.125
A1T2P6E67251U5,prim,30-1,30.0,1000.0,2.7099747474747473,0.6458333333333333
A1U4WS9KJMADV,rec,30-1,30.0,1000.0,0.981060606060606,0.30357142857142855
A1X4T3QSIE8YYX,prim,30-1,30.0,1000.0,1.375,0.3125
A225J5T6WHO2MG,prim,30-1,30.0,1000.0,1.1321969696969698,0.2961309523809524
A23KDD6OPM4NJ0,prim,30-1,30.0,1000.0,3.912202380952381,0.7375
A25Y3D2Y2DR8WM,prim,30-1,30.0,1000.0,1.2522727272727272,0.36160714285714285
A26XKTGGGYBI4J,prim,30-1,30.0,1000.0,2.7305194805194803,0.6964285714285714
A28OD52SMLYQ16,rec,30-1,30.0,1000.0,2.443560606060606,0.7440476190476191
A28TA25NJGLL3Y,prim,30-1,30.0,1000.0,3.137896825396825,0.7711309523809523
A28ZPY6D5AS7GZ,ns,30-1,30.0,1000.0,0.5606060606060607,0.23214285714285712
A2ASRB2MTHDHPD,prim,30-1,30.0,1000.0,2.4068181818181817,0.8321428571428571
A2BUHMLNE3LUU0,ns,30-1,30.0,1000.0,0.8244318181818182,0.8023809523809524
A2E2SLXF4KQ3S1,prim,30-1,30.0,1000.0,2.256818181818182,0.5089285714285714
A2FJIZUHR6E4EZ,prim,30-1,30.0,1000.0,5.504464285714286,1.8660714285714286
A2G2T6EMXAOKMS,rec,30-1,30.0,1000.0,0.25,0.4166666666666667
A2GRA6N98ZPIQ1,prim,30-1,30.0,1000.0,2.5227272727272725,0.6428571428571428
A2IKLJWU2OJ1YX,prim,30-1,30.0,1000.0,0.7930555555555555,0.17559523809523808
A2K5AXCSY703CU,ns,30-1,30.0,1000.0,0.7685185185185185,0.1111111111111111
A2MV1R6YYOIO30,prim,30-1,30.0,1000.0,0.7095959595959597,0.21428571428571427
A2NU82V08QSPCC,prim,30-1,30.0,1000.0,0.5277777777777778,0.125
A2NY0VWEWDULC6,rec,30-1,30.0,1000.0,0.5700757575757576,0.21875
A2OFVEA8BEJDZN,ns,30-1,30.0,1000.0,1.5277777777777777,0.519047619047619
A2P83PY6P7ECM5,ns,30-1,30.0,1000.0,6.023809523809523,1.0666666666666667
A2PUL3ZDXOW0VZ,rec,30-1,30.0,1000.0,0.2556818181818182,0.3526785714285714
A2ROI30AQITC3V,ns,30-1,30.0,1000.0,1.4545454545454546,0.5797619047619048
A2VZN8J53Y5WYR,prim,30-1,30.0,1000.0,5.988095238095238,1.130952380952381
A2XMRJKCNKLL4E,ns,30-1,30.0,1000.0,1.0055555555555555,0.16666666666666666
A2Y0VM8BAF0RMT,ns,30-1,30.0,1000.0,0.6136363636363636,0.2589285714285714
A2ZGAH6NOSU2PO,rec,30-1,30.0,1000.0,0.16666666666666666,0.5
A30DHHAL100LZR,ns,30-1,30.0,1000.0,0.5,0.369047619047619
A31SZFE8M7YK0S,ns,30-1,30.0,1000.0,1.2740740740740741,0.12222222222222223
A34DYM8J0X5VK,rec,30-1,30.0,1000.0,0.34659090909090906,0.2857142857142857
A36IB78C6MVA3,prim,30-1,30.0,1000.0,3.169642857142857,0.55
A389Y151TAJ4XG,ns,30-1,30.0,1000.0,6.277777777777778,0.9541666666666666
A3AY0315YWWNXY,rec,30-1,30.0,1000.0,0.5700757575757576,0.40625
A3EUH97BRHRSI6,rec,30-1,30.0,1000.0,0.975,0.22023809523809523
A3I97794CB5SUO,rec,30-1,30.0,1000.0,0.5174242424242425,0.40922619047619047
A3RVHUY67SVXQV,ns,30-1,30.0,1000.0,0.787878787878788,0.15625
A3TX84QHD321M7,prim,30-1,30.0,1000.0,3.3095238095238093,1.1
A3UCN8EJI08X2P,ns,30-1,30.0,1000.0,0.5847222222222221,0.18154761904761904
A3UQ5DF8VVD975,rec,30-1,30.0,1000.0,0.30492424242424243,0.6205357142857143
A3V71NT2X4HD1I,prim,30-1,30.0,1000.0,1.2,0.33630952380952384
A51TGVVYJF7T0,prim,30-1,30.0,1000.0,2.638888888888889,0.4178571428571428
A7USTT4KU1ZBO,ns,30-1,30.0,1000.0,1.6940025252525253,0.35416666666666663
AB5WBMZGLX57B,ns,30-1,30.0,1000.0,6.9638888888888895,1.5863095238095237
ACBROX4H8BSW3,rec,30-1,30.0,1000.0,0.7583333333333333,0.20833333333333331
ADJ9I7ZBFYFH7,rec,30-1,30.0,1000.0,0.08333333333333333,0.5
AGILQEFEPEK7N,ns,30-1,30.0,1000.0,0.34469696969696967,0.03571428571428571
AH7HACNNRSIPO,ns,30-1,30.0,1000.0,0.7651515151515151,0.19642857142857142
AIDU49N2KO05N,ns,30-1,30.0,1000.0,5.9981060606060606,1.4732142857142856
AJUVX0E4OPTAO,prim,30-1,30.0,1000.0,2.1626984126984126,0.41250000000000003
AK3GAHRZ6M6WM,rec,30-1,30.0,1000.0,4.055555555555555,1.1
AKE4AYF86KJVU,rec,30-1,30.0,1000.0,1.6446969696969698,0.6785714285714286
AKNBC1TE88NDO,rec,30-1,30.0,1000.0,0.24053030303030304,0.03125
AKX4H8RT7BL7H,rec,30-1,30.0,1000.0,0.8333333333333334,0.5
AOYDGVOZUIHII,prim,30-1,30.0,1000.0,2.3892045454545454,0.5
AP4B1GJIT3HYF,ns,30-1,30.0,1000.0,1.1888888888888889,0.20238095238095238
AXFH1DT8PR0K2,prim,30-1,30.0,1000.0,3.561111111111111,0.4642857142857143
AXFP50XOZD2NI,rec,30-1,30.0,1000.0,0.40340909090909094,0.21726190476190477
A12LX24NC3FP2U,ns,20-2,20.0,2000.0,1.5555555555555556,0.25
A161VPQSXLLV8U,ns,20-2,20.0,2000.0,1.1609848484848484,0.09821428571428571
A166P9BSWIFF32,prim,20-2,20.0,2000.0,3.1444444444444444,0.7
A17IPELR5NC2LZ,prim,20-2,20.0,2000.0,3.8672438672438676,0.2261904761904762
A17TMQWTCJVOV5,rec,20-2,20.0,2000.0,0.5486111111111112,0.15625
A1CB9NR3SN4VMY,prim,20-2,20.0,2000.0,1.9659090909090908,0.43898809523809523
A1FM638CHGPC1M,ns,20-2,20.0,2000.0,4.801948051948052,0.37142857142857144
A1HENLDLQEO5BZ,prim,20-2,20.0,2000.0,2.7904040404040407,0.4357142857142857
A1J39RAV7TKEMF,ns,20-2,20.0,2000.0,1.0929292929292929,0.15625
A1JL3HCA0MK9UI,prim,20-2,20.0,2000.0,2.3124007936507938,0.28214285714285714
A1L5A88C9PPK5L,prim,20-2,20.0,2000.0,4.833333333333334,0.5
A1LA6CIGBNDOH9,rec,20-2,20.0,2000.0,0.625,0.46875
A1MD74JPL7E9PK,prim,20-2,20.0,2000.0,0.9494949494949495,0.21428571428571427
A1O0K8V58YRL4A,ns,20-2,20.0,2000.0,1.486111111111111,0.17777777777777778
A1PTX4IB9R34LI,rec,20-2,20.0,2000.0,0.1518939393939394,0.03125
A1S2EXYEG5I8HW,rec,20-2,20.0,2000.0,0.5277777777777778,0.375
A1SJLXB0XFCJ97,prim,20-2,20.0,2000.0,2.094805194805195,0.27529761904761907
A1TPGXT718D68E,rec,20-2,20.0,2000.0,0.4041666666666667,0.21875
A1TVWMWE03AWAW,rec,20-2,20.0,2000.0,5.864583333333333,1.0625
A1VEOI1H4AE1T3,prim,20-2,20.0,2000.0,3.540277777777778,0.3333333333333333
A1WT2CM71Z9MP3,prim,20-2,20.0,2000.0,4.40719696969697,0.6267857142857143
A20YXCVKHSTSPC,prim,20-2,20.0,2000.0,2.5833333333333335,0.4375
A2147HO7VBGJCU,prim,20-2,20.0,2000.0,2.45,0.6666666666666666
A248QG4DPULP46,ns,20-2,20.0,2000.0,0.44166666666666665,0.35416666666666663
A25S9Y5DZ9OR16,prim,20-2,20.0,2000.0,2.013888888888889,0.34226190476190477
A25VK411P03A5T,rec,20-2,20.0,2000.0,3.4410353535353533,0.49642857142857144
A289D98Z4GAZ28,prim,20-2,20.0,2000.0,0.1268939393939394,0.10267857142857142
A2BTEQA95MCIHU,prim,20-2,20.0,2000.0,4.385416666666667,0.4
A2E8PL8ZWIZVJ0,prim,20-2,20.0,2000.0,5.909722222222222,0.625
A2I6HVUDBTGD1,prim,20-2,20.0,2000.0,1.7152777777777777,0.15625
A2KHR0GTA0DBWI,rec,20-2,20.0,2000.0,1.4545454545454546,0.16964285714285715
A2KT30RCVX67ZS,prim,20-2,20.0,2000.0,6.033333333333333,0.9249999999999999
A2MMGDAA7JJKIE,prim,20-2,20.0,2000.0,3.8607142857142858,0.7083333333333333
A2MOKIEQZ0OF2M,prim,20-2,20.0,2000.0,0.6171717171717171,0.125
A2NZ783AY1LBPW,prim,20-2,20.0,2000.0,1.6818181818181819,0.31101190476190477
A2NZAL7KHOR6VF,rec,20-2,20.0,2000.0,0.14962121212121213,0.0625
A2OOS7IXSKJFFI,ns,20-2,20.0,2000.0,2.75,0.4
A2P2YEHX1FXD20,rec,20-2,20.0,2000.0,6.8690476190476195,1.1666666666666667
A2QHI85LQPJZYP,prim,20-2,20.0,2000.0,4.910714285714286,0.6666666666666666
A2SSY7MHPDQVUS,prim,20-2,20.0,2000.0,0.4666666666666667,0.0
A2UX2W49R55PH4,prim,20-2,20.0,2000.0,1.7361111111111112,0.15714285714285714
A2VIKCIM9TZL22,rec,20-2,20.0,2000.0,0.5353535353535354,0.16666666666666666
A2XGHLVP2C1FVA,ns,20-2,20.0,2000.0,0.8609848484848485,0.2857142857142857
A2XVLOZY7FJCC2,rec,20-2,20.0,2000.0,0.7172619047619048,0.225
A2ZVBFH732LYXQ,prim,20-2,20.0,2000.0,5.222222222222222,0.31666666666666665
A304UJAE051J89,rec,20-2,20.0,2000.0,0.42613636363636365,0.15625
A312HQ3OU0EYTB,rec,20-2,20.0,2000.0,0.37626262626262624,0.22023809523809523
A35S8HPY0V445,ns,20-2,20.0,2000.0,1.9857954545454546,0.10714285714285714
A37GOI3N77WX21,ns,20-2,20.0,2000.0,0.08333333333333333,0.03125
A389UA2GRCJ6,prim,20-2,20.0,2000.0,1.0798611111111112,0.375
A3A7XOKH39SYOI,prim,20-2,20.0,2000.0,2.9340277777777777,0.475
A3B0CMCBWAND7,rec,20-2,20.0,2000.0,0.21666666666666667,0.03125
A3C4WGE4SOGM1,ns,20-2,20.0,2000.0,1.6605339105339105,0.2845238095238095
A3CKVVGWBS4NGU,prim,20-2,20.0,2000.0,2.821428571428571,0.5238095238095237
A3GDVKIN7ZGUG9,rec,20-2,20.0,2000.0,2.150793650793651,0.20833333333333331
A3HE29W5IDR394,rec,20-2,20.0,2000.0,1.287121212121212,0.8943452380952381
A3I1SGVY37KR4A,ns,20-2,20.0,2000.0,2.1043771043771042,0.19047619047619047
A3J5HRXH4F64SP,ns,20-2,20.0,2000.0,0.3106060606060606,0.125
A3LVLZS8S41ZD7,rec,20-2,20.0,2000.0,0.3484848484848485,0.1607142857142857
A3LXARU55PR281,ns,20-2,20.0,2000.0,3.5103174603174603,0.22023809523809523
A3TR3KIRG5PCZ8,prim,20-2,20.0,2000.0,0.36477272727272725,0.03125
A3U2A632YWEX7B,prim,20-2,20.0,2000.0,3.525,0.3761904761904762
A3U69MNO1JC7V4,rec,20-2,20.0,2000.0,0.9212121212121211,0.03571428571428571
A3UMHUWJKRGKNR,rec,20-2,20.0,2000.0,1.8625,0.21726190476190474
A3VW5PI9ZX9DOD,ns,20-2,20.0,2000.0,3.1,0.25
A4HWADFPGP45G,ns,20-2,20.0,2000.0,4.118831168831169,0.3586309523809524
AFRKVRPZ2RHY8,rec,20-2,20.0,2000.0,0.08333333333333333,0.0
AHZCC2V399WUN,ns,20-2,20.0,2000.0,0.5867424242424243,0.07291666666666666
AJABAPM32ETMN,rec,20-2,20.0,2000.0,0.638888888888889,0.125
AK1EF4NACR1UJ,prim,20-2,20.0,2000.0,4.829761904761905,0.5386904761904762
AKIT35WR8HEQ3,prim,20-2,20.0,2000.0,1.2666666666666666,0.10714285714285714
AP9WIQ4P78XLH,rec,20-2,20.0,2000.0,0.25,0.3125
AR9AU5FY1S3RO,rec,20-2,20.0,2000.0,0.8333333333333333,0.375
AXCDKBG1R43GE,ns,20-2,20.0,2000.0,3.290909090909091,0.3214285714285714
A102WSFN62OS6I,ns,40-1,40.0,1000.0,1.0636363636363637,0.23809523809523805
A13WTEQ06V3B6D,rec,40-1,40.0,1000.0,0.634469696969697,0.29910714285714285
A178HXQENEAI65,rec,40-1,40.0,1000.0,1.1118055555555555,0.42410714285714285
A1BLHM2IDH7DH4,prim,40-1,40.0,1000.0,1.4272727272727272,0.7351190476190477
A1DJB12ZI46GPX,prim,40-1,40.0,1000.0,2.6547619047619047,0.8541666666666666
A1DZMZTXWOM9MR,rec,40-1,40.0,1000.0,0.46590909090909094,0.5848214285714286
A1EU59VMI8GL4K,rec,40-1,40.0,1000.0,0.44696969696969696,0.1919642857142857
A1F0VEHWK3IAF4,ns,40-1,40.0,1000.0,1.5209325396825397,0.4708333333333333
A1HGWCCIWP7AO0,ns,40-1,40.0,1000.0,1.1590909090909092,0.32142857142857145
A1IL5P5H5VRW0D,prim,40-1,40.0,1000.0,1.0195707070707072,0.16517857142857142
A1J5OW12TRQSOW,ns,40-1,40.0,1000.0,1.3472222222222223,0.5267857142857143
A1KCSGTT6Y26LH,prim,40-1,40.0,1000.0,3.2143939393939394,1.9732142857142858
A1RQ8PX7A0CH3C,rec,40-1,40.0,1000.0,5.670138888888889,2.2333333333333334
A1RY1N37JYUHBU,prim,40-1,40.0,1000.0,5.725925925925925,1.4325396825396826
A1S54RQW9FDK0X,ns,40-1,40.0,1000.0,0.6363636363636364,0.2544642857142857
A1TG34GJ1WTN0C,prim,40-1,40.0,1000.0,2.18125,0.4
A1UH6A625GF5MD,prim,40-1,40.0,1000.0,2.3651515151515152,0.35416666666666663
A1VHK9OFD7H8ZH,rec,40-1,40.0,1000.0,0.5564393939393939,0.5625
A1ZLLYRW6GIVC7,rec,40-1,40.0,1000.0,4.152651515151515,3.479166666666667
A20GJP9C5KC2ZU,ns,40-1,40.0,1000.0,2.2152777777777777,0.45
A23W5HVE02LM0E,prim,40-1,40.0,1000.0,4.674107142857142,0.6398809523809523
A2541C8MY0BYV3,rec,40-1,40.0,1000.0,0.4204545454545454,0.03125
A271830PNYAI2G,rec,40-1,40.0,1000.0,0.6742424242424242,0.2619047619047619
A29JQ7VMQ1HKYP,ns,40-1,40.0,1000.0,2.1240530303030303,0.5654761904761905
A2GUPBBFPPSXYR,prim,40-1,40.0,1000.0,1.6723484848484849,0.375
A2HRUFTA09371Y,rec,40-1,40.0,1000.0,0.43939393939393945,0.2738095238095238
A2IK3H6MQ1QV6E,rec,40-1,40.0,1000.0,0.4772727272727273,0.2544642857142857
A2L7RTYO4UMYDH,ns,40-1,40.0,1000.0,1.7954545454545454,0.5625
A2LI1OIR4BVJRW,prim,40-1,40.0,1000.0,1.146590909090909,0.36607142857142855
A2NEFRREWF33YP,rec,40-1,40.0,1000.0,0.22916666666666666,0.28125
A2P8V5SKYLL5I4,rec,40-1,40.0,1000.0,0.6363636363636364,0.28125
A2PSU15S8ZI3V5,prim,40-1,40.0,1000.0,1.7518939393939394,0.5401785714285714
A2QUSCZS3RXGXE,ns,40-1,40.0,1000.0,0.27045454545454545,0.17410714285714285
A2TUYGXQ15U6GO,prim,40-1,40.0,1000.0,4.594047619047619,1.8555555555555554
A2UEVNT8VQD1SA,ns,40-1,40.0,1000.0,0.7159090909090909,0.14285714285714285
A2VR9O234UCT9T,rec,40-1,40.0,1000.0,0.35416666666666663,0.25
A2WCPERU8X385N,prim,40-1,40.0,1000.0,2.2,0.7410714285714286
A33GZS6SU4O20M,ns,40-1,40.0,1000.0,5.838888888888889,1.8666666666666667
A38I0E8UK53ME5,rec,40-1,40.0,1000.0,0.55,0.5972222222222222
A3BZH91MITQA5X,ns,40-1,40.0,1000.0,0.7409090909090909,0.08928571428571429
A3NX66U9RAY2GQ,prim,40-1,40.0,1000.0,3.5598214285714285,1.4464285714285714
A3O40YLW6MYU8C,prim,40-1,40.0,1000.0,1.9901785714285714,0.9392857142857143
A3S2AUQWI7XWT4,prim,40-1,40.0,1000.0,4.747023809523809,1.3357142857142856
A3SA9LY6RXKFOI,prim,40-1,40.0,1000.0,2.3115079365079367,0.9166666666666667
A3SLT6KVF0NXPH,prim,40-1,40.0,1000.0,2.24229797979798,0.7961309523809523
A3TNSJSXI464IT,ns,40-1,40.0,1000.0,2.177777777777778,0.6428571428571428
A3TUJBPLJGTI5,rec,40-1,40.0,1000.0,0.2412878787878788,0.17113095238095238
A3VL1CBZ3BGQK7,ns,40-1,40.0,1000.0,0.21969696969696967,0.7589285714285714
A47VA451RDBV3,prim,40-1,40.0,1000.0,2.7426136363636364,1.1979166666666667
A92KVBM20ZTU4,rec,40-1,40.0,1000.0,1.292929292929293,0.7773809523809524
AAF1SJ9FCBF75,rec,40-1,40.0,1000.0,0.5852272727272727,0.7366071428571428
AAVFHZA708CSP,ns,40-1,40.0,1000.0,3.5284722222222222,1.5416666666666667
ADL9KYXZGHUFO,ns,40-1,40.0,1000.0,3.977777777777778,0.9166666666666667
AFLRBB974KS6D,ns,40-1,40.0,1000.0,7.38409090909091,1.5833333333333335
AGB6853RIDWJ8,ns,40-1,40.0,1000.0,1.6169823232323233,0.8229166666666667
AGLFNO1XKM8O8,rec,40-1,40.0,1000.0,2.4444444444444446,0.7068452380952381
AH2C0LKV36ATT,prim,40-1,40.0,1000.0,2.3,0.6517857142857143
AKJN72HW14WTR,rec,40-1,40.0,1000.0,1.1136363636363638,0.5982142857142857
AMIQGW2E3WYO4,rec,40-1,40.0,1000.0,1.8386363636363638,1.0625
ANCTZADQC3D75,ns,40-1,40.0,1000.0,3.8020833333333335,1.3333333333333333
AOQKJGXZ8QQD0,prim,40-1,40.0,1000.0,1.1200396825396826,0.3020833333333333
AP3BTOBN8Y9EJ,rec,40-1,40.0,1000.0,0.29848484848484846,0.24107142857142855
AQSYWZJVVMCGJ,prim,40-1,40.0,1000.0,0.9431818181818181,0.6592261904761905
AR1IWBDA7MC86,rec,40-1,40.0,1000.0,0.375,0.375
AR3MFFPQ39IXF,rec,40-1,40.0,1000.0,0.903030303030303,0.16666666666666666
ARL0T0MU9A65G,prim,40-1,40.0,1000.0,1.1354166666666667,0.7988095238095239
ASVRLMDNQBUD9,rec,40-1,40.0,1000.0,0.19128787878787878,0.03125
ATRRW34VN38IX,rec,40-1,40.0,1000.0,0.9136363636363637,0.2857142857142857
AVSVIOR38JDM6,prim,40-1,40.0,1000.0,2.575,0.5491071428571428
AW0MG225VXWCN,rec,40-1,40.0,1000.0,0.0625,0.21875
AW4PTI9P13WUB,prim,40-1,40.0,1000.0,3.7750000000000004,0.9104166666666667
AXFCUZW85XUK1,ns,40-1,40.0,1000.0,4.430555555555555,1.7395833333333333
AYF9WH3AQIT86,prim,40-1,40.0,1000.0,0.35265151515151516,0.26785714285714285
