subject,strategy,condition,l_length,pres_rate,rot_7,rot_6,rot_5,rot_4,rot_3,rot_2,rot_1,rot_0
A10HW8JXM17XLD,rec,10-2,10.0,2000.0,,,,,4484.509999999093,5098.432916667126,6997.241401515916,11073.864734849769
A12K1ADYMRSWMJ,prim,10-2,10.0,2000.0,,,,,4169.88187497845,5566.075416745812,5026.028968230696,7830.83875002622
A14E4ISXVJVY6F,prim,10-2,10.0,2000.0,,,,,3669.741249907017,4120.0241072041645,3552.674702425798,3546.645833452543
A169XTOCOMO1MV,ns,10-2,10.0,2000.0,,,,,3356.556250010058,2989.4559523818275,3149.256904753865,3703.077480158724
A18NXRDHQ0ZSOY,ns,10-2,10.0,2000.0,,,,,4624.796458338202,4547.223849184338,3463.970833311478,3387.0245238153707
A1969Q0R4Y0E3J,rec,10-2,10.0,2000.0,,,,,2570.2045454545455,3061.568181818182,3239.9386363636363,3037.431818181818
A1AKL5YH9NLD2V,ns,10-2,10.0,2000.0,,,,,2284.820833333263,2724.2968750001064,8185.3172619045445,4693.700625000306
A1ARWNTZHGFG8Y,prim,10-2,10.0,2000.0,,,,,7933.6755952309995,5330.864732310885,5692.898015958923,8436.303750050067
A1F0R1MSPTXHHV,ns,10-2,10.0,2000.0,,,,,3706.908333251874,4030.3000000218553,3862.5499999821186,3979.650000045697
A1GRPIBHW72HDU,rec,10-2,10.0,2000.0,,,,,2568.2645202020203,3872.2507575757572,7008.447222222222,14986.893055555556
A1I9RLJQ0BYN21,prim,10-2,10.0,2000.0,,,,,2745.6666667312384,2902.818571400642,3046.6080357283354,2410.0785714026006
A1NG504QI5LI62,prim,10-2,10.0,2000.0,,,,,4317.714285714286,4119.045833333334,4515.569444444444,4032.0119047619046
A1NQ2A0UDW719R,prim,10-2,10.0,2000.0,,,,,3291.8888888888887,3700.75,6967.388888888888,3540.375
A1P00XZZG7EEEM,prim,10-2,10.0,2000.0,,,,,2166.875,3269.8999999910593,3395.4699999809263,10936.710000000396
A1RFDB2WUV7QRO,ns,10-2,10.0,2000.0,,,,,2814.2401785732113,3094.2312499986065,3892.0300000002608,11196.731250000303
A1V2H0UF94ATWY,ns,10-2,10.0,2000.0,,,,,3382.0920634920694,3971.419545454564,6348.571249999986,9273.358750000016
A1W7T8V97ZPUH0,ns,10-2,10.0,2000.0,,,,,4144.071428571428,3840.4190476190474,3725.557738095238,4710.154166666666
A1WJIRT360P5VB,rec,10-2,10.0,2000.0,,,,,4355.242499998584,3737.9110100986904,6891.072752525672,5119.632222223182
A1WPGNK8Y65BV3,ns,10-2,10.0,2000.0,,,,,2318.214116168755,2721.632083329372,3098.330404023264,4827.669829547577
A1XMGLCK09Z0DW,ns,10-2,10.0,2000.0,,,,,2482.9523809523807,2197.440340909091,2289.797619047619,2879.1964285714284
A1YA2FCN3KEK36,prim,10-2,10.0,2000.0,,,,,3654.4938988053727,3836.925694445769,3876.6696428574623,3991.2212797649913
A20GD3EBBTBYY2,rec,10-2,10.0,2000.0,,,,,4845.919155844156,5924.366477272727,5342.96507936508,5971.840909090909
A24BRTWG07T53Z,prim,10-2,10.0,2000.0,,,,,3935.0565476190477,3652.761111111111,3310.2738095238096,3561.8869047619046
A27QXQ22F9ODSP,prim,10-2,10.0,2000.0,,,,,5063.362103174603,5568.3234126984125,5546.200694444444,6948.633928571428
A27T2Z568L69U1,prim,10-2,10.0,2000.0,,,,,5091.040277777778,5392.014880952381,6284.401785714286,5045.275568181818
A282UM3NAIM0YO,ns,10-2,10.0,2000.0,,,,,3731.0875,4045.3916666666664,4766.2555555555555,4402.067857142857
A2BREH6STESM0G,rec,10-2,10.0,2000.0,,,,,3426.843333329229,2954.877500001698,3243.2050000146264,3478.3795833331765
A2FLBMZ38IZ2SQ,prim,10-2,10.0,2000.0,,,,,5070.632648764622,5149.361309480099,5881.9315970871185,4809.41354168171
A2FM1N5AOMVTGL,prim,10-2,10.0,2000.0,,,,,4829.174166560173,4270.243571383613,3795.9570238209903,4419.788194475903
A2FYFCD16Z3PCC,rec,10-2,10.0,2000.0,,,,,2107.995833331719,3560.537499997765,3174.995833334358,3507.2187500023283
A2H8PEGI28NKZD,ns,10-2,10.0,2000.0,,,,,2845.486388888889,3151.167708333271,3259.870138888867,7657.96805555539
A2I6ZALE49CVSC,prim,10-2,10.0,2000.0,,,,,3271.0537500004866,3498.235000000859,3783.4208134922333,4962.824583332404
A2KPEUCEE2M05G,prim,10-2,10.0,2000.0,,,,,3450.9772727248346,2502.454545450632,2922.649999996478,5273.645454543558
A2LJ1FRUYGW469,ns,10-2,10.0,2000.0,,,,,5347.868035667271,5302.688068221362,4903.726140939896,7010.665555662631
A2M183CETUMR96,rec,10-2,10.0,2000.0,,,,,4207.770031565965,3348.5073232321947,11329.834943181919,6583.237083332675
A2MUOD1JHWJ735,ns,10-2,10.0,2000.0,,,,,3914.3678472379634,3738.5739582814276,6023.571874993853,4325.596230141464
A2NXMRPHG86N2T,ns,10-2,10.0,2000.0,,,,,3321.694810606919,3744.5982954547976,4448.633863635844,6477.175189393586
A2PQDK3MLDFXYM,rec,10-2,10.0,2000.0,,,,,2055.168333326839,4181.737777776096,3731.817619061535,4479.448750005673
A2QRJKXTK4JDD8,ns,10-2,10.0,2000.0,,,,,5351.803571428572,5161.041666666666,4783.992857142857,4777.196428571428
A2R970Q1Q2A6DJ,prim,10-2,10.0,2000.0,,,,,5686.422500039637,6153.281666641435,4879.265000060201,4291.793750016019
A2VIKZ73Y5ABHM,ns,10-2,10.0,2000.0,,,,,2371.325,2282.885714285714,2088.366666666667,3093.233333333333
A2WYZLG8J526TQ,prim,10-2,10.0,2000.0,,,,,4544.878787878788,4389.0,6860.3015873015875,4593.875
A33X52IN60MSOE,rec,10-2,10.0,2000.0,,,,,5241.661666665723,6715.422142859441,10026.582142859803,14009.943749998165
A348NEQKS6VNIB,rec,10-2,10.0,2000.0,,,,,4490.031666669415,4762.77999999606,5533.462619043485,10159.215922616186
A349BBTU7L597J,ns,10-2,10.0,2000.0,,,,,9034.874999955297,5731.999999925494,7145.200000286102,5396.850000143051
A3C8JI69WPTKWH,rec,10-2,10.0,2000.0,,,,,2191.2937500067055,2572.937499983236,3071.8541666318974,7213.264583366612
A3CE7DTHIB76UK,ns,10-2,10.0,2000.0,,,,,6045.050000005624,5740.620714277402,4877.669107142853,6711.066666663314
A3G55RJTW3BSGM,ns,10-2,10.0,2000.0,,,,,1324.107443202761,1280.4400081536405,1834.0996022689974,2679.3077678437744
A3GC5Q5CLI4NWZ,prim,10-2,10.0,2000.0,,,,,6418.809523809524,5742.123214285714,5617.958333333333,5609.287202380952
A3J55BJGV95JKH,ns,10-2,10.0,2000.0,,,,,3763.9170201773295,3942.981856069104,4400.484949478959,5046.074999996523
A3MJQ51KN9CMQ4,prim,10-2,10.0,2000.0,,,,,4903.275,3728.526984126984,5873.464285714286,7187.913492063492
A3MOL1L9V4BUGH,ns,10-2,10.0,2000.0,,,,,3491.514583336603,4422.640416650598,4578.019166675583,5103.939732154831
A3NAONPCTVT6P1,ns,10-2,10.0,2000.0,,,,,4381.23071430342,4268.808928571216,4699.853282831338,7362.093402787112
A3PJY7THMUIR4M,ns,10-2,10.0,2000.0,,,,,3815.3333333333335,3510.2333333333336,4851.619047619048,4217.291666666667
A3VV3MW68CALXS,prim,10-2,10.0,2000.0,,,,,5471.25,5626.166666666666,5384.083333333333,4942.0625
A489K1IFOM4JW,prim,10-2,10.0,2000.0,,,,,3913.14375,5372.702777777778,4515.906204906205,3224.4628427128428
A49HPQ9P5AHU4,ns,10-2,10.0,2000.0,,,,,2601.3611111111113,2067.661111103164,2098.2777777810893,3135.506250008113
A55MEA9LQASZH,rec,10-2,10.0,2000.0,,,,,6725.428819450239,4261.56875000534,5066.840476193155,5435.702500057097
A5P12YJP805RG,ns,10-2,10.0,2000.0,,,,,1749.3559027698004,2825.5788888527286,2999.9066919499273,5263.037792190484
A5TWD5QD99GZY,rec,10-2,10.0,2000.0,,,,,2895.695535714073,4195.77187499741,2926.788690472997,8694.189136905417
A63UHNWYOV5LE,ns,10-2,10.0,2000.0,,,,,8483.75,7630.0,9566.0,10564.25
AEP8U373W5Q54,prim,10-2,10.0,2000.0,,,,,3187.431250035763,2967.8359524000257,3308.627840858517,4027.7177083780366
AK2PMO5I7OCEK,prim,10-2,10.0,2000.0,,,,,4703.091765873016,4898.114646464646,4609.325,4714.176388888889
AKNU5D6QK7M72,prim,10-2,10.0,2000.0,,,,,3863.1012193454962,4042.2630555260926,4187.345435593888,3981.9396103912627
AO5FQ7GY8DTR8,prim,10-2,10.0,2000.0,,,,,6367.558333357176,6086.941666662693,5753.7309523707345,5814.600000023842
ARIWYNIH12MLF,rec,10-2,10.0,2000.0,,,,,6059.649999999969,5730.371645021787,5461.226250000395,8821.691111111093
AS4FVWL91C6HR,prim,10-2,10.0,2000.0,,,,,5005.038541669473,5585.240151520013,5896.850277776064,5496.40438762664
AWJKR5GA7BS7V,ns,10-2,10.0,2000.0,,,,,4279.8694444444445,6314.325,4227.4047619047615,4836.473214285714
AZ69TBTDH7AZS,rec,10-2,10.0,2000.0,,,,,1952.636349219415,1975.1819047522922,3518.9147519699936,3807.092460321576
AZ8NNCT4AODDN,prim,10-2,10.0,2000.0,,,,,2355.4999999801316,2879.913333368301,2702.587500015895,2477.7785713814555
A10JXOU89D5RXR,ns,20-1,20.0,1000.0,,,,4709.63964286253,4700.676031735114,7917.178968278189,6692.004513895346,12528.730000019073
A111FTKAAJ5UMC,prim,20-1,20.0,1000.0,,,,4730.152500006143,5018.570089280483,6080.249007939021,6060.787410717422,5707.236458324905
A11EZAV2HRYKD5,prim,20-1,20.0,1000.0,,,,4059.3249999682107,4154.580555677414,2333.68888897366,3689.650000148349,2832.824999809265
A157L6Z8QU3SDE,rec,20-1,20.0,1000.0,,,,2891.9180555555554,3197.5619047619048,2771.4863095238097,5898.733333333334,9548.211904761905
A16GIPTDMJAFTK,ns,20-1,20.0,1000.0,,,,3377.6170454545454,3552.5113636363635,3521.1040404040405,3404.340277777778,3255.554166666667
A17R7WX5B0CKK6,rec,20-1,20.0,1000.0,,,,3660.507499979188,4002.6662499742115,5018.339880911633,5176.860416676229,5146.904166646284
A17WB66BXX4R0J,prim,20-1,20.0,1000.0,,,,5390.12748015873,5050.311507936508,4466.715277777777,4583.351388888888,4906.29375
A19QRXLWV5GKXN,rec,20-1,20.0,1000.0,,,,4331.1727777609285,5397.7040773871295,4270.0493506602,5076.981746031938,6330.125357120245
A1CKIYN01NV9GJ,ns,20-1,20.0,1000.0,,,,2865.647619054431,3160.952380918321,3819.7452380543664,6203.458333323399,10667.923333350818
A1HLDOM6JTYYI2,prim,20-1,20.0,1000.0,,,,2165.336363636364,2174.1698863636366,2845.9416035353534,3409.8300865800866,5706.2485119047615
A1HR8IRDC07FO9,prim,20-1,20.0,1000.0,,,,5293.578174603174,4257.597222222223,4260.737499999999,5773.563392857142,5642.458333333334
A1J6CZ176U6GDT,rec,20-1,20.0,1000.0,,,,4112.6812500455635,4576.078333305807,4332.111964269453,3847.20714285698,4485.159097249084
A1J9VZ372FV2QZ,rec,20-1,20.0,1000.0,,,,4993.057499940196,4420.822569474578,4323.906696486331,5431.016319423914,12728.916904801416
A1JI19KPIVNL3Y,ns,20-1,20.0,1000.0,,,,4297.744583325337,5916.999583333234,5906.461666666964,5079.522083331893,13192.303749994684
A1KH9VI2D0V43B,prim,20-1,20.0,1000.0,,,,4335.895833333333,4198.411706349207,4718.875,3815.026984126984,3913.9836309523807
A1LJ4WAEDGELVL,rec,20-1,20.0,1000.0,,,,1958.4318181862209,1924.9727272987366,4035.7499999740076,3201.2749999904077,13068.085555552887
A1OOCYEFLAJD98,ns,20-1,20.0,1000.0,,,,2360.9222727342762,2925.324772726812,4274.936022726328,4564.398611112912,10188.520486111029
A1OW27AZS122X2,ns,20-1,20.0,1000.0,,,,4770.870517682651,4638.774080088004,4352.138573235466,4716.622638886898,5171.096685612927
A1R5JNC2LO6X1S,prim,20-1,20.0,1000.0,,,,2656.1666666666665,3783.8333333333335,3363.944444444445,3743.5,1788.5
A1SUTNVLSFPXFK,ns,20-1,20.0,1000.0,,,,5210.33027780056,3975.236904726142,4692.235833330949,5147.127857126508,4729.229999962449
A1V91Z2CQKMR55,rec,20-1,20.0,1000.0,,,,1547.4908333385983,1921.4337500060599,2285.7602380908315,2061.2175000049174,2019.233839286305
A1YFL5HXPZ7MVV,ns,20-1,20.0,1000.0,,,,5306.1565972427525,4722.4247159118,5097.150252532402,4389.382701997354,4509.8194444279625
A22UMPYYQBXT0F,rec,20-1,20.0,1000.0,,,,1893.6841666626642,1787.4074999916056,2792.44236111583,2310.8025000058115,3599.452083343433
A26M997VYVK0E6,prim,20-1,20.0,1000.0,,,,1478.6666666666667,1854.3333333333333,2012.5,2855.0,1768.0
A277V4SHQB8JRS,rec,20-1,20.0,1000.0,,,,2236.1267857142857,2678.4791666666665,2910.141071428571,2752.8958333333335,7913.695833333333
A2E5PV1BHNG67N,ns,20-1,20.0,1000.0,,,,4550.545000076294,5019.0499999125805,4778.28333334128,4660.299999833107,5718.550000047684
A2FQVRBXJZQAWT,prim,20-1,20.0,1000.0,,,,3734.416666666667,3099.785714285714,3387.35,4149.476190476191,3489.875
A2GM1ZIBRBHBK7,ns,20-1,20.0,1000.0,,,,3252.7444444720945,3520.109523774329,3312.0438888675635,3590.0208333333335,3326.1899305571405
A2ONILC0LZKG6Y,rec,20-1,20.0,1000.0,,,,2951.779761904762,5009.223214285715,6361.083333333333,8213.020833333334,8946.491071428572
A2QX1SJXQN1NV1,prim,20-1,20.0,1000.0,,,,3582.75,6125.125,5453.892857142857,5225.857142857143,12553.285714285714
A2QY653X9531JP,ns,20-1,20.0,1000.0,,,,4942.003680531184,4826.931398794764,4959.996874930603,5930.507857103858,9886.785000002385
A2RBF3IIJP15IH,rec,20-1,20.0,1000.0,,,,1535.6410750412192,2550.8860416737693,2748.5532467497937,1790.748749994148,2684.205772005957
A2RWLFIP23FZA7,prim,20-1,20.0,1000.0,,,,2526.4210227272683,2465.6159821429055,3355.3561507933255,3289.2959009742185,5693.581637806902
A2SBZCFAVT83GN,rec,20-1,20.0,1000.0,,,,3747.047619047619,4098.476851851851,3884.4329004329006,4482.656385281385,4130.9682539682535
A2SQGKP2REXOTN,prim,20-1,20.0,1000.0,,,,4415.722222222222,4542.041666666667,4675.441666666667,5023.777777777778,5205.583333333333
A2SQTRNQWDLU4F,ns,20-1,20.0,1000.0,,,,7680.9,8618.285714285714,6584.5,6809.229166666666,7400.333333333333
A2SWQM5X54P1O5,ns,20-1,20.0,1000.0,,,,3131.289583345254,3942.7931818189945,3469.647664157128,4260.984318180969,4790.610227266383
A2TG5ESEOPXAHI,prim,20-1,20.0,1000.0,,,,4557.693750008941,5269.381250005464,3666.485119044426,3710.650595226884,4622.089880975703
A2V6E7SGEU0EFD,ns,20-1,20.0,1000.0,,,,1589.4064285718437,1705.2761038930716,2047.9241883132365,2273.2788095229525,4509.517499998531
A2VXT33Y2TQPOQ,prim,20-1,20.0,1000.0,,,,3383.1083333333336,3751.385714285714,3470.833333333333,4028.309523809524,4703.723214285714
A2XDWB9NVYI3LQ,rec,20-1,20.0,1000.0,,,,3902.9292207792205,3756.1896103896106,3798.402777777778,4204.827777777778,4383.518506493507
A3026HLELYNW7U,rec,20-1,20.0,1000.0,,,,3832.8166666666666,3349.55,4307.216666666666,3760.8055555555557,4583.999107142858
A351P2O6QGTCS,rec,20-1,20.0,1000.0,,,,3314.3024999847016,4740.555092591102,3708.4325396975596,5197.158333328035,9234.682592592528
A39R5EBK7W916X,ns,20-1,20.0,1000.0,,,,6474.070000004769,5998.444285714626,7072.028571426868,6538.2642857228,6893.19714286668
A3D9PJ37U7LCHE,ns,20-1,20.0,1000.0,,,,4152.627272742716,4173.378571428571,3665.8166666991183,4041.2959595990906,3868.6083333243923
A3EVXSWHYA1PTT,rec,20-1,20.0,1000.0,,,,13651.200000001118,18177.599999999627,15683.400000000373,2797.800000000745,
A3GIUDSA1IGTFV,ns,20-1,20.0,1000.0,,,,5622.212962958548,4981.3310185339715,5996.906878356581,6659.785555575512,7536.120833327373
A3HXK0UGS1YDMC,prim,20-1,20.0,1000.0,,,,4733.234791667759,5091.975608771401,4767.590486110084,4354.831458331148,5755.001557524006
A3ITZNJQUTIZ4C,rec,20-1,20.0,1000.0,,,,5956.687499999845,6248.554166665455,7509.3837121222305,7669.579166668313,11574.94999999972
A3MHP4LZ3V88NF,prim,20-1,20.0,1000.0,,,,4184.8625,3559.625,3640.4523809523807,3677.486904761905,4040.6916666666666
A3NRIEMOJVVX4A,rec,20-1,20.0,1000.0,,,,2142.833333325611,1767.2395833530659,1808.7083333313542,2062.1574999796812,2944.6854166680328
A3PEV3KN6F7JRG,ns,20-1,20.0,1000.0,,,,13436.837500023888,9319.562500071712,8777.133333357051,8924.566666665798,13623.19999995238
A3QKOYP52HYRH2,rec,20-1,20.0,1000.0,,,,3661.125,3951.9761904761904,3842.6238095238095,3821.195833333333,5203.738095238095
A3RFOODI4G4P4K,rec,20-1,20.0,1000.0,,,,7194.262594834182,4754.571666794334,6320.672673029543,5616.55777778219,6131.0740476427645
A3RHJEMZ4EGY2U,rec,20-1,20.0,1000.0,,,,3774.825530306195,3923.035606060497,4511.942803032499,5653.884545449183,7756.556439396117
A3S76P3L3USWI1,prim,20-1,20.0,1000.0,,,,3423.95642855508,2650.7168750703336,3308.6464285850525,2553.309881091118,5847.15952364036
A3USPFFWN1G5PF,rec,20-1,20.0,1000.0,,,,5217.635984848484,4294.220075757576,4823.280303030303,5151.284090909091,5098.308712121212
A50UY1556VDIA,ns,20-1,20.0,1000.0,,,,4439.875,4749.575,6565.65,6847.0,7648.425
A7R1OLLU1Z6RA,rec,20-1,20.0,1000.0,,,,2297.382929288513,2813.379549061607,3310.6817821230834,5321.6436111018065,4637.259285718983
AEJU0MCYOQC77,prim,20-1,20.0,1000.0,,,,5037.518518518518,4277.625,4533.313756613757,4474.791666666667,4237.611111111111
AHU3EE2Q05E18,prim,20-1,20.0,1000.0,,,,5378.129464234625,6167.448200792525,5255.0574495142155,5428.821230178788,5130.085119045916
AJD90361AJO80,ns,20-1,20.0,1000.0,,,,8187.167045454546,7056.00625,7773.287878787879,7488.344318181818,8922.125
AK52RXEJKR81A,ns,20-1,20.0,1000.0,,,,3651.6535690442483,3749.460303060936,3928.8566667965483,4252.116666573065,3889.4693939844765
AMJAZPJBO936R,prim,20-1,20.0,1000.0,,,,8238.650000015894,9833.666666653422,5862.113750004768,7555.305555555555,6484.441666613022
AOQZVAH5FSKGE,prim,20-1,20.0,1000.0,,,,3647.01875,4050.713095238095,3745.483333333333,3895.1277777777777,4482.219246031746
AQCJI23U1VBYD,prim,20-1,20.0,1000.0,,,,3096.3845833420755,3664.41777775685,4159.054761910723,4559.261785711916,4311.793333367506
AQPFTUIJ0PW2N,prim,20-1,20.0,1000.0,,,,7627.0,7858.0,5243.666666666667,4101.333333333333,5840.5
AXFCUZ1WQC2WY,ns,20-1,20.0,1000.0,,,,7482.597222222222,4799.555555555556,4862.833333333333,5220.985185185185,4933.100529100529
AY7M9MOLNXIIK,ns,20-1,20.0,1000.0,,,,4839.875396837318,5463.832671957673,4546.408333351214,5397.634722216262,6648.409722222223
AZZA3J049G7R5,rec,20-1,20.0,1000.0,,,,3410.3700000000586,3486.8450000000184,3099.5799999999817,5419.536904761756,6549.2357142857345
A102RSV009OCUW,prim,15-2,15.0,2000.0,,,,3829.5809523809526,3945.717261904762,4026.734523809524,3897.070833333333,4157.473214285714
A11BHGAKU0RIH8,rec,15-2,15.0,2000.0,,,,10673.433333333582,11583.18333333265,11343.453333333631,13697.118333333234,10700.571428569123
A13GBA16BNTN1A,rec,15-2,15.0,2000.0,,,,4053.9924242424245,3778.1241161616163,3699.5641414141414,3679.7030934343434,4371.455176767677
A13THDIE8LTQ11,ns,15-2,15.0,2000.0,,,,3471.410714282699,3495.779166660848,3425.707936501692,3365.0642857108533,3078.3964285676675
A150QX2OXHGK8P,rec,15-2,15.0,2000.0,,,,7109.879166666667,6604.719642857142,7289.991071428572,7394.275,6953.55
A151XA53WYXVD7,prim,15-2,15.0,2000.0,,,,4074.475,3674.366666666667,3646.7,3718.6666666666665,5804.31875
A1618RA11ZOD8Y,rec,15-2,15.0,2000.0,,,,2981.924999992053,2956.8412499099973,2911.291666679912,3873.1833333174386,4264.105000027021
A19X8IA9EKC3XH,ns,15-2,15.0,2000.0,,,,2882.8291666693985,2739.5695238115,2494.468928576101,3970.5691666676353,6189.401934522455
A1CFMY4CEYOM8Y,rec,15-2,15.0,2000.0,,,,2976.7666666664495,2294.5333333342955,5201.26666666676,4863.899999999208,14742.133333333613
A1E0K2VGY2684V,ns,15-2,15.0,2000.0,,,,4115.518518518518,5171.666666666667,4883.708333333334,4252.59375,3984.8809523809523
A1NQOR4RQJJDMW,ns,15-2,15.0,2000.0,,,,2158.0089285718277,2648.3958333355376,2185.479740259047,3111.264166674623,5882.875833332167
A1PZIN8H1VI6SY,prim,15-2,15.0,2000.0,,,,3233.992063517293,3389.5483333826064,3089.3422222548056,2990.689880935919,4280.566666682561
A1QRIZY9WJW3R1,prim,15-2,15.0,2000.0,,,,3613.0476190476193,3580.266369047619,3334.5,4277.803571428572,3414.0535714285716
A1QXJZFA5NVGM3,prim,15-2,15.0,2000.0,,,,3667.2083333333335,3359.142857142857,4202.958333333334,3805.9166666666665,4724.4
A1ROEDVMTO9Y3X,ns,15-2,15.0,2000.0,,,,2439.0065476193295,2083.0166666651303,2569.816964285566,2168.5749999970817,2147.1136904768173
A1SCF3L6LTFQHF,prim,15-2,15.0,2000.0,,,,1745.0000000178816,2169.6333332955837,2753.5666667156747,2803.2599999348326,2964.266666712364
A1T7EB1WEDCMXV,ns,15-2,15.0,2000.0,,,,6585.716974431866,6704.115932449376,6968.669281249895,8084.356053571392,11364.556223484724
A1TR2AOKWGQ78A,ns,15-2,15.0,2000.0,,,,3582.8333333333335,3492.527777777778,4244.083333333333,3868.1666666666665,4082.377777777778
A1UOP419O6P55R,prim,15-2,15.0,2000.0,,,,5775.11111111111,5701.833333333333,5495.599999999999,5186.099999999999,7510.690476190476
A1WM3INNDW2776,ns,15-2,15.0,2000.0,,,,5058.1305555555555,5422.646825396825,5269.927777777778,5962.536111111111,5749.805555555556
A1Z82Y9E6YWY80,ns,15-2,15.0,2000.0,,,,6197.200000047684,5891.250000052983,5016.236507907746,5019.791111099058,5382.624999984862
A2113B699TVADG,prim,15-2,15.0,2000.0,,,,5525.285714285714,4206.708333333333,4566.75,4727.1875,4867.75
A219SZBLCCCXN9,prim,15-2,15.0,2000.0,,,,5561.566666856408,6881.104166685542,8316.746666600306,5261.0805555433035,5211.056250035763
A22GYYJXTS5KBH,ns,15-2,15.0,2000.0,,,,2986.6744444457054,3358.512592593525,3424.010000001888,5155.631481482888,4162.4466666673625
A22Y78RVB8UFTD,ns,15-2,15.0,2000.0,,,,2518.7871212223263,2684.2349999864896,4194.477857148648,4441.453968261915,7662.123484846317
A233LLG8YAXWF,rec,15-2,15.0,2000.0,,,,3574.6625000004033,3776.8052083348157,4576.0529761895805,4993.656944443627,10978.276666665419
A24GX1OZE6AY04,ns,15-2,15.0,2000.0,,,,2553.3987499998825,2670.306249999834,2859.9587500000403,4182.57875000021,6220.220833333675
A26MT7KJ7NJLRN,ns,15-2,15.0,2000.0,,,,3705.8605357370207,4599.277500028412,5213.1861507943695,11572.116558453014,10227.260000044604
A26T0U2Y6LZOF3,rec,15-2,15.0,2000.0,,,,3370.875,4663.625,2893.1,6594.6,8173.2
A29J4LL0MQL3AC,prim,15-2,15.0,2000.0,,,,4911.161458338585,4096.747500008251,4112.67527779051,4411.257500003713,4524.657727258551
A2G4R0GS677RC2,rec,15-2,15.0,2000.0,,,,3119.875,3051.208333333333,6369.166666666666,2995.375,4551.0
A2IV3SSVTU90BN,ns,15-2,15.0,2000.0,,,,4572.837698408961,4701.683333320088,4839.571388915181,4936.875000004257,6429.998859102764
A2KZN3UH5NGC9,rec,15-2,15.0,2000.0,,,,3073.579166650772,3257.8166667222977,3024.333333293597,4406.999999996026,3529.7412499547004
A2MBFIAGBPU5NG,prim,15-2,15.0,2000.0,,,,3931.620535714286,3790.8944444444446,3716.3958333333335,3957.1026785714284,3950.732142857143
A2O86E23R5T4YO,prim,15-2,15.0,2000.0,,,,4607.334047586293,5221.450625007103,5096.287500004595,4739.260208346198,5073.81259919502
A2PTABUVOUYAH5,ns,15-2,15.0,2000.0,,,,2071.955719697803,1870.4808080683865,2679.3525000000204,2543.210833334054,3635.425416670988
A2R75YFKVALBXE,rec,15-2,15.0,2000.0,,,,5448.744090899012,5656.399166666468,6026.08409090882,7653.715833327175,11599.029292932664
A2RU1Q3C9VHBAO,prim,15-2,15.0,2000.0,,,,3127.6959325396824,3556.5753968253966,3763.006818181818,4647.285416666667,3814.378968253968
A2RVG8Y97DE0GM,prim,15-2,15.0,2000.0,,,,4004.2416666587815,4142.437500001474,3590.9041666736207,2936.037500008863,6971.801249978691
A2UJ9GDNVPX99C,prim,15-2,15.0,2000.0,,,,3185.6354166666665,3523.875,3318.8125,3286.7931547619046,5074.595833333334
A2UYZFH5VT5R3H,rec,15-2,15.0,2000.0,,,,3671.1734595878706,3606.7666666668324,3589.5367171761964,4465.187500005588,5417.285625000919
A2Y8LZS5C81O25,prim,15-2,15.0,2000.0,,,,5310.116666666667,4922.6463293650795,4831.418452380953,5463.0734126984125,5298.829166666666
A30NL5N71G2YAU,ns,15-2,15.0,2000.0,,,,4398.963611004088,4828.895833326521,6856.823908743404,4860.5342560427525,5172.151666561763
A310Y949ILSN3P,prim,15-2,15.0,2000.0,,,,2529.0583333333334,3331.554166666667,2659.5416666666665,2727.1,3350.6041666666665
A31P78W9ZCQXCS,ns,15-2,15.0,2000.0,,,,3402.0666666666666,4206.964285714286,3698.5625,5998.226190476191,4548.65
A347RDI3HZOUCY,prim,15-2,15.0,2000.0,,,,3179.343253968254,3858.7597222222225,2859.717361111111,3016.370535714286,2835.8416666666667
A34HQHGLIW1FYS,ns,15-2,15.0,2000.0,,,,6930.840892857243,4551.225000000852,4633.739583340163,5843.962142845882,7839.491369040771
A34IPEKX5WXJIN,prim,15-2,15.0,2000.0,,,,2900.8098484848488,2963.0759740259737,4141.113492063492,3058.287878787879,3430.3863636363635
A34YNEN8UUI3CD,ns,15-2,15.0,2000.0,,,,1634.0887499977966,1820.7795833331222,1720.4635714243034,2252.6266071411915,4792.639583333395
A35VI4SE31HD17,prim,15-2,15.0,2000.0,,,,5354.5468750015325,7316.306250005185,5936.335476188149,5356.0976190492065,6737.098333330313
A36S0DI86PL4J6,prim,15-2,15.0,2000.0,,,,5221.641666666666,6310.961309523809,6967.397321428572,6243.973214285714,5918.016666666666
A384KX8MUIJSTJ,ns,15-2,15.0,2000.0,,,,4529.419791549444,4746.585218183578,5003.217361119721,5873.218333343664,6622.101875007153
A38DHLB88V8DL8,rec,15-2,15.0,2000.0,,,,3965.9427083469927,4011.9124999617534,3516.3447916544974,4838.672916664432,4621.9645833186805
A3AWQ3AACIPXM2,ns,15-2,15.0,2000.0,,,,4055.5,6947.5,,3290.0,3966.5
A3BA2WMGN6KHUU,ns,15-2,15.0,2000.0,,,,5753.804920647299,5064.2012500089595,5117.716666658409,6039.37276787945,4579.194166650809
A3BN69Q9D7RQGR,ns,15-2,15.0,2000.0,,,,3944.5,4652.554166666667,5227.479166666666,4793.033333333333,5475.4375
A3C25IBTLB60RQ,prim,15-2,15.0,2000.0,,,,3010.674999833107,2917.324999809265,2434.3166664441424,4839.000000119209,2613.483333190282
A3FOKP72T5I4FR,ns,15-2,15.0,2000.0,,,,1789.758333325386,1602.321428520339,1876.9999999801319,2174.292857170105,2752.785714319774
A3HBB9JT9WVZS4,ns,15-2,15.0,2000.0,,,,4246.375535700577,3403.0560714361213,3254.082499983907,3610.5804166572434,3647.316666662693
A3HOPYBWSR1TWR,prim,15-2,15.0,2000.0,,,,3897.2410714285716,3718.299107142857,4247.559027777777,3780.216765873016,4125.276785714286
A3IBDJ12CRTQQN,prim,15-2,15.0,2000.0,,,,4686.6,5145.962797619048,4924.0794642857145,5277.383333333333,4558.325
A3IHTJXHWPQ2JR,rec,15-2,15.0,2000.0,,,,5980.929166666667,4178.066071428571,3939.720634920635,4923.808333333333,7414.1375
A3MWLHSW9B9RHU,prim,15-2,15.0,2000.0,,,,3511.143750017043,3376.4450000108536,3545.5374999994724,3752.3400000229476,3905.2333333243923
A3ORKXM3WG8QJ9,prim,15-2,15.0,2000.0,,,,2712.25,6810.333333333333,4778.375,13874.5,4951.25
A3P52W1SBJUT5N,ns,15-2,15.0,2000.0,,,,5500.333333333334,6233.458333333333,7125.708333333333,6515.444444444444,6739.166666666667
A3U27ZHUGOPIAN,prim,15-2,15.0,2000.0,,,,4249.95,4289.651785714286,4005.630357142857,3975.4214285714284,4566.183333333333
A3UA50A6GKNAMR,prim,15-2,15.0,2000.0,,,,5287.235416666666,5235.702777777778,4882.635714285714,4947.983333333334,7853.784523809523
A3UE8ANAIM7F15,ns,15-2,15.0,2000.0,,,,5563.978472194738,5679.113541687528,5753.54077378625,7407.463839296784,9136.269097230856
A3UGB3B1S74HR9,prim,15-2,15.0,2000.0,,,,6276.305952371586,4271.852083364294,4555.724246026977,5052.456401517265,5708.944375006606
A3UUW04QL49RSC,prim,15-2,15.0,2000.0,,,,4911.58869047619,4807.083333333333,5222.116666666667,5316.35,5340.258333333333
A6HDSE80LQPR8,rec,15-2,15.0,2000.0,,,,2491.9166666666665,2455.5396825396824,3539.6111111111113,6813.571428571429,11297.5
AAOOH6P4HHSCS,prim,15-2,15.0,2000.0,,,,3624.3017361190996,3573.290228160837,3862.6231249988077,4091.553124997765,3896.046527792596
ADGJXUEMPLTMS,prim,15-2,15.0,2000.0,,,,5523.517727251487,5881.256969752456,4673.381666598718,5249.243371186834,6625.180681857557
AEF1G6YE8RIB8,prim,15-2,15.0,2000.0,,,,5379.649553567844,5595.822916660613,5796.736904806359,5497.6663888807925,6108.354880951097
AERGHZBQFT309,ns,15-2,15.0,2000.0,,,,2628.338901509909,3241.6319805325547,4495.549867420565,6696.425238095485,17054.467272714595
AESZJEZTZEW01,ns,15-2,15.0,2000.0,,,,4218.100000047683,12604.909999918938,3991.9749998748302,4842.799999969346,3276.0999999841056
AEX1I7K7OVHHC,rec,15-2,15.0,2000.0,,,,5132.416666666667,4317.069444444444,4463.476190476191,4340.436507936508,4051.8333333333335
AEXRVIK8SKB4V,prim,15-2,15.0,2000.0,,,,4096.529166618983,4638.550000064075,4580.5666666987045,4410.512499967977,4640.0833332056645
AF0W4ZBY7VXOU,rec,15-2,15.0,2000.0,,,,2856.0811011974984,3846.927083327435,3865.8588888928293,3914.1303409027396,10596.266964280047
AFZGUWYLC0NG0,ns,15-2,15.0,2000.0,,,,3053.625,3723.216666658719,4370.5874999165535,4737.899999976158,4642.183333357175
AGANKP4PUZ4NC,prim,15-2,15.0,2000.0,,,,3527.7181817835026,4217.549999976158,4561.391666630904,4412.241666654746,4301.563636367971
AHY3YAYJLTW32,rec,15-2,15.0,2000.0,,,,1942.4791666666665,2250.5625,3654.854166666667,7018.729166666667,16487.3125
AL9SYQEUTNJXT,prim,15-2,15.0,2000.0,,,,5098.112380954764,5132.285714298487,4611.12261904847,4879.769682541111,5156.670000006259
ALDQRWYZ8KQ9A,rec,15-2,15.0,2000.0,,,,2202.2777777779847,3347.6000000008694,4145.966666667412,3972.466666666998,18619.71111111198
AM65LGXJBTJ0I,ns,15-2,15.0,2000.0,,,,1358.5627678385802,1266.342053544947,1479.5410416762033,1686.5933333526054,2221.5872023808106
AOIR8V07FYMH5,rec,15-2,15.0,2000.0,,,,2416.3545833331405,2418.8018181839534,2684.8601136417046,3047.1091666705597,4814.876931825668
AR0VJ5XRG16UJ,rec,15-2,15.0,2000.0,,,,5303.75,5512.25,6872.041666666666,5069.5,4357.7
AU5UJIZ3TLI5M,rec,15-2,15.0,2000.0,,,,2591.174999999969,3188.62107142869,4930.337499999806,4636.230833333296,3814.103333333678
AW2UVK63OLFW,ns,15-2,15.0,2000.0,,,,3014.6716666407056,3740.50956344349,3838.365773766523,3293.3712500199676,3742.848809555173
AW5O1RK3W60FC,rec,15-2,15.0,2000.0,,,,3499.3253968250956,3791.7784090894697,4454.082341270185,7274.558238635945,10419.46875000331
AWRY5SC68T0DC,prim,15-2,15.0,2000.0,,,,3542.9357142857143,2792.9400793650793,3416.06875,3257.1190476190477,3626.2086309523806
AWTCGY2CL1T68,prim,15-2,15.0,2000.0,,,,4175.270833333334,3560.089285714286,3762.5131944444447,3770.996527777778,3934.109523809524
AXSBX0MCQNG3A,prim,15-2,15.0,2000.0,,,,3459.7089285714287,3804.2976190476193,3824.2395833333335,3938.6145833333335,3619.2083333333335
A14WLAP6TCEKO0,rec,30-1,30.0,1000.0,,,4464.080079378211,5299.169444459015,4757.482222227374,5896.817341277122,6462.071874982677,5372.213492043612
A15V9BXNJXZXZX,ns,30-1,30.0,1000.0,,,4251.950000000361,3403.374999999942,4341.050000000512,5835.249999999418,4477.75,3672.375000000058
A16335MOISDG1F,rec,30-1,30.0,1000.0,,,1893.9749999998292,2061.7296212121887,2555.174999999883,3954.3069444443913,6037.599810606111,9343.707500000033
A17FJLW818UEQU,rec,30-1,30.0,1000.0,,,3372.9474747474746,3409.636363636364,3748.933333333333,3905.001683501683,3583.288888888889,4448.990740740741
A186PT9ZLO5EJD,prim,30-1,30.0,1000.0,,,3719.609821428545,4568.0374999999385,4360.311111110821,3905.816666666522,5653.104166666666,4205.414285714871
A1AS1H21O9896X,ns,30-1,30.0,1000.0,,,4489.321875013908,5990.369523801832,5807.627083337556,5237.332380944206,4928.0449404759065,6992.1952381038245
A1AYTKAQT201ZV,prim,30-1,30.0,1000.0,,,5391.760416666667,5096.090476190477,4606.714285714286,4840.144841269841,4791.555555555556,4929.378968253968
A1EII5EWOTBDK9,rec,30-1,30.0,1000.0,,,6679.832196969697,7028.943560606061,7199.133838383838,6633.75,7868.925252525252,7742.486363636363
A1F9KLZGHE9DTA,rec,30-1,30.0,1000.0,,,2431.804166665611,1886.175000000745,2221.1749999988824,2930.672222222305,5167.824999999255,2689.3541666607684
A1IGKJ200N82S9,rec,30-1,30.0,1000.0,,,4034.7339015151515,3547.286931818182,3933.583333333333,3723.0069444444443,3752.7959956709956,4587.073051948052
A1KGUJMWDCPSYG,rec,30-1,30.0,1000.0,,,4368.029166666667,5145.041666666666,4539.907142857142,4862.407738095238,5046.0603174603175,4537.416666666666
A1M1E62KXCDNL0,ns,30-1,30.0,1000.0,,,2900.742013894849,4458.238333312173,3654.862569452953,4589.682638872984,4001.1513194539066,4848.6084027903835
A1MG8KNVSVZ365,prim,30-1,30.0,1000.0,,,3497.9895833333335,4754.329861111111,4127.40625,4465.110317460318,4695.658333333333,6378.101190476191
A1MKEILXWWLBW2,rec,30-1,30.0,1000.0,,,4180.391666665829,3801.850000000248,3696.0833333333335,5590.758333332371,3425.737500000745,2876.3000000001243
A1O67YS3DU0ZHX,rec,30-1,30.0,1000.0,,,4682.0209595959595,2375.7993055555553,4067.7368686868685,6700.739393939394,7676.998484848485,9232.744191919192
A1Q0G8JA5EZ8EI,rec,30-1,30.0,1000.0,,,5044.387500025332,4155.075000037749,5079.662499979138,3344.350000053644,6211.8749999552965,7338.7166666885205
A1SLJKNSNHOJRN,rec,30-1,30.0,1000.0,,,1611.2074999987547,1936.7041666644316,1951.5823908776401,3274.8019047598045,3417.921249990993,7027.384375002235
A1T2P6E67251U5,prim,30-1,30.0,1000.0,,,3722.368749856949,3627.641666630904,3225.75,2700.8541666070623,3689.9333333174386,3286.5999999940395
A1U4WS9KJMADV,rec,30-1,30.0,1000.0,,,4505.413105998391,5206.666249964469,5293.407070681528,6749.34646471507,5428.923566060601,6985.596644946071
A1X4T3QSIE8YYX,prim,30-1,30.0,1000.0,,,4397.583333333334,7857.541666666666,2847.875,3818.875,4852.458333333333,6447.875
A225J5T6WHO2MG,prim,30-1,30.0,1000.0,,,7337.861111111111,5711.666666666666,5271.020833333333,6558.833333333334,7253.35,6436.5
A23KDD6OPM4NJ0,prim,30-1,30.0,1000.0,,,4473.433333330684,4055.033333361149,2827.1875000298023,4144.033333341281,3785.9166666785877,3393.7055555317143
A25Y3D2Y2DR8WM,prim,30-1,30.0,1000.0,,,5708.170634920635,5435.017361111111,5700.4125,6043.6194444444445,5310.728571428572,5439.438194444444
A26XKTGGGYBI4J,prim,30-1,30.0,1000.0,,,5547.282341269842,7210.778571428571,6262.597222222223,5350.285714285714,5785.194444444444,6026.7375
A28OD52SMLYQ16,rec,30-1,30.0,1000.0,,,4087.982142857143,4350.339285714286,5563.182467532468,4450.662987012987,4168.329861111111,6825.666666666667
A28TA25NJGLL3Y,prim,30-1,30.0,1000.0,,,5771.061111111111,5588.090277777777,7349.702922077922,5215.703571428572,5783.652777777777,4569.03125
A28ZPY6D5AS7GZ,ns,30-1,30.0,1000.0,,,1642.7185714278312,1613.8566666660743,1573.1995238108295,1732.1289682552099,1930.1031746041429,2017.1483333328117
A2ASRB2MTHDHPD,prim,30-1,30.0,1000.0,,,2947.050000000745,1886.4000000022352,2432.199999999255,5316.4000000003725,,3104.900000002235
A2BUHMLNE3LUU0,ns,30-1,30.0,1000.0,,,5901.375454545401,6020.284469696778,6168.862499999814,6765.531363636797,7556.01212121223,10422.811919191607
A2E2SLXF4KQ3S1,prim,30-1,30.0,1000.0,,,4095.449999650319,2506.475000143051,2820.250000476837,3721.0666666030884,5265.333333651224,2945.3999996185303
A2FJIZUHR6E4EZ,prim,30-1,30.0,1000.0,,,4143.977083345254,3808.6666666517654,4933.2674999857945,4681.4962499812245,5325.7241666863365,4463.917142865062
A2G2T6EMXAOKMS,rec,30-1,30.0,1000.0,,,2297.5192760955856,2710.1974025895233,4504.882794617547,4743.841439399101,8560.396590907048,15328.886580094726
A2GRA6N98ZPIQ1,prim,30-1,30.0,1000.0,,,2043.75,2559.625,2280.375,4596.375,4091.5,2730.125
A2IKLJWU2OJ1YX,prim,30-1,30.0,1000.0,,,3657.735833333681,3202.2718181722994,3299.973392856121,4276.638958326272,3967.943484857182,4266.174639252045
A2K5AXCSY703CU,ns,30-1,30.0,1000.0,,,6949.266666666666,6369.731313131313,6133.353054353054,6760.706878306878,6154.731481481482,6111.974747474746
A2MV1R6YYOIO30,prim,30-1,30.0,1000.0,,,5352.408333311479,3489.399999987511,3396.4240740040937,3979.571428595554,4900.245833357175,4200.310052883846
A2NU82V08QSPCC,prim,30-1,30.0,1000.0,,,4274.243434362942,4096.804393959045,3844.9098484756973,4546.099090905623,3310.9574242410035,4524.025454526959
A2NY0VWEWDULC6,rec,30-1,30.0,1000.0,,,4871.961666686005,4612.221626975777,4578.426071460545,4804.754444409831,5462.040494215363,5109.428214322723
A2OFVEA8BEJDZN,ns,30-1,30.0,1000.0,,,5404.14851193674,4819.989732082401,7167.854414660306,4567.656745924836,5080.022073495483,7061.132222252422
A2P83PY6P7ECM5,ns,30-1,30.0,1000.0,,,3784.359999966621,3523.225000023842,4160.475000023842,4153.8199999451635,4541.106666636467,3804.2050000011923
A2PUL3ZDXOW0VZ,rec,30-1,30.0,1000.0,,,6675.176363628019,7599.137777780494,9118.718181831187,8857.868409090694,11761.601111120648,16292.709034089406
A2ROI30AQITC3V,ns,30-1,30.0,1000.0,,,5626.135921711768,5642.343105154141,5572.604464304116,5353.542142839942,6942.252361194955,7379.61638888518
A2VZN8J53Y5WYR,prim,30-1,30.0,1000.0,,,2856.2861111031634,2962.489999997616,3056.112500006954,3580.647500011325,3132.367083304127,3494.405555566152
A2XMRJKCNKLL4E,ns,30-1,30.0,1000.0,,,3421.5801785449894,3439.7089583997927,3244.841111128789,2933.935595237038,3604.789166700157,3819.2470535559314
A2Y0VM8BAF0RMT,ns,30-1,30.0,1000.0,,,3615.4944444444445,3556.392857142857,3472.9333333333334,4052.590277777778,3123.65,3628.8500000000004
A2ZGAH6NOSU2PO,rec,30-1,30.0,1000.0,,,4604.039545488357,4839.285000002385,5102.228282821299,6802.154999995231,10081.389999997617,14036.038750010728
A30DHHAL100LZR,ns,30-1,30.0,1000.0,,,7160.708333333334,8517.783333333333,6016.012987012987,7689.012987012988,6871.443181818182,6106.214285714286
A31SZFE8M7YK0S,ns,30-1,30.0,1000.0,,,4020.9249999999997,4787.571428571428,5032.452380952381,4450.679761904762,5965.865079365079,4807.734523809523
A34DYM8J0X5VK,rec,30-1,30.0,1000.0,,,2580.760972234276,3834.6067361071705,5066.644861112287,5044.293750009686,9015.299007943935,11604.92272729071
A36IB78C6MVA3,prim,30-1,30.0,1000.0,,,3736.1944444444443,3486.5238095238096,3845.8958333333335,3496.8125,3768.857142857143,3302.95
A389Y151TAJ4XG,ns,30-1,30.0,1000.0,,,3672.1995833337305,3151.9312500149013,3207.5599999785422,3033.9145832459135,3066.1395833045244,3038.5205555240314
A3AY0315YWWNXY,rec,30-1,30.0,1000.0,,,1340.0499999821186,1640.4000000158946,2756.0666666825614,2049.7000000079474,1336.3333333333333,4005.0000000298023
A3EUH97BRHRSI6,rec,30-1,30.0,1000.0,,,7874.190972222223,6477.9171626984125,6737.510416666666,7741.184027777777,6648.546626984127,8353.4375
A3I97794CB5SUO,rec,30-1,30.0,1000.0,,,3778.1722222222224,3979.4494949494947,4744.371212121212,6098.69696969697,8326.602083333333,14287.156565656565
A3RVHUY67SVXQV,ns,30-1,30.0,1000.0,,,4181.0,969.0,4363.0,1368.0,,2521.0
A3TX84QHD321M7,prim,30-1,30.0,1000.0,,,5168.519841269841,4863.1577651515145,4976.752777777778,4882.322916666667,4905.000992063492,4407.5
A3UCN8EJI08X2P,ns,30-1,30.0,1000.0,,,3398.9886363636365,3632.651515151515,3224.8011363636365,4017.1382575757575,3940.209090909091,4634.239898989899
A3UQ5DF8VVD975,rec,30-1,30.0,1000.0,,,4204.255176755214,5281.788674221165,6396.487556811625,8511.080808065155,6831.067840924588,11317.780793676111
A3V71NT2X4HD1I,prim,30-1,30.0,1000.0,,,5259.309722222222,5724.119047619048,5371.7875,5220.829365079365,5597.272186147186,5221.888888888889
A51TGVVYJF7T0,prim,30-1,30.0,1000.0,,,6151.096825396826,6727.941964285714,6223.675,6910.598214285714,6669.273809523809,6521.21387987013
A7USTT4KU1ZBO,ns,30-1,30.0,1000.0,,,6948.074999999255,7222.672916652635,7814.912499999007,5796.424999998882,6523.802083343267,5543.341666676104
AB5WBMZGLX57B,ns,30-1,30.0,1000.0,,,3727.0694444444443,4072.0535714285716,3875.527777777778,3454.7916666666665,4042.1702380952383,4684.416666666667
ACBROX4H8BSW3,rec,30-1,30.0,1000.0,,,2677.455194801286,3591.2178571434424,4143.787878790108,7179.457142854762,5456.440000003204,14762.257142863156
ADJ9I7ZBFYFH7,rec,30-1,30.0,1000.0,,,2191.381818194281,2354.231818193739,3289.77727275274,3174.5694444419605,3770.1393939500504,12763.099444448286
AGILQEFEPEK7N,ns,30-1,30.0,1000.0,,,2155.8035714295174,3174.946825398103,3163.460317465048,2762.2797619000316,2897.615476176852,4101.404761910675
AH7HACNNRSIPO,ns,30-1,30.0,1000.0,,,2638.441515156657,3812.9629629519245,3488.3994949324265,3129.1250000684354,3083.0348821444945,2801.021548819863
AIDU49N2KO05N,ns,30-1,30.0,1000.0,,,2570.73714286685,3679.591666676104,3075.948749998957,2911.1937499667206,3458.6393452430766,5270.159166674564
AJUVX0E4OPTAO,prim,30-1,30.0,1000.0,,,5266.907142857142,4118.096726190476,4990.091540404041,3977.4333333333334,4161.791666666666,4899.094913419914
AK3GAHRZ6M6WM,rec,30-1,30.0,1000.0,,,4169.964285705771,4236.66428571561,4864.872222211626,4761.650000014475,6330.370000016689,5110.441666692495
AKE4AYF86KJVU,rec,30-1,30.0,1000.0,,,1576.7866017335807,2265.0002272739403,2354.716287869283,2949.512500001761,2641.9558333349014,4237.474464287662
AKNBC1TE88NDO,rec,30-1,30.0,1000.0,,,4380.405555542972,5164.76166667276,5651.951111124621,5548.029999989271,7317.463333338499,9744.913333338498
AKX4H8RT7BL7H,rec,30-1,30.0,1000.0,,,2371.324999981125,3267.1313227365886,4815.354629641882,5022.558730148449,6025.383333325812,12578.042129623116
AOYDGVOZUIHII,prim,30-1,30.0,1000.0,,,3856.6422619035557,3808.969990075935,3423.9468750096858,3889.3523809538474,3735.3287499886537,3649.3279762019715
AP4B1GJIT3HYF,ns,30-1,30.0,1000.0,,,6593.914285714285,6790.55625,7858.288095238096,7025.883333333334,9184.196428571428,7412.575
AXFH1DT8PR0K2,prim,30-1,30.0,1000.0,,,2405.985000050068,2640.7214285986765,2429.9031746803767,2882.4949999928476,3514.046825386229,2654.9361111429002
AXFP50XOZD2NI,rec,30-1,30.0,1000.0,,,4408.931448412699,5135.10625,4929.5625,4692.10386904762,5541.073214285714,5148.1238095238095
A12LX24NC3FP2U,ns,20-2,20.0,2000.0,,,6818.116666667991,6443.290476186645,7683.1303571444005,6976.078571431073,6393.637500001118,7057.711111111774
A161VPQSXLLV8U,ns,20-2,20.0,2000.0,,,4999.963392858758,7928.867559525328,6217.47041666718,5378.313333330796,5936.270833333091,5785.898035716069
A166P9BSWIFF32,prim,20-2,20.0,2000.0,,,3074.6125,3778.633333333333,2696.3214285714284,3198.25,3059.5714285714284,2727.5238095238096
A17IPELR5NC2LZ,prim,20-2,20.0,2000.0,,,6841.944444444445,5316.05,4420.028571428571,4897.833333333333,4672.36111111111,3625.6875
A17TMQWTCJVOV5,rec,20-2,20.0,2000.0,,,4086.7131313131313,3710.646103896104,3724.1055555555554,3384.128832972583,3931.8625,4999.416666666666
A1CB9NR3SN4VMY,prim,20-2,20.0,2000.0,,,3774.5954166754177,3673.34375000773,3915.4906249834457,4019.2008333387475,3684.7654762007296,3961.6432359331625
A1FM638CHGPC1M,ns,20-2,20.0,2000.0,,,3288.625505955398,3145.3928571535007,3745.13444444057,3416.1700595115612,3257.495238094502,3375.095208337593
A1HENLDLQEO5BZ,prim,20-2,20.0,2000.0,,,3000.25,2268.6499999761586,2753.5666666825614,2281.9333333969116,2628.9333333174386,2027.766666650772
A1J39RAV7TKEMF,ns,20-2,20.0,2000.0,,,6735.1583332618075,5547.011111100514,6000.9933333079025,5020.288888878292,7052.683333396912,6262.766666730245
A1JL3HCA0MK9UI,prim,20-2,20.0,2000.0,,,5335.363333479563,5088.389583369096,5415.874999821186,5564.4075000166895,8119.850000103315,5142.439999771118
A1L5A88C9PPK5L,prim,20-2,20.0,2000.0,,,4577.75,4723.357142857143,4057.9166666666665,4404.541666666666,4507.875,5225.946428571428
A1LA6CIGBNDOH9,rec,20-2,20.0,2000.0,,,2027.770277777552,3154.392196969359,3139.541944444627,4440.6186111112,4671.738412698579,14359.16046627001
A1MD74JPL7E9PK,prim,20-2,20.0,2000.0,,,5258.858863597928,6663.580134662315,5598.196136381409,5622.214814809516,5412.298484775755,6439.746018565584
A1O0K8V58YRL4A,ns,20-2,20.0,2000.0,,,6214.388888888888,3229.3333333333335,5615.11111111111,4885.5,6268.777777777777,4469.61111111111
A1PTX4IB9R34LI,rec,20-2,20.0,2000.0,,,,,,,,
A1S2EXYEG5I8HW,rec,20-2,20.0,2000.0,,,2565.6666666666665,2252.4603174603176,2368.277777777778,1876.4444444444443,3954.246031746032,6841.277777777778
A1SJLXB0XFCJ97,prim,20-2,20.0,2000.0,,,2989.691666677594,4053.4666666587195,3553.191666687528,3033.644444450736,3889.0555555456212,4307.583333333333
A1TPGXT718D68E,rec,20-2,20.0,2000.0,,,3305.2221428581247,4172.6790178495075,3967.368452382041,7867.849999997842,10088.379583331873,12382.882083335488
A1TVWMWE03AWAW,rec,20-2,20.0,2000.0,,,4111.666666666667,4888.733333333334,4371.133333333333,4185.785714285714,4969.625,9092.1875
A1VEOI1H4AE1T3,prim,20-2,20.0,2000.0,,,3442.500000004967,4337.70000000298,5374.9749999940395,3047.5833333383002,3081.0499999970198,2759.9000000059605
A1WT2CM71Z9MP3,prim,20-2,20.0,2000.0,,,4995.5952380952385,4438.833333333333,4154.576388888889,3761.919642857143,4490.994047619048,7425.475
A20YXCVKHSTSPC,prim,20-2,20.0,2000.0,,,,,,,,
A2147HO7VBGJCU,prim,20-2,20.0,2000.0,,,4134.414285714286,4498.25,4029.666666666667,3490.6000000000004,3140.208333333333,4030.5
A248QG4DPULP46,ns,20-2,20.0,2000.0,,,2624.469444440471,3644.4427083432674,3386.714166683952,3823.4687499801316,4960.089583341032,8923.220833327621
A25S9Y5DZ9OR16,prim,20-2,20.0,2000.0,,,2639.5166666666664,2685.4583333333335,1885.075,2524.725,2201.366666666667,2458.5416666666665
A25VK411P03A5T,rec,20-2,20.0,2000.0,,,2648.25,2987.0,3169.6666666666665,4094.0,2919.625,3100.3333333333335
A289D98Z4GAZ28,prim,20-2,20.0,2000.0,,,5851.763888889675,5646.522790403877,4042.1201388899544,4469.340624999601,4424.5871212121565,5546.778611110902
A2BTEQA95MCIHU,prim,20-2,20.0,2000.0,,,4064.6750003496804,5932.775000095367,5786.299999872844,4588.77499961853,5935.96666653951,6973.383333630031
A2E8PL8ZWIZVJ0,prim,20-2,20.0,2000.0,,,3657.5958333194258,3970.698809608959,4170.779375088215,3962.643402854602,3470.2204166611036,4529.776785736993
A2I6HVUDBTGD1,prim,20-2,20.0,2000.0,,,4272.367708375057,4900.205357111163,4223.987936551609,4197.703720189276,4129.960416662693,5073.779761969097
A2KHR0GTA0DBWI,rec,20-2,20.0,2000.0,,,5109.209722222222,4684.653896103896,5611.38768939394,5423.152083333333,5522.67803030303,6768.333080808081
A2KT30RCVX67ZS,prim,20-2,20.0,2000.0,,,3810.1791666830577,3088.8537499899667,2981.6550000041725,3864.0141071668695,4536.150535713988,4093.9392857251423
A2MMGDAA7JJKIE,prim,20-2,20.0,2000.0,,,6803.337738094017,5879.677083351546,5203.089404798122,5251.741666634877,6004.591666678588,6191.384523806118
A2MOKIEQZ0OF2M,prim,20-2,20.0,2000.0,,,4420.079166667037,3934.719047619174,5446.261111110992,4616.946031745738,4268.703769841006,4530.506349205631
A2NZ783AY1LBPW,prim,20-2,20.0,2000.0,,,7517.183333330891,6363.539267674691,5382.015972224685,5066.592857146618,7020.429166668405,5378.530625003204
A2NZAL7KHOR6VF,rec,20-2,20.0,2000.0,,,3325.1358333304524,3622.0405555486677,3410.8944444429544,5132.988541662135,7253.578333331147,12472.828333336405
A2OOS7IXSKJFFI,ns,20-2,20.0,2000.0,,,3985.0916668971377,3651.733333349228,3583.2999999523163,4149.69999996821,3734.0249999165535,3660.3799999237062
A2P2YEHX1FXD20,rec,20-2,20.0,2000.0,,,4840.972222222222,4700.222222222223,4851.599999999999,4045.9555555555557,4131.183333333333,4343.694444444444
A2QHI85LQPJZYP,prim,20-2,20.0,2000.0,,,3494.522222222222,2530.142592592593,2876.6222222222223,3414.7666666666664,3000.097222222222,4302.351190476191
A2SSY7MHPDQVUS,prim,20-2,20.0,2000.0,,,2374.7079545652323,2429.785454536026,2212.0272727175193,2761.2136363766413,2704.3030303198884,2428.318181812763
A2UX2W49R55PH4,prim,20-2,20.0,2000.0,,,5348.333333333333,4531.833333333333,5590.0,9245.444444444445,5545.0,5934.777777777777
A2VIKCIM9TZL22,rec,20-2,20.0,2000.0,,,1547.280634918856,2088.32714283613,2399.733333293597,3990.200317452966,3471.7773809869373,14370.636111109125
A2XGHLVP2C1FVA,ns,20-2,20.0,2000.0,,,4556.318194443649,5056.169444450281,5584.891111096119,4753.735694431058,5286.505694447209,6886.593749997872
A2XVLOZY7FJCC2,rec,20-2,20.0,2000.0,,,5689.654652776982,5675.823333320187,5739.832539683213,6237.040000005232,7818.03305556087,8412.977171722325
A2ZVBFH732LYXQ,prim,20-2,20.0,2000.0,,,3496.912500000093,5953.685416666946,4055.6250000000773,4079.1694444450036,4178.4645833338145,5217.5604166664025
A304UJAE051J89,rec,20-2,20.0,2000.0,,,3183.0346428590165,2228.6517424265767,3216.7160714285715,2588.1789393854865,3636.9148809593585,3887.4403030525104
A312HQ3OU0EYTB,rec,20-2,20.0,2000.0,,,3595.9166666666665,4417.594444444444,3650.6666666666665,5136.433333333333,6039.777777777777,12919.383333333333
A35S8HPY0V445,ns,20-2,20.0,2000.0,,,5744.35142856815,5203.05917659469,4494.735416659465,4905.339027768374,6233.29401783482,7022.019128787924
A37GOI3N77WX21,ns,20-2,20.0,2000.0,,,4004.7769886368887,3767.5349999990694,3632.410681816965,3274.29948863498,3207.5662878795415,2863.1978535342378
A389UA2GRCJ6,prim,20-2,20.0,2000.0,,,3803.208333333333,5120.771428571428,3948.0208333333335,4131.5297619047615,5159.705357142857,5659.983333333334
A3A7XOKH39SYOI,prim,20-2,20.0,2000.0,,,3702.907291630904,2661.6291667222977,3530.0013890204923,2635.6459521770475,4027.303124974171,2918.915833300636
A3B0CMCBWAND7,rec,20-2,20.0,2000.0,,,3959.6537247524416,4084.262215910056,3973.5542929257936,3718.1784722262787,3868.991161615785,8606.763844691595
A3C4WGE4SOGM1,ns,20-2,20.0,2000.0,,,3304.733571427209,3747.7928571658476,4079.7145832611454,3787.6416666905084,4671.409722208977,4913.4335714919225
A3CKVVGWBS4NGU,prim,20-2,20.0,2000.0,,,3705.194761905216,3810.021874991059,3785.191964287843,4130.941666632891,3654.3561607071333,3546.435119025764
A3GDVKIN7ZGUG9,rec,20-2,20.0,2000.0,,,5359.027777777777,4667.642857142857,6905.923611111111,9910.3,5015.9375,8210.107142857143
A3HE29W5IDR394,rec,20-2,20.0,2000.0,,,2843.541666666667,2718.6727272727276,3396.5069444444443,4927.453733766233,6597.689285714286,11776.058333333332
A3I1SGVY37KR4A,ns,20-2,20.0,2000.0,,,9841.833333333334,5288.722222222223,7099.527777777777,6755.083333333333,6737.388888888888,8552.25
A3J5HRXH4F64SP,ns,20-2,20.0,2000.0,,,,,,,,
A3LVLZS8S41ZD7,rec,20-2,20.0,2000.0,,,2581.2625,2266.7708333333335,3400.125,3802.804166666667,7724.854166666666,10590.3125
A3LXARU55PR281,ns,20-2,20.0,2000.0,,,3952.25,3957.822619047619,4410.991666666667,3846.7511904761905,4374.944444444444,3989.482142857143
A3TR3KIRG5PCZ8,prim,20-2,20.0,2000.0,,,2526.1330357142856,2503.6583333333333,2312.53125,2477.6006493506493,2388.9141414141413,3623.3975378787877
A3U2A632YWEX7B,prim,20-2,20.0,2000.0,,,4299.901666673024,4733.390416590373,4594.7116662502285,5651.656726065136,5753.609166908264,4956.989166609446
A3U69MNO1JC7V4,rec,20-2,20.0,2000.0,,,4531.1875,4504.025,3838.066666666667,3682.866666666667,5285.75,5887.5625
A3UMHUWJKRGKNR,rec,20-2,20.0,2000.0,,,5275.917261913324,5973.658501981341,5796.63645832551,5679.635982135736,6239.281101193456,8070.197123008411
A3VW5PI9ZX9DOD,ns,20-2,20.0,2000.0,,,4022.550757624886,5348.227272763397,4198.706666684151,5576.401136327873,4275.75909092932,4346.400000023842
A4HWADFPGP45G,ns,20-2,20.0,2000.0,,,6433.402857112885,5787.337083356083,5335.0160713933765,6100.06607139217,5524.833273821359,7185.374107140516
AFRKVRPZ2RHY8,rec,20-2,20.0,2000.0,,,2681.695454535159,2119.563636376099,1936.7954545508733,3034.4727272635155,3439.286363639615,11138.715000015498
AHZCC2V399WUN,ns,20-2,20.0,2000.0,,,3513.183333312472,3797.799444430404,3498.36736105548,4863.312291638056,8132.09166666755,3621.552083396249
AJABAPM32ETMN,rec,20-2,20.0,2000.0,,,4466.351010101011,5698.561111111111,4862.0,4559.294444444445,5017.833333333333,5113.287878787879
AK1EF4NACR1UJ,prim,20-2,20.0,2000.0,,,4313.235416644811,4574.823125004768,4208.644791608056,4111.8683035109725,4173.886904828605,3856.2685416599115
AKIT35WR8HEQ3,prim,20-2,20.0,2000.0,,,4801.610138865948,4636.276785722767,5085.485625010077,5684.797500008764,4829.116071458374,7233.538958337298
AP9WIQ4P78XLH,rec,20-2,20.0,2000.0,,,2010.9750000004967,2426.869444444941,2873.6805555558867,5078.833333334162,5860.113194444537,11686.587152777312
AR9AU5FY1S3RO,rec,20-2,20.0,2000.0,,,2772.7804761913917,2821.1849386749673,5308.100198413562,4662.816666665673,6363.275517675685,6439.993571426258
AXCDKBG1R43GE,ns,20-2,20.0,2000.0,,,4792.656899348525,4061.0437590191214,4330.77611111203,4469.859722220197,4065.5093750006636,5218.490386910335
A102WSFN62OS6I,ns,40-1,40.0,1000.0,3903.5978835978835,4005.737037037037,3889.777777777778,3863.560064935065,3571.6279461279464,3879.5601851851848,3648.5037037037036,5217.319805194805
A13WTEQ06V3B6D,rec,40-1,40.0,1000.0,9433.583333333332,2115.6624999996275,4618.521428566426,6454.85000000149,4233.742857145411,4492.542857140835,4063.85000000149,1901.183333337307
A178HXQENEAI65,rec,40-1,40.0,1000.0,3923.130208299983,3516.4918948181567,3438.9225694462657,3396.8718750029802,3435.2340277665194,3647.387003960212,3353.9129959718575,3647.014944047359
A1BLHM2IDH7DH4,prim,40-1,40.0,1000.0,4721.103571428572,5066.688888888889,5219.086111111111,4951.520833333333,5583.352380952381,4909.944444444444,5489.538095238096,4644.836309523809
A1DJB12ZI46GPX,prim,40-1,40.0,1000.0,4239.344444444445,4592.510416666667,6285.515972222222,4711.283333333333,5103.975,5896.794444444444,4683.334722222222,4559.613888888889
A1DZMZTXWOM9MR,rec,40-1,40.0,1000.0,3311.9791666666665,3657.1999999998757,4462.891666667226,3985.9833333335505,7669.645833333489,8960.683333333582,10326.844444444196,13403.962500000373
A1EU59VMI8GL4K,rec,40-1,40.0,1000.0,3812.4402777777777,4598.48106060606,4637.968055555555,5305.025252525253,4861.967424242424,5292.372537878788,4660.751704545454,5452.67904040404
A1F0VEHWK3IAF4,ns,40-1,40.0,1000.0,5199.325000047684,3530.6500000059605,4637.400000050664,9403.024999983609,4609.024999976158,7984.274999931455,8456.574999950826,6954.850000046194
A1HGWCCIWP7AO0,ns,40-1,40.0,1000.0,4655.796868716346,5238.968518575032,4453.760101000468,4870.651216912144,4265.015925920577,4258.413116847695,5820.255454523877,5259.617710376829
A1IL5P5H5VRW0D,prim,40-1,40.0,1000.0,4862.12569444047,4294.698611105482,4330.999999982118,4671.000416678438,4522.943749991804,4187.781666688869,4898.150833334774,5091.925833320866
A1J5OW12TRQSOW,ns,40-1,40.0,1000.0,4030.7333333045244,4334.939583311478,4882.573737344055,4474.026388911323,3936.076190473541,4074.2104545186867,4798.120138881314,7952.604090925239
A1KCSGTT6Y26LH,prim,40-1,40.0,1000.0,3057.8020833333335,2824.1916666666666,3273.1890873015873,3256.6026785714284,3971.5753968253966,3064.982142857143,2899.991666666667,3387.1979166666665
A1RQ8PX7A0CH3C,rec,40-1,40.0,1000.0,3546.683531746032,4898.675,3796.0773809523807,3859.6875,4207.208333333333,4053.7220238095238,3587.057142857143,4291.852083333333
A1RY1N37JYUHBU,prim,40-1,40.0,1000.0,3390.833333389532,4150.232222207388,4265.7174999833105,3327.83492066179,5449.323888887299,4357.3720238052665,5848.759999962647,4683.667777805858
A1S54RQW9FDK0X,ns,40-1,40.0,1000.0,5062.029761904762,4765.8963293650795,4272.424107142857,4188.708333333333,3768.073214285714,4857.853174603175,4862.615575396825,4708.653273809524
A1TG34GJ1WTN0C,prim,40-1,40.0,1000.0,5442.994444496101,6010.744444529216,5676.42222218381,5647.644444409344,7997.3111111621065,6869.061111105813,5888.482222186194,6357.366666697794
A1UH6A625GF5MD,prim,40-1,40.0,1000.0,4077.158098845599,4239.036931818182,4731.940476190476,4181.769841269841,4174.739312770563,4647.930555555556,3795.7952380952383,4231.975
A1VHK9OFD7H8ZH,rec,40-1,40.0,1000.0,5632.916666666667,4041.5875,5260.416666666667,4272.163690476191,4169.75,6316.041666666666,4507.416666666667,3570.9708333333333
A1ZLLYRW6GIVC7,rec,40-1,40.0,1000.0,2572.875,5860.824999999255,1360.5999999940395,1822.9874999970198,2345.35000000149,4949.912500003353,1759.7000000029802,13402.099999999007
A20GJP9C5KC2ZU,ns,40-1,40.0,1000.0,4231.949999854678,4992.508333275715,5154.900000042386,6817.787499934435,5428.593333419164,7121.5066666920975,4978.055000042916,5654.174999880791
A23W5HVE02LM0E,prim,40-1,40.0,1000.0,4601.140773766807,3806.6287499815226,4647.47142857526,3903.428392892224,4700.217023837283,4519.4665178614005,4514.847023814349,3857.627500003576
A2541C8MY0BYV3,rec,40-1,40.0,1000.0,1964.43333333383,2881.2895833338753,7090.54166666766,5270.270238095114,3214.8479166667908,4781.6668831163415,3733.9461309527533,6917.616666667536
A271830PNYAI2G,rec,40-1,40.0,1000.0,1225.4633333329732,2449.4402777781293,4177.5402777786885,1948.157407407459,5515.892592592648,3146.0648148152977,5175.5081481472635,6452.962499999441
A29JQ7VMQ1HKYP,ns,40-1,40.0,1000.0,3997.3153408702124,4025.3842460370724,3582.395833346579,5234.751875073649,4025.0087500214577,4423.995833356347,4720.372500031359,6500.96597223315
A2GUPBBFPPSXYR,prim,40-1,40.0,1000.0,4354.5273358585855,5037.901957070707,4605.050505050505,4760.397222222222,5281.517316017316,5103.981313131313,5099.4136994949495,6036.035037878788
A2HRUFTA09371Y,rec,40-1,40.0,1000.0,2583.2056569224656,3352.790404266781,2714.9979794001338,2721.9033336639404,3727.2715152779015,2916.9177775912813,3983.487407528912,7866.958889155918
A2IK3H6MQ1QV6E,rec,40-1,40.0,1000.0,4681.417196987795,4749.285606048324,4925.318181810957,5087.964772708036,4152.715340906923,6314.378636367213,5342.617045444792,6613.98560603261
A2L7RTYO4UMYDH,ns,40-1,40.0,1000.0,5134.075757575758,5472.571428571428,5058.5,4682.433333333333,6749.992424242424,4601.175,4852.916666666667,5604.982142857143
A2LI1OIR4BVJRW,prim,40-1,40.0,1000.0,5205.143055534363,4955.1511110597185,4677.697857083593,5297.786111232969,4746.4218749344345,5706.427291782034,4652.555000005828,4479.746774908372
A2NEFRREWF33YP,rec,40-1,40.0,1000.0,3679.78143939196,3559.4001893910868,3544.9278409080625,3827.4122348483625,3448.9058712145143,4998.3216666682,5406.931818184972,7364.224318183598
A2P8V5SKYLL5I4,rec,40-1,40.0,1000.0,3057.616666588518,4312.927777734068,5533.722222215601,4563.850000010597,4770.875000019868,4140.470555561119,5175.791666666667,7432.986111117734
A2PSU15S8ZI3V5,prim,40-1,40.0,1000.0,4353.402777786293,4670.112694842204,4600.545694496234,4778.095833271742,4501.2141667114365,4285.234166644679,4601.401388883591,4567.761704549103
A2QUSCZS3RXGXE,ns,40-1,40.0,1000.0,3861.121755869899,3662.496956160316,3153.9330897602167,3042.987518943801,3382.030965852015,3555.622821999964,3008.917738121464,2253.027976154507
A2TUYGXQ15U6GO,prim,40-1,40.0,1000.0,4557.6523809523815,4552.304761904762,4421.280423280424,5014.322222222222,4399.733333333334,3763.3333333333335,4383.126984126984,5201.994047619048
A2UEVNT8VQD1SA,ns,40-1,40.0,1000.0,5453.970000000453,5535.092272728919,6553.691098485227,6325.908333334422,5514.6311868692965,5298.853787879989,6449.884494950513,7264.16541666581
A2VR9O234UCT9T,rec,40-1,40.0,1000.0,2123.292916666476,2554.3650000009725,2902.9024999996645,2917.221249997779,3161.9012500010003,5793.82583333395,7284.6604166663055,5857.264166665784
A2WCPERU8X385N,prim,40-1,40.0,1000.0,5255.448055578603,5474.2252146479605,5510.535957770817,5134.919999989442,4981.1729464090295,5111.563470432201,5127.425858595215,5463.367499971389
A33GZS6SU4O20M,ns,40-1,40.0,1000.0,4384.295138888889,4321.291666666667,3608.934523809524,4049.949900793651,3708.5734126984125,3890.825,4558.101190476191,4752.055357142857
A38I0E8UK53ME5,rec,40-1,40.0,1000.0,3697.1797619047616,3232.709523809524,3944.8134920634916,4402.37962962963,8026.098544973545,5121.323809523809,13511.975,10000.391666666668
A3BZH91MITQA5X,ns,40-1,40.0,1000.0,6171.606944433847,5890.082142882403,5432.135119055282,5285.529682543637,4873.87654762041,6239.244880941155,5543.446388857895,7116.646349220427
A3NX66U9RAY2GQ,prim,40-1,40.0,1000.0,2697.0583333333334,2412.895833333333,3427.875,3569.766666666667,3003.925,2766.6785714285716,3039.75,3319.5226190476187
A3O40YLW6MYU8C,prim,40-1,40.0,1000.0,4919.595833333333,5349.604166666667,5627.10284090909,5691.271825396825,5987.41875,5563.442532467532,5439.182828282828,5459.868055555556
A3S2AUQWI7XWT4,prim,40-1,40.0,1000.0,5558.7,2833.73125,3288.7916666666665,3089.1833333333334,4001.4583333333335,2977.9166666666665,3373.55,3838.5125
A3SA9LY6RXKFOI,prim,40-1,40.0,1000.0,6521.491666666667,8518.025,8001.75,7549.825,7460.075,8539.758333333333,5775.083333333333,8706.083333333334
A3SLT6KVF0NXPH,prim,40-1,40.0,1000.0,4757.722222222223,4975.839781746032,4514.997222222222,4306.032638888889,5002.826388888889,4959.7375,4568.626984126984,4986.945535714286
A3TNSJSXI464IT,ns,40-1,40.0,1000.0,3444.9156250037486,3752.4107638974156,3832.1166071406433,5550.081696432983,4516.91374999759,4051.4048115096734,4488.035119045925,4820.00249999892
A3TUJBPLJGTI5,rec,40-1,40.0,1000.0,1911.5,1355.5,1346.5,1349.0,2473.5,3218.5,5750.5,2123.0
A3VL1CBZ3BGQK7,ns,40-1,40.0,1000.0,2312.427500002086,2647.9337499968706,3074.4837500058115,2907.0124999973923,2716.833333339542,6857.274999996026,6869.691666662693,8067.945833323523
A47VA451RDBV3,prim,40-1,40.0,1000.0,3295.414583320419,4028.2396428580796,3402.530952374992,3825.8950396903924,5245.805476187383,3999.067757939654,3684.153125003477,3556.432539664327
A92KVBM20ZTU4,rec,40-1,40.0,1000.0,4064.7892592584644,4682.059393926823,5183.143434343314,4713.5247727304695,4534.315387213029,5754.20176768313,5526.83761903672,4811.7340067275845
AAF1SJ9FCBF75,rec,40-1,40.0,1000.0,4052.272916666667,4257.71626984127,5584.944444444444,6935.548611111111,5719.8625,5554.300396825397,7700.041666666666,8408.757638888888
AAVFHZA708CSP,ns,40-1,40.0,1000.0,3338.4851190476193,5324.8,3463.25,3551.752380952381,3573.3958333333335,3138.675,4033.4,4567.825
ADL9KYXZGHUFO,ns,40-1,40.0,1000.0,3904.75,4365.2,3366.3,3905.5,5237.333333333334,4970.5,3976.6666666666665,5219.166666666667
AFLRBB974KS6D,ns,40-1,40.0,1000.0,3833.7835978301114,3964.490000025431,3886.755555519982,4186.048809653236,3388.4964285833494,3784.2388890054494,3389.4916667801995,4335.007777648502
AGB6853RIDWJ8,ns,40-1,40.0,1000.0,3177.1678571466887,4219.696296289011,4030.545833354195,3816.6531746098917,3963.0638095160325,4787.997321430062,4027.519047620751,5437.491851879932
AGLFNO1XKM8O8,rec,40-1,40.0,1000.0,3148.22333330693,4639.532500010729,4355.692500019819,3466.5938095048423,4237.459999990836,4136.391666692993,6190.829285715059,5777.0541666504
AH2C0LKV36ATT,prim,40-1,40.0,1000.0,3599.2916666666665,3886.4299242424245,4288.627976190476,4118.933333333333,3737.1555555555556,3718.925,4492.716666666666,4364.827380952381
AKJN72HW14WTR,rec,40-1,40.0,1000.0,2358.8958333333335,3001.5416666666665,4395.5,4205.145833333333,3908.3125,3950.875,5433.541666666666,10743.583333333334
AMIQGW2E3WYO4,rec,40-1,40.0,1000.0,3387.6388888888887,3881.8694444444445,3695.125,4539.211904761904,4053.1319444444443,5535.152777777777,7406.316666666667,9980.4
ANCTZADQC3D75,ns,40-1,40.0,1000.0,3796.7166666666667,4451.475,3940.4791666666665,3642.4375,4481.716666666667,4399.958928571428,4638.35,4587.315277777778
AOQKJGXZ8QQD0,prim,40-1,40.0,1000.0,5945.63436507831,6516.471250009909,5021.216696433776,6996.648015882997,5306.482698410164,5800.766547618363,6258.837857139855,6167.2658333269255
AP3BTOBN8Y9EJ,rec,40-1,40.0,1000.0,6274.5504464258265,6193.484999999085,8102.305059519233,6938.54123373349,6640.961855155135,7421.296160700811,7603.0894074771895,10536.882053593547
AQSYWZJVVMCGJ,prim,40-1,40.0,1000.0,3602.8386363636364,3651.789772727273,3851.0795454545455,3696.3722222222223,3628.83428030303,4323.375,3513.59375,3754.804166666667
AR1IWBDA7MC86,rec,40-1,40.0,1000.0,4336.5041666818515,4981.818452393725,5730.395833348235,5183.258333344545,3325.7107142908944,6281.752976208216,8028.538690469095,11485.777500002087
AR3MFFPQ39IXF,rec,40-1,40.0,1000.0,4929.106060615092,5211.244242418715,5477.8019444468955,5581.710774408647,5447.363636383685,6431.680370376838,7019.959764290087,8686.731212130098
ARL0T0MU9A65G,prim,40-1,40.0,1000.0,5274.725757575758,5778.519444444444,5038.232638888889,5017.284090909091,5507.537247474747,5185.512626262626,4880.645454545454,5164.895454545454
ASVRLMDNQBUD9,rec,40-1,40.0,1000.0,3520.0233333418764,3243.749999993046,4078.626666635275,3903.8366666525603,4500.455000000198,7137.453333321214,6677.038333382706,28651.3750000149
ATRRW34VN38IX,rec,40-1,40.0,1000.0,5675.8083332379665,5846.1050000190735,5294.5200000604,6387.189999922117,7285.454999876022,5590.2450000081735,6895.197777832879,7652.044999980927
AVSVIOR38JDM6,prim,40-1,40.0,1000.0,2621.550000190735,2787.0499999523163,3594.7000000476837,2088.9999997615814,3911.9500000476837,2419.7999999523163,2956.2000000476837,3803.7000000476837
AW0MG225VXWCN,rec,40-1,40.0,1000.0,1873.2287202211364,1883.8946428345073,2253.164880942376,4755.131845261015,6492.877083288771,7292.071509754406,10510.698065507508,12816.92053570492
AW4PTI9P13WUB,prim,40-1,40.0,1000.0,4391.652986093279,4967.459126932694,4153.2871626517135,4657.500930790764,5057.076041653752,5064.590714297508,4963.521071449561,4970.134821406433
AXFCUZW85XUK1,ns,40-1,40.0,1000.0,3925.5239583274197,4306.009464285913,4197.3374999939,3769.2656250072955,3556.815000010841,4368.546428564581,3504.4447619077705,3618.3708333392005
AYF9WH3AQIT86,prim,40-1,40.0,1000.0,6664.149999976158,5462.2250000834465,5012.737499952316,4832.262499988079,4070.0142857006617,4311.024999856949,4451.799999872844,5987.387500107288
