subject,strategy,condition,l_length,pres_rate,mwr
A10HW8JXM17XLD,rec,10-2,10.0,2000.0,6.0625
A12K1ADYMRSWMJ,prim,10-2,10.0,2000.0,6.3125
A14E4ISXVJVY6F,prim,10-2,10.0,2000.0,8.5
A169XTOCOMO1MV,ns,10-2,10.0,2000.0,4.729166666666667
A18NXRDHQ0ZSOY,ns,10-2,10.0,2000.0,5.625
A1969Q0R4Y0E3J,rec,10-2,10.0,2000.0,5.791666666666667
A1AKL5YH9NLD2V,ns,10-2,10.0,2000.0,8.458333333333334
A1ARWNTZHGFG8Y,prim,10-2,10.0,2000.0,4.479166666666666
A1F0R1MSPTXHHV,ns,10-2,10.0,2000.0,3.0208333333333335
A1GRPIBHW72HDU,rec,10-2,10.0,2000.0,7.145833333333333
A1I9RLJQ0BYN21,prim,10-2,10.0,2000.0,4.916666666666666
A1NG504QI5LI62,prim,10-2,10.0,2000.0,6.916666666666667
A1NQ2A0UDW719R,prim,10-2,10.0,2000.0,3.375
A1P00XZZG7EEEM,prim,10-2,10.0,2000.0,3.75
A1RFDB2WUV7QRO,ns,10-2,10.0,2000.0,4.916666666666667
A1V2H0UF94ATWY,ns,10-2,10.0,2000.0,6.104166666666667
A1W7T8V97ZPUH0,ns,10-2,10.0,2000.0,5.5625
A1WJIRT360P5VB,rec,10-2,10.0,2000.0,6.791666666666667
A1WPGNK8Y65BV3,ns,10-2,10.0,2000.0,5.729166666666666
A1XMGLCK09Z0DW,ns,10-2,10.0,2000.0,7.0625
A1YA2FCN3KEK36,prim,10-2,10.0,2000.0,6.083333333333333
A20GD3EBBTBYY2,rec,10-2,10.0,2000.0,5.854166666666666
A24BRTWG07T53Z,prim,10-2,10.0,2000.0,4.895833333333333
A27QXQ22F9ODSP,prim,10-2,10.0,2000.0,6.145833333333333
A27T2Z568L69U1,prim,10-2,10.0,2000.0,6.354166666666666
A282UM3NAIM0YO,ns,10-2,10.0,2000.0,5.854166666666667
A2BREH6STESM0G,rec,10-2,10.0,2000.0,3.9166666666666665
A2FLBMZ38IZ2SQ,prim,10-2,10.0,2000.0,7.4375
A2FM1N5AOMVTGL,prim,10-2,10.0,2000.0,5.666666666666667
A2FYFCD16Z3PCC,rec,10-2,10.0,2000.0,8.854166666666668
A2H8PEGI28NKZD,ns,10-2,10.0,2000.0,5.9375
A2I6ZALE49CVSC,prim,10-2,10.0,2000.0,5.3125
A2KPEUCEE2M05G,prim,10-2,10.0,2000.0,5.791666666666666
A2LJ1FRUYGW469,ns,10-2,10.0,2000.0,7.104166666666667
A2M183CETUMR96,rec,10-2,10.0,2000.0,7.291666666666667
A2MUOD1JHWJ735,ns,10-2,10.0,2000.0,8.125
A2NXMRPHG86N2T,ns,10-2,10.0,2000.0,6.729166666666667
A2PQDK3MLDFXYM,rec,10-2,10.0,2000.0,7.666666666666666
A2QRJKXTK4JDD8,ns,10-2,10.0,2000.0,5.6875
A2R970Q1Q2A6DJ,prim,10-2,10.0,2000.0,3.729166666666667
A2VIKZ73Y5ABHM,ns,10-2,10.0,2000.0,7.958333333333334
A2WYZLG8J526TQ,prim,10-2,10.0,2000.0,6.75
A33X52IN60MSOE,rec,10-2,10.0,2000.0,5.375
A348NEQKS6VNIB,rec,10-2,10.0,2000.0,6.229166666666667
A349BBTU7L597J,ns,10-2,10.0,2000.0,2.625
A3C8JI69WPTKWH,rec,10-2,10.0,2000.0,9.041666666666666
A3CE7DTHIB76UK,ns,10-2,10.0,2000.0,5.125
A3G55RJTW3BSGM,ns,10-2,10.0,2000.0,5.145833333333333
A3GC5Q5CLI4NWZ,prim,10-2,10.0,2000.0,8.145833333333332
A3J55BJGV95JKH,ns,10-2,10.0,2000.0,5.395833333333333
A3MJQ51KN9CMQ4,prim,10-2,10.0,2000.0,5.395833333333333
A3MOL1L9V4BUGH,ns,10-2,10.0,2000.0,5.9375
A3NAONPCTVT6P1,ns,10-2,10.0,2000.0,6.4375
A3PJY7THMUIR4M,ns,10-2,10.0,2000.0,5.055555555555556
A3VV3MW68CALXS,prim,10-2,10.0,2000.0,3.958333333333333
A489K1IFOM4JW,prim,10-2,10.0,2000.0,6.479166666666666
A49HPQ9P5AHU4,ns,10-2,10.0,2000.0,7.083333333333334
A55MEA9LQASZH,rec,10-2,10.0,2000.0,5.854166666666667
A5P12YJP805RG,ns,10-2,10.0,2000.0,5.229166666666667
A5TWD5QD99GZY,rec,10-2,10.0,2000.0,8.375
A63UHNWYOV5LE,ns,10-2,10.0,2000.0,2.75
AEP8U373W5Q54,prim,10-2,10.0,2000.0,7.395833333333333
AK2PMO5I7OCEK,prim,10-2,10.0,2000.0,6.354166666666667
AKNU5D6QK7M72,prim,10-2,10.0,2000.0,6.145833333333334
AO5FQ7GY8DTR8,prim,10-2,10.0,2000.0,4.041666666666667
ARIWYNIH12MLF,rec,10-2,10.0,2000.0,5.375
AS4FVWL91C6HR,prim,10-2,10.0,2000.0,6.916666666666667
AWJKR5GA7BS7V,ns,10-2,10.0,2000.0,5.645833333333334
AZ69TBTDH7AZS,rec,10-2,10.0,2000.0,5.0
AZ8NNCT4AODDN,prim,10-2,10.0,2000.0,5.458333333333334
A10JXOU89D5RXR,ns,20-1,20.0,1000.0,7.104166666666667
A111FTKAAJ5UMC,prim,20-1,20.0,1000.0,10.854166666666668
A11EZAV2HRYKD5,prim,20-1,20.0,1000.0,12.854166666666668
A157L6Z8QU3SDE,rec,20-1,20.0,1000.0,6.6875
A16GIPTDMJAFTK,ns,20-1,20.0,1000.0,8.875
A17R7WX5B0CKK6,rec,20-1,20.0,1000.0,11.020833333333334
A17WB66BXX4R0J,prim,20-1,20.0,1000.0,8.916666666666666
A19QRXLWV5GKXN,rec,20-1,20.0,1000.0,7.625
A1CKIYN01NV9GJ,ns,20-1,20.0,1000.0,5.833333333333334
A1HLDOM6JTYYI2,prim,20-1,20.0,1000.0,7.041666666666667
A1HR8IRDC07FO9,prim,20-1,20.0,1000.0,7.500000000000001
A1J6CZ176U6GDT,rec,20-1,20.0,1000.0,10.395833333333334
A1J9VZ372FV2QZ,rec,20-1,20.0,1000.0,9.145833333333334
A1JI19KPIVNL3Y,ns,20-1,20.0,1000.0,6.875
A1KH9VI2D0V43B,prim,20-1,20.0,1000.0,9.354166666666666
A1LJ4WAEDGELVL,rec,20-1,20.0,1000.0,7.583333333333334
A1OOCYEFLAJD98,ns,20-1,20.0,1000.0,8.291666666666668
A1OW27AZS122X2,ns,20-1,20.0,1000.0,7.5
A1R5JNC2LO6X1S,prim,20-1,20.0,1000.0,13.729166666666666
A1SUTNVLSFPXFK,ns,20-1,20.0,1000.0,8.6875
A1V91Z2CQKMR55,rec,20-1,20.0,1000.0,5.625
A1YFL5HXPZ7MVV,ns,20-1,20.0,1000.0,7.5
A22UMPYYQBXT0F,rec,20-1,20.0,1000.0,5.729166666666666
A26M997VYVK0E6,prim,20-1,20.0,1000.0,14.083333333333334
A277V4SHQB8JRS,rec,20-1,20.0,1000.0,11.333333333333334
A2E5PV1BHNG67N,ns,20-1,20.0,1000.0,5.291666666666666
A2FQVRBXJZQAWT,prim,20-1,20.0,1000.0,10.083333333333332
A2GM1ZIBRBHBK7,ns,20-1,20.0,1000.0,6.1875
A2ONILC0LZKG6Y,rec,20-1,20.0,1000.0,11.916666666666666
A2QX1SJXQN1NV1,prim,20-1,20.0,1000.0,5.583333333333333
A2QY653X9531JP,ns,20-1,20.0,1000.0,6.625
A2RBF3IIJP15IH,rec,20-1,20.0,1000.0,6.583333333333334
A2RWLFIP23FZA7,prim,20-1,20.0,1000.0,7.625
A2SBZCFAVT83GN,rec,20-1,20.0,1000.0,8.0
A2SQGKP2REXOTN,prim,20-1,20.0,1000.0,5.527777777777778
A2SQTRNQWDLU4F,ns,20-1,20.0,1000.0,6.041666666666667
A2SWQM5X54P1O5,ns,20-1,20.0,1000.0,8.75
A2TG5ESEOPXAHI,prim,20-1,20.0,1000.0,9.041666666666668
A2V6E7SGEU0EFD,ns,20-1,20.0,1000.0,6.333333333333333
A2VXT33Y2TQPOQ,prim,20-1,20.0,1000.0,9.875
A2XDWB9NVYI3LQ,rec,20-1,20.0,1000.0,7.75
A3026HLELYNW7U,rec,20-1,20.0,1000.0,10.5
A351P2O6QGTCS,rec,20-1,20.0,1000.0,6.972222222222222
A39R5EBK7W916X,ns,20-1,20.0,1000.0,5.958333333333334
A3D9PJ37U7LCHE,ns,20-1,20.0,1000.0,5.979166666666667
A3EVXSWHYA1PTT,rec,20-1,20.0,1000.0,16.895833333333332
A3GIUDSA1IGTFV,ns,20-1,20.0,1000.0,8.527777777777777
A3HXK0UGS1YDMC,prim,20-1,20.0,1000.0,7.291666666666667
A3ITZNJQUTIZ4C,rec,20-1,20.0,1000.0,7.875
A3MHP4LZ3V88NF,prim,20-1,20.0,1000.0,10.75
A3NRIEMOJVVX4A,rec,20-1,20.0,1000.0,4.875
A3PEV3KN6F7JRG,ns,20-1,20.0,1000.0,3.9166666666666665
A3QKOYP52HYRH2,rec,20-1,20.0,1000.0,10.75
A3RFOODI4G4P4K,rec,20-1,20.0,1000.0,9.395833333333334
A3RHJEMZ4EGY2U,rec,20-1,20.0,1000.0,9.708333333333334
A3S76P3L3USWI1,prim,20-1,20.0,1000.0,5.916666666666667
A3USPFFWN1G5PF,rec,20-1,20.0,1000.0,7.583333333333334
A50UY1556VDIA,ns,20-1,20.0,1000.0,3.916666666666667
A7R1OLLU1Z6RA,rec,20-1,20.0,1000.0,8.625
AEJU0MCYOQC77,prim,20-1,20.0,1000.0,8.222222222222223
AHU3EE2Q05E18,prim,20-1,20.0,1000.0,7.041666666666667
AJD90361AJO80,ns,20-1,20.0,1000.0,6.770833333333333
AK52RXEJKR81A,ns,20-1,20.0,1000.0,7.833333333333333
AMJAZPJBO936R,prim,20-1,20.0,1000.0,12.979166666666666
AOQZVAH5FSKGE,prim,20-1,20.0,1000.0,6.3125
AQCJI23U1VBYD,prim,20-1,20.0,1000.0,8.729166666666668
AQPFTUIJ0PW2N,prim,20-1,20.0,1000.0,3.7222222222222228
AXFCUZ1WQC2WY,ns,20-1,20.0,1000.0,7.083333333333333
AY7M9MOLNXIIK,ns,20-1,20.0,1000.0,6.104166666666667
AZZA3J049G7R5,rec,20-1,20.0,1000.0,11.291666666666668
A102RSV009OCUW,prim,15-2,15.0,2000.0,9.4375
A11BHGAKU0RIH8,rec,15-2,15.0,2000.0,5.291666666666666
A13GBA16BNTN1A,rec,15-2,15.0,2000.0,6.666666666666667
A13THDIE8LTQ11,ns,15-2,15.0,2000.0,6.0
A150QX2OXHGK8P,rec,15-2,15.0,2000.0,5.416666666666667
A151XA53WYXVD7,prim,15-2,15.0,2000.0,9.020833333333334
A1618RA11ZOD8Y,rec,15-2,15.0,2000.0,10.8125
A19X8IA9EKC3XH,ns,15-2,15.0,2000.0,9.041666666666668
A1CFMY4CEYOM8Y,rec,15-2,15.0,2000.0,3.6875
A1E0K2VGY2684V,ns,15-2,15.0,2000.0,4.895833333333333
A1NQOR4RQJJDMW,ns,15-2,15.0,2000.0,9.958333333333334
A1PZIN8H1VI6SY,prim,15-2,15.0,2000.0,7.833333333333333
A1QRIZY9WJW3R1,prim,15-2,15.0,2000.0,8.291666666666666
A1QXJZFA5NVGM3,prim,15-2,15.0,2000.0,10.375
A1ROEDVMTO9Y3X,ns,15-2,15.0,2000.0,10.4375
A1SCF3L6LTFQHF,prim,15-2,15.0,2000.0,11.229166666666666
A1T7EB1WEDCMXV,ns,15-2,15.0,2000.0,8.583333333333332
A1TR2AOKWGQ78A,ns,15-2,15.0,2000.0,4.805555555555556
A1UOP419O6P55R,prim,15-2,15.0,2000.0,9.416666666666666
A1WM3INNDW2776,ns,15-2,15.0,2000.0,5.520833333333333
A1Z82Y9E6YWY80,ns,15-2,15.0,2000.0,5.354166666666667
A2113B699TVADG,prim,15-2,15.0,2000.0,10.208333333333332
A219SZBLCCCXN9,prim,15-2,15.0,2000.0,6.125
A22GYYJXTS5KBH,ns,15-2,15.0,2000.0,6.583333333333333
A22Y78RVB8UFTD,ns,15-2,15.0,2000.0,7.291666666666667
A233LLG8YAXWF,rec,15-2,15.0,2000.0,5.416666666666666
A24GX1OZE6AY04,ns,15-2,15.0,2000.0,11.625
A26MT7KJ7NJLRN,ns,15-2,15.0,2000.0,5.875
A26T0U2Y6LZOF3,rec,15-2,15.0,2000.0,5.125
A29J4LL0MQL3AC,prim,15-2,15.0,2000.0,8.75
A2G4R0GS677RC2,rec,15-2,15.0,2000.0,5.25
A2IV3SSVTU90BN,ns,15-2,15.0,2000.0,8.416666666666668
A2KZN3UH5NGC9,rec,15-2,15.0,2000.0,10.5
A2MBFIAGBPU5NG,prim,15-2,15.0,2000.0,5.979166666666666
A2O86E23R5T4YO,prim,15-2,15.0,2000.0,7.958333333333333
A2PTABUVOUYAH5,ns,15-2,15.0,2000.0,6.854166666666667
A2R75YFKVALBXE,rec,15-2,15.0,2000.0,7.583333333333334
A2RU1Q3C9VHBAO,prim,15-2,15.0,2000.0,8.25
A2RVG8Y97DE0GM,prim,15-2,15.0,2000.0,10.1875
A2UJ9GDNVPX99C,prim,15-2,15.0,2000.0,6.833333333333333
A2UYZFH5VT5R3H,rec,15-2,15.0,2000.0,6.9375
A2Y8LZS5C81O25,prim,15-2,15.0,2000.0,6.166666666666667
A30NL5N71G2YAU,ns,15-2,15.0,2000.0,7.770833333333333
A310Y949ILSN3P,prim,15-2,15.0,2000.0,10.833333333333332
A31P78W9ZCQXCS,ns,15-2,15.0,2000.0,4.645833333333334
A347RDI3HZOUCY,prim,15-2,15.0,2000.0,8.5625
A34HQHGLIW1FYS,ns,15-2,15.0,2000.0,8.1875
A34IPEKX5WXJIN,prim,15-2,15.0,2000.0,7.395833333333333
A34YNEN8UUI3CD,ns,15-2,15.0,2000.0,5.083333333333334
A35VI4SE31HD17,prim,15-2,15.0,2000.0,5.4375
A36S0DI86PL4J6,prim,15-2,15.0,2000.0,8.25
A384KX8MUIJSTJ,ns,15-2,15.0,2000.0,8.854166666666666
A38DHLB88V8DL8,rec,15-2,15.0,2000.0,10.895833333333332
A3AWQ3AACIPXM2,ns,15-2,15.0,2000.0,3.25
A3BA2WMGN6KHUU,ns,15-2,15.0,2000.0,6.416666666666666
A3BN69Q9D7RQGR,ns,15-2,15.0,2000.0,5.895833333333333
A3C25IBTLB60RQ,prim,15-2,15.0,2000.0,9.125
A3FOKP72T5I4FR,ns,15-2,15.0,2000.0,5.166666666666667
A3HBB9JT9WVZS4,ns,15-2,15.0,2000.0,8.291666666666668
A3HOPYBWSR1TWR,prim,15-2,15.0,2000.0,6.645833333333333
A3IBDJ12CRTQQN,prim,15-2,15.0,2000.0,7.958333333333334
A3IHTJXHWPQ2JR,rec,15-2,15.0,2000.0,10.083333333333332
A3MWLHSW9B9RHU,prim,15-2,15.0,2000.0,10.3125
A3ORKXM3WG8QJ9,prim,15-2,15.0,2000.0,10.5
A3P52W1SBJUT5N,ns,15-2,15.0,2000.0,4.104166666666667
A3U27ZHUGOPIAN,prim,15-2,15.0,2000.0,7.541666666666667
A3UA50A6GKNAMR,prim,15-2,15.0,2000.0,8.25
A3UE8ANAIM7F15,ns,15-2,15.0,2000.0,6.25
A3UGB3B1S74HR9,prim,15-2,15.0,2000.0,6.895833333333333
A3UUW04QL49RSC,prim,15-2,15.0,2000.0,5.833333333333333
A6HDSE80LQPR8,rec,15-2,15.0,2000.0,6.416666666666666
AAOOH6P4HHSCS,prim,15-2,15.0,2000.0,8.625
ADGJXUEMPLTMS,prim,15-2,15.0,2000.0,4.958333333333333
AEF1G6YE8RIB8,prim,15-2,15.0,2000.0,7.479166666666667
AERGHZBQFT309,ns,15-2,15.0,2000.0,7.354166666666667
AESZJEZTZEW01,ns,15-2,15.0,2000.0,5.583333333333333
AEX1I7K7OVHHC,rec,15-2,15.0,2000.0,5.888888888888888
AEXRVIK8SKB4V,prim,15-2,15.0,2000.0,5.791666666666666
AF0W4ZBY7VXOU,rec,15-2,15.0,2000.0,8.770833333333334
AFZGUWYLC0NG0,ns,15-2,15.0,2000.0,3.8333333333333335
AGANKP4PUZ4NC,prim,15-2,15.0,2000.0,4.083333333333333
AHY3YAYJLTW32,rec,15-2,15.0,2000.0,5.166666666666667
AL9SYQEUTNJXT,prim,15-2,15.0,2000.0,8.125
ALDQRWYZ8KQ9A,rec,15-2,15.0,2000.0,12.625
AM65LGXJBTJ0I,ns,15-2,15.0,2000.0,5.645833333333333
AOIR8V07FYMH5,rec,15-2,15.0,2000.0,7.791666666666667
AR0VJ5XRG16UJ,rec,15-2,15.0,2000.0,10.416666666666668
AU5UJIZ3TLI5M,rec,15-2,15.0,2000.0,7.770833333333334
AW2UVK63OLFW,ns,15-2,15.0,2000.0,8.8125
AW5O1RK3W60FC,rec,15-2,15.0,2000.0,8.3125
AWRY5SC68T0DC,prim,15-2,15.0,2000.0,6.708333333333333
AWTCGY2CL1T68,prim,15-2,15.0,2000.0,8.625
AXSBX0MCQNG3A,prim,15-2,15.0,2000.0,7.8125
A14WLAP6TCEKO0,rec,30-1,30.0,1000.0,7.854166666666667
A15V9BXNJXZXZX,ns,30-1,30.0,1000.0,16.895833333333332
A16335MOISDG1F,rec,30-1,30.0,1000.0,7.333333333333334
A17FJLW818UEQU,rec,30-1,30.0,1000.0,10.583333333333334
A186PT9ZLO5EJD,prim,30-1,30.0,1000.0,12.291666666666668
A1AS1H21O9896X,ns,30-1,30.0,1000.0,7.0
A1AYTKAQT201ZV,prim,30-1,30.0,1000.0,10.708333333333334
A1EII5EWOTBDK9,rec,30-1,30.0,1000.0,9.583333333333334
A1F9KLZGHE9DTA,rec,30-1,30.0,1000.0,16.041666666666668
A1IGKJ200N82S9,rec,30-1,30.0,1000.0,10.104166666666668
A1KGUJMWDCPSYG,rec,30-1,30.0,1000.0,10.083333333333334
A1M1E62KXCDNL0,ns,30-1,30.0,1000.0,8.791666666666666
A1MG8KNVSVZ365,prim,30-1,30.0,1000.0,8.729166666666666
A1MKEILXWWLBW2,rec,30-1,30.0,1000.0,5.291666666666666
A1O67YS3DU0ZHX,rec,30-1,30.0,1000.0,11.5
A1Q0G8JA5EZ8EI,rec,30-1,30.0,1000.0,15.083333333333334
A1SLJKNSNHOJRN,rec,30-1,30.0,1000.0,7.520833333333333
A1T2P6E67251U5,prim,30-1,30.0,1000.0,15.979166666666666
A1U4WS9KJMADV,rec,30-1,30.0,1000.0,10.791666666666668
A1X4T3QSIE8YYX,prim,30-1,30.0,1000.0,16.458333333333332
A225J5T6WHO2MG,prim,30-1,30.0,1000.0,6.375
A23KDD6OPM4NJ0,prim,30-1,30.0,1000.0,6.416666666666667
A25Y3D2Y2DR8WM,prim,30-1,30.0,1000.0,13.0625
A26XKTGGGYBI4J,prim,30-1,30.0,1000.0,9.416666666666666
A28OD52SMLYQ16,rec,30-1,30.0,1000.0,11.791666666666666
A28TA25NJGLL3Y,prim,30-1,30.0,1000.0,7.895833333333333
A28ZPY6D5AS7GZ,ns,30-1,30.0,1000.0,6.666666666666667
A2ASRB2MTHDHPD,prim,30-1,30.0,1000.0,19.520833333333332
A2BUHMLNE3LUU0,ns,30-1,30.0,1000.0,9.0625
A2E2SLXF4KQ3S1,prim,30-1,30.0,1000.0,17.395833333333332
A2FJIZUHR6E4EZ,prim,30-1,30.0,1000.0,10.708333333333334
A2G2T6EMXAOKMS,rec,30-1,30.0,1000.0,9.194444444444445
A2GRA6N98ZPIQ1,prim,30-1,30.0,1000.0,17.333333333333332
A2IKLJWU2OJ1YX,prim,30-1,30.0,1000.0,9.729166666666666
A2K5AXCSY703CU,ns,30-1,30.0,1000.0,8.222222222222223
A2MV1R6YYOIO30,prim,30-1,30.0,1000.0,6.5
A2NU82V08QSPCC,prim,30-1,30.0,1000.0,11.111111111111109
A2NY0VWEWDULC6,rec,30-1,30.0,1000.0,8.354166666666666
A2OFVEA8BEJDZN,ns,30-1,30.0,1000.0,7.770833333333334
A2P83PY6P7ECM5,ns,30-1,30.0,1000.0,8.472222222222223
A2PUL3ZDXOW0VZ,rec,30-1,30.0,1000.0,7.5
A2ROI30AQITC3V,ns,30-1,30.0,1000.0,8.0625
A2VZN8J53Y5WYR,prim,30-1,30.0,1000.0,15.770833333333334
A2XMRJKCNKLL4E,ns,30-1,30.0,1000.0,7.229166666666667
A2Y0VM8BAF0RMT,ns,30-1,30.0,1000.0,12.875
A2ZGAH6NOSU2PO,rec,30-1,30.0,1000.0,11.041666666666666
A30DHHAL100LZR,ns,30-1,30.0,1000.0,11.708333333333332
A31SZFE8M7YK0S,ns,30-1,30.0,1000.0,7.666666666666667
A34DYM8J0X5VK,rec,30-1,30.0,1000.0,7.770833333333333
A36IB78C6MVA3,prim,30-1,30.0,1000.0,9.291666666666668
A389Y151TAJ4XG,ns,30-1,30.0,1000.0,12.645833333333334
A3AY0315YWWNXY,rec,30-1,30.0,1000.0,18.770833333333336
A3EUH97BRHRSI6,rec,30-1,30.0,1000.0,7.625
A3I97794CB5SUO,rec,30-1,30.0,1000.0,8.270833333333334
A3RVHUY67SVXQV,ns,30-1,30.0,1000.0,19.791666666666668
A3TX84QHD321M7,prim,30-1,30.0,1000.0,9.729166666666666
A3UCN8EJI08X2P,ns,30-1,30.0,1000.0,9.4375
A3UQ5DF8VVD975,rec,30-1,30.0,1000.0,9.875
A3V71NT2X4HD1I,prim,30-1,30.0,1000.0,12.0625
A51TGVVYJF7T0,prim,30-1,30.0,1000.0,7.979166666666667
A7USTT4KU1ZBO,ns,30-1,30.0,1000.0,5.229166666666667
AB5WBMZGLX57B,ns,30-1,30.0,1000.0,9.979166666666666
ACBROX4H8BSW3,rec,30-1,30.0,1000.0,9.833333333333332
ADJ9I7ZBFYFH7,rec,30-1,30.0,1000.0,10.666666666666668
AGILQEFEPEK7N,ns,30-1,30.0,1000.0,6.0
AH7HACNNRSIPO,ns,30-1,30.0,1000.0,6.875
AIDU49N2KO05N,ns,30-1,30.0,1000.0,14.416666666666666
AJUVX0E4OPTAO,prim,30-1,30.0,1000.0,9.8125
AK3GAHRZ6M6WM,rec,30-1,30.0,1000.0,8.625
AKE4AYF86KJVU,rec,30-1,30.0,1000.0,11.416666666666666
AKNBC1TE88NDO,rec,30-1,30.0,1000.0,5.666666666666666
AKX4H8RT7BL7H,rec,30-1,30.0,1000.0,9.722222222222221
AOYDGVOZUIHII,prim,30-1,30.0,1000.0,13.0
AP4B1GJIT3HYF,ns,30-1,30.0,1000.0,6.291666666666667
AXFH1DT8PR0K2,prim,30-1,30.0,1000.0,9.666666666666668
AXFP50XOZD2NI,rec,30-1,30.0,1000.0,7.291666666666667
A12LX24NC3FP2U,ns,20-2,20.0,2000.0,6.958333333333334
A161VPQSXLLV8U,ns,20-2,20.0,2000.0,12.104166666666668
A166P9BSWIFF32,prim,20-2,20.0,2000.0,10.208333333333332
A17IPELR5NC2LZ,prim,20-2,20.0,2000.0,7.777777777777779
A17TMQWTCJVOV5,rec,20-2,20.0,2000.0,8.354166666666668
A1CB9NR3SN4VMY,prim,20-2,20.0,2000.0,11.375
A1FM638CHGPC1M,ns,20-2,20.0,2000.0,10.229166666666666
A1HENLDLQEO5BZ,prim,20-2,20.0,2000.0,15.166666666666666
A1J39RAV7TKEMF,ns,20-2,20.0,2000.0,4.166666666666666
A1JL3HCA0MK9UI,prim,20-2,20.0,2000.0,5.375
A1L5A88C9PPK5L,prim,20-2,20.0,2000.0,11.791666666666666
A1LA6CIGBNDOH9,rec,20-2,20.0,2000.0,8.895833333333334
A1MD74JPL7E9PK,prim,20-2,20.0,2000.0,9.38888888888889
A1O0K8V58YRL4A,ns,20-2,20.0,2000.0,5.111111111111111
A1PTX4IB9R34LI,rec,20-2,20.0,2000.0,4.8125
A1S2EXYEG5I8HW,rec,20-2,20.0,2000.0,9.805555555555555
A1SJLXB0XFCJ97,prim,20-2,20.0,2000.0,7.8125
A1TPGXT718D68E,rec,20-2,20.0,2000.0,7.520833333333333
A1TVWMWE03AWAW,rec,20-2,20.0,2000.0,5.6875
A1VEOI1H4AE1T3,prim,20-2,20.0,2000.0,15.3125
A1WT2CM71Z9MP3,prim,20-2,20.0,2000.0,10.145833333333332
A20YXCVKHSTSPC,prim,20-2,20.0,2000.0,16.125
A2147HO7VBGJCU,prim,20-2,20.0,2000.0,8.541666666666666
A248QG4DPULP46,ns,20-2,20.0,2000.0,5.8125
A25S9Y5DZ9OR16,prim,20-2,20.0,2000.0,6.125
A25VK411P03A5T,rec,20-2,20.0,2000.0,14.708333333333332
A289D98Z4GAZ28,prim,20-2,20.0,2000.0,6.604166666666667
A2BTEQA95MCIHU,prim,20-2,20.0,2000.0,4.625
A2E8PL8ZWIZVJ0,prim,20-2,20.0,2000.0,10.354166666666666
A2I6HVUDBTGD1,prim,20-2,20.0,2000.0,9.979166666666668
A2KHR0GTA0DBWI,rec,20-2,20.0,2000.0,8.729166666666666
A2KT30RCVX67ZS,prim,20-2,20.0,2000.0,8.875
A2MMGDAA7JJKIE,prim,20-2,20.0,2000.0,8.104166666666668
A2MOKIEQZ0OF2M,prim,20-2,20.0,2000.0,12.888888888888888
A2NZ783AY1LBPW,prim,20-2,20.0,2000.0,11.166666666666666
A2NZAL7KHOR6VF,rec,20-2,20.0,2000.0,11.604166666666666
A2OOS7IXSKJFFI,ns,20-2,20.0,2000.0,5.833333333333333
A2P2YEHX1FXD20,rec,20-2,20.0,2000.0,6.611111111111111
A2QHI85LQPJZYP,prim,20-2,20.0,2000.0,10.777777777777779
A2SSY7MHPDQVUS,prim,20-2,20.0,2000.0,8.375
A2UX2W49R55PH4,prim,20-2,20.0,2000.0,4.604166666666667
A2VIKCIM9TZL22,rec,20-2,20.0,2000.0,6.638888888888889
A2XGHLVP2C1FVA,ns,20-2,20.0,2000.0,11.395833333333332
A2XVLOZY7FJCC2,rec,20-2,20.0,2000.0,8.354166666666666
A2ZVBFH732LYXQ,prim,20-2,20.0,2000.0,12.479166666666666
A304UJAE051J89,rec,20-2,20.0,2000.0,11.229166666666668
A312HQ3OU0EYTB,rec,20-2,20.0,2000.0,7.9444444444444455
A35S8HPY0V445,ns,20-2,20.0,2000.0,7.625
A37GOI3N77WX21,ns,20-2,20.0,2000.0,11.104166666666666
A389UA2GRCJ6,prim,20-2,20.0,2000.0,5.958333333333334
A3A7XOKH39SYOI,prim,20-2,20.0,2000.0,7.291666666666667
A3B0CMCBWAND7,rec,20-2,20.0,2000.0,9.958333333333334
A3C4WGE4SOGM1,ns,20-2,20.0,2000.0,6.083333333333334
A3CKVVGWBS4NGU,prim,20-2,20.0,2000.0,11.270833333333334
A3GDVKIN7ZGUG9,rec,20-2,20.0,2000.0,9.208333333333332
A3HE29W5IDR394,rec,20-2,20.0,2000.0,11.166666666666668
A3I1SGVY37KR4A,ns,20-2,20.0,2000.0,5.888888888888889
A3J5HRXH4F64SP,ns,20-2,20.0,2000.0,5.166666666666667
A3LVLZS8S41ZD7,rec,20-2,20.0,2000.0,13.0
A3LXARU55PR281,ns,20-2,20.0,2000.0,8.583333333333332
A3TR3KIRG5PCZ8,prim,20-2,20.0,2000.0,7.166666666666666
A3U2A632YWEX7B,prim,20-2,20.0,2000.0,10.916666666666666
A3U69MNO1JC7V4,rec,20-2,20.0,2000.0,13.791666666666666
A3UMHUWJKRGKNR,rec,20-2,20.0,2000.0,10.4375
A3VW5PI9ZX9DOD,ns,20-2,20.0,2000.0,6.083333333333333
A4HWADFPGP45G,ns,20-2,20.0,2000.0,8.25
AFRKVRPZ2RHY8,rec,20-2,20.0,2000.0,10.541666666666668
AHZCC2V399WUN,ns,20-2,20.0,2000.0,6.270833333333334
AJABAPM32ETMN,rec,20-2,20.0,2000.0,8.13888888888889
AK1EF4NACR1UJ,prim,20-2,20.0,2000.0,10.583333333333332
AKIT35WR8HEQ3,prim,20-2,20.0,2000.0,6.916666666666667
AP9WIQ4P78XLH,rec,20-2,20.0,2000.0,7.125
AR9AU5FY1S3RO,rec,20-2,20.0,2000.0,8.854166666666666
AXCDKBG1R43GE,ns,20-2,20.0,2000.0,10.0
A102WSFN62OS6I,ns,40-1,40.0,1000.0,13.888888888888888
A13WTEQ06V3B6D,rec,40-1,40.0,1000.0,19.729166666666668
A178HXQENEAI65,rec,40-1,40.0,1000.0,14.895833333333334
A1BLHM2IDH7DH4,prim,40-1,40.0,1000.0,13.854166666666666
A1DJB12ZI46GPX,prim,40-1,40.0,1000.0,9.541666666666666
A1DZMZTXWOM9MR,rec,40-1,40.0,1000.0,6.875
A1EU59VMI8GL4K,rec,40-1,40.0,1000.0,9.520833333333334
A1F0VEHWK3IAF4,ns,40-1,40.0,1000.0,6.458333333333334
A1HGWCCIWP7AO0,ns,40-1,40.0,1000.0,11.222222222222223
A1IL5P5H5VRW0D,prim,40-1,40.0,1000.0,8.270833333333332
A1J5OW12TRQSOW,ns,40-1,40.0,1000.0,13.083333333333332
A1KCSGTT6Y26LH,prim,40-1,40.0,1000.0,10.041666666666668
A1RQ8PX7A0CH3C,rec,40-1,40.0,1000.0,12.5
A1RY1N37JYUHBU,prim,40-1,40.0,1000.0,10.666666666666666
A1S54RQW9FDK0X,ns,40-1,40.0,1000.0,10.833333333333332
A1TG34GJ1WTN0C,prim,40-1,40.0,1000.0,5.958333333333333
A1UH6A625GF5MD,prim,40-1,40.0,1000.0,12.0
A1VHK9OFD7H8ZH,rec,40-1,40.0,1000.0,16.9375
A1ZLLYRW6GIVC7,rec,40-1,40.0,1000.0,5.583333333333333
A20GJP9C5KC2ZU,ns,40-1,40.0,1000.0,8.125
A23W5HVE02LM0E,prim,40-1,40.0,1000.0,12.020833333333332
A2541C8MY0BYV3,rec,40-1,40.0,1000.0,9.583333333333332
A271830PNYAI2G,rec,40-1,40.0,1000.0,9.5
A29JQ7VMQ1HKYP,ns,40-1,40.0,1000.0,11.041666666666666
A2GUPBBFPPSXYR,prim,40-1,40.0,1000.0,12.583333333333334
A2HRUFTA09371Y,rec,40-1,40.0,1000.0,15.527777777777777
A2IK3H6MQ1QV6E,rec,40-1,40.0,1000.0,12.041666666666668
A2L7RTYO4UMYDH,ns,40-1,40.0,1000.0,10.5
A2LI1OIR4BVJRW,prim,40-1,40.0,1000.0,13.958333333333334
A2NEFRREWF33YP,rec,40-1,40.0,1000.0,11.104166666666668
A2P8V5SKYLL5I4,rec,40-1,40.0,1000.0,18.25
A2PSU15S8ZI3V5,prim,40-1,40.0,1000.0,15.3125
A2QUSCZS3RXGXE,ns,40-1,40.0,1000.0,13.833333333333332
A2TUYGXQ15U6GO,prim,40-1,40.0,1000.0,11.722222222222221
A2UEVNT8VQD1SA,ns,40-1,40.0,1000.0,11.666666666666668
A2VR9O234UCT9T,rec,40-1,40.0,1000.0,7.833333333333334
A2WCPERU8X385N,prim,40-1,40.0,1000.0,11.645833333333332
A33GZS6SU4O20M,ns,40-1,40.0,1000.0,11.395833333333334
A38I0E8UK53ME5,rec,40-1,40.0,1000.0,9.666666666666666
A3BZH91MITQA5X,ns,40-1,40.0,1000.0,14.25
A3NX66U9RAY2GQ,prim,40-1,40.0,1000.0,11.0
A3O40YLW6MYU8C,prim,40-1,40.0,1000.0,11.708333333333334
A3S2AUQWI7XWT4,prim,40-1,40.0,1000.0,15.1875
A3SA9LY6RXKFOI,prim,40-1,40.0,1000.0,7.354166666666667
A3SLT6KVF0NXPH,prim,40-1,40.0,1000.0,12.583333333333332
A3TNSJSXI464IT,ns,40-1,40.0,1000.0,10.833333333333332
A3TUJBPLJGTI5,rec,40-1,40.0,1000.0,6.041666666666667
A3VL1CBZ3BGQK7,ns,40-1,40.0,1000.0,9.416666666666668
A47VA451RDBV3,prim,40-1,40.0,1000.0,13.75
A92KVBM20ZTU4,rec,40-1,40.0,1000.0,12.277777777777777
AAF1SJ9FCBF75,rec,40-1,40.0,1000.0,12.333333333333332
AAVFHZA708CSP,ns,40-1,40.0,1000.0,16.0625
ADL9KYXZGHUFO,ns,40-1,40.0,1000.0,7.875
AFLRBB974KS6D,ns,40-1,40.0,1000.0,16.5
AGB6853RIDWJ8,ns,40-1,40.0,1000.0,10.0
AGLFNO1XKM8O8,rec,40-1,40.0,1000.0,16.375
AH2C0LKV36ATT,prim,40-1,40.0,1000.0,14.270833333333332
AKJN72HW14WTR,rec,40-1,40.0,1000.0,7.4375
AMIQGW2E3WYO4,rec,40-1,40.0,1000.0,7.9375
ANCTZADQC3D75,ns,40-1,40.0,1000.0,15.854166666666666
AOQKJGXZ8QQD0,prim,40-1,40.0,1000.0,8.708333333333332
AP3BTOBN8Y9EJ,rec,40-1,40.0,1000.0,9.375
AQSYWZJVVMCGJ,prim,40-1,40.0,1000.0,11.6875
AR1IWBDA7MC86,rec,40-1,40.0,1000.0,16.1875
AR3MFFPQ39IXF,rec,40-1,40.0,1000.0,12.805555555555557
ARL0T0MU9A65G,prim,40-1,40.0,1000.0,13.6875
ASVRLMDNQBUD9,rec,40-1,40.0,1000.0,7.354166666666666
ATRRW34VN38IX,rec,40-1,40.0,1000.0,9.375
AVSVIOR38JDM6,prim,40-1,40.0,1000.0,21.833333333333332
AW0MG225VXWCN,rec,40-1,40.0,1000.0,11.083333333333334
AW4PTI9P13WUB,prim,40-1,40.0,1000.0,11.1875
AXFCUZW85XUK1,ns,40-1,40.0,1000.0,13.5625
AYF9WH3AQIT86,prim,40-1,40.0,1000.0,7.208333333333333
