condition,l_length,pres_rate,serial_position,pearson_r,p_value
10-2,10.0,2000.0,1,0.2911281148134954,0.014480746689282543
10-2,10.0,2000.0,2,-0.17982247044283792,0.13633337996604572
10-2,10.0,2000.0,3,-0.1566687477668725,0.1952519409760302
10-2,10.0,2000.0,4,-0.044076528246132465,0.7171227154844599
10-2,10.0,2000.0,5,0.17046409805213633,0.1582814813380941
10-2,10.0,2000.0,6,0.30419507507871274,0.010460071330016477
10-2,10.0,2000.0,7,0.28509858141610633,0.01674617972102245
10-2,10.0,2000.0,8,0.3497869270582379,0.002995398300360168
10-2,10.0,2000.0,9,0.516943066419729,4.61219312178219e-06
10-2,10.0,2000.0,10,0.3740957884003109,0.0014215225368536355
20-1,20.0,1000.0,1,0.20755526894631712,0.08469085865125361
20-1,20.0,1000.0,2,0.13956824669971868,0.24918272499992206
20-1,20.0,1000.0,3,0.10169204408404087,0.40221508214594837
20-1,20.0,1000.0,4,-0.09239301876161826,0.44682070174945065
20-1,20.0,1000.0,5,-0.07688181786401288,0.5269982759279498
20-1,20.0,1000.0,6,-0.11629005569423106,0.33771418994918834
20-1,20.0,1000.0,7,-0.10606471720136615,0.38217737701333687
20-1,20.0,1000.0,8,0.05489625613089289,0.6517259774523259
20-1,20.0,1000.0,9,-0.12296676086154013,0.31051387428004523
20-1,20.0,1000.0,10,0.04564659996807156,0.7074923599203611
20-1,20.0,1000.0,11,-0.02101493039590779,0.8629055357042443
20-1,20.0,1000.0,12,-0.020003726069489188,0.8694429495653724
20-1,20.0,1000.0,13,-0.19407287585304442,0.10743268648373225
20-1,20.0,1000.0,14,-0.1794789079157466,0.13709621018426352
20-1,20.0,1000.0,15,-0.07398342901578618,0.5427368954165063
20-1,20.0,1000.0,16,0.20995659799871674,0.08107273679554433
20-1,20.0,1000.0,17,0.31057081503032086,0.008878820700728048
20-1,20.0,1000.0,18,0.3587485756623337,0.002290925395283577
20-1,20.0,1000.0,19,0.529131114491313,2.486056923067185e-06
20-1,20.0,1000.0,20,0.5340161982394751,1.927400811808805e-06
15-2,15.0,2000.0,1,0.26511124874677927,0.010223064558426597
15-2,15.0,2000.0,2,0.021752607356269323,0.8360396310292543
15-2,15.0,2000.0,3,-0.08139563536564098,0.43797158701739125
15-2,15.0,2000.0,4,-0.09956334549239879,0.3423509691515639
15-2,15.0,2000.0,5,-0.13396867090628084,0.20045593510388693
15-2,15.0,2000.0,6,-0.06407659816676077,0.54172764942589
15-2,15.0,2000.0,7,-0.13264184056686273,0.20499081868942948
15-2,15.0,2000.0,8,-0.1676906257380435,0.10812511366794474
15-2,15.0,2000.0,9,-0.12348118544348592,0.2383092918487932
15-2,15.0,2000.0,10,-0.25647079449616694,0.0130823265034506
15-2,15.0,2000.0,11,0.21806176817148387,0.03574552054468029
15-2,15.0,2000.0,12,0.10742425393407688,0.30540077538779464
15-2,15.0,2000.0,13,0.35185873263924666,0.0005429819862356835
15-2,15.0,2000.0,14,0.4413198480794882,9.515675697033505e-06
15-2,15.0,2000.0,15,0.43122114338719075,1.5944485539856505e-05
30-1,30.0,1000.0,1,0.26056114210201026,0.02300843047962204
30-1,30.0,1000.0,2,0.05190214547896887,0.6561218977726264
30-1,30.0,1000.0,3,-0.02876615032304343,0.8051618313635605
30-1,30.0,1000.0,4,-0.02330746197354954,0.8415984043430621
30-1,30.0,1000.0,5,-0.0027721110353531283,0.9810390833354768
30-1,30.0,1000.0,6,-0.12183848071211503,0.29442123556660843
30-1,30.0,1000.0,7,0.043454502523381185,0.7093528943558247
30-1,30.0,1000.0,8,0.14502089979163513,0.21132522723410038
30-1,30.0,1000.0,9,0.07809933841788166,0.5024781501879505
30-1,30.0,1000.0,10,0.031460887342733716,0.7873211263940804
30-1,30.0,1000.0,11,0.2051042735509035,0.07550708881411494
30-1,30.0,1000.0,12,0.13577666019977197,0.24220981632558
30-1,30.0,1000.0,13,-0.01424786019406419,0.9027742243035972
30-1,30.0,1000.0,14,-0.05495884776515442,0.6372578728344331
30-1,30.0,1000.0,15,0.15605786290991955,0.17823878833230916
30-1,30.0,1000.0,16,-0.05513538418674893,0.6361752544845081
30-1,30.0,1000.0,17,0.03366603880825075,0.7728022199003223
30-1,30.0,1000.0,18,0.0786924352345805,0.4992285594984764
30-1,30.0,1000.0,19,0.2038096199866527,0.07741090877330882
30-1,30.0,1000.0,20,-0.05596922262016261,0.631072013754764
30-1,30.0,1000.0,21,-0.0141380311673029,0.903520082261547
30-1,30.0,1000.0,22,0.10103719672175414,0.3851485318014518
30-1,30.0,1000.0,23,-0.16178097195945834,0.16264947960606396
30-1,30.0,1000.0,24,-0.07503975944584707,0.5194140944810306
30-1,30.0,1000.0,25,-0.019794180309996627,0.8652316391711097
30-1,30.0,1000.0,26,0.270726088510192,0.018011798068838077
30-1,30.0,1000.0,27,0.42581553535797856,0.0001256151321436403
30-1,30.0,1000.0,28,0.6939570333842275,3.646771457460961e-12
30-1,30.0,1000.0,29,0.6554861992398806,1.3149118201001633e-10
30-1,30.0,1000.0,30,0.5059861487411733,3.119995735389953e-06
20-2,20.0,2000.0,1,0.354359311280015,0.001950958056803815
20-2,20.0,2000.0,2,-0.09040934191890566,0.44364019080426653
20-2,20.0,2000.0,3,-0.12589729624938134,0.28514572409160516
20-2,20.0,2000.0,4,-0.10113947122059688,0.3912105378344359
20-2,20.0,2000.0,5,-0.20245953250507642,0.08364158959766022
20-2,20.0,2000.0,6,-0.04913364218904433,0.6776155707644433
20-2,20.0,2000.0,7,-0.19480393626949877,0.09626983080431711
20-2,20.0,2000.0,8,-0.07773914572204195,0.5103134217361707
20-2,20.0,2000.0,9,0.007029687538446122,0.9525993731788971
20-2,20.0,2000.0,10,-0.17182305916971474,0.14324177954819073
20-2,20.0,2000.0,11,-0.10177804609056988,0.3882111749047856
20-2,20.0,2000.0,12,-0.12201815433820423,0.3003673720516155
20-2,20.0,2000.0,13,-0.046999027918000154,0.6908972786069363
20-2,20.0,2000.0,14,-0.2865003520455691,0.013333860042223877
20-2,20.0,2000.0,15,-0.17106806550040313,0.14503466714132562
20-2,20.0,2000.0,16,-0.025189882658447155,0.8312987045865159
20-2,20.0,2000.0,17,0.18335497683705934,0.11788444098927196
20-2,20.0,2000.0,18,0.3491996901063254,0.0022929759321405124
20-2,20.0,2000.0,19,0.56059777002267,2.0541580272142158e-07
20-2,20.0,2000.0,20,0.6165531052318544,4.958124185171421e-09
40-1,40.0,1000.0,1,0.3560693279730989,0.0019897520051403517
40-1,40.0,1000.0,2,0.3331219507014338,0.0039791252824962955
40-1,40.0,1000.0,3,0.051816521574228974,0.6632924554552906
40-1,40.0,1000.0,4,0.15820958607114746,0.1812718164196909
40-1,40.0,1000.0,5,0.006608669338668289,0.9557476827987725
40-1,40.0,1000.0,6,-0.11566827437275297,0.3298139664918845
40-1,40.0,1000.0,7,0.04208344472727817,0.7237047590306258
40-1,40.0,1000.0,8,-0.10593706592402061,0.3723832723824685
40-1,40.0,1000.0,9,-0.030605551147701023,0.7971472677644703
40-1,40.0,1000.0,10,0.2032105976111923,0.08465257814266386
40-1,40.0,1000.0,11,0.10141549030056071,0.39324741357594734
40-1,40.0,1000.0,12,-0.13037294061483007,0.2716018101925322
40-1,40.0,1000.0,13,0.020752386885531934,0.8616557140580049
40-1,40.0,1000.0,14,0.052796159420970316,0.657321343003192
40-1,40.0,1000.0,15,0.07707917793210373,0.5168792579676648
40-1,40.0,1000.0,16,-0.071940565999427,0.5452879386961518
40-1,40.0,1000.0,17,-0.0924190305107171,0.4367658449046167
40-1,40.0,1000.0,18,0.06976841376800083,0.5575204642442176
40-1,40.0,1000.0,19,-0.22277921518219615,0.0581644289118637
40-1,40.0,1000.0,20,-0.18888985968062402,0.10949559808690257
40-1,40.0,1000.0,21,0.13547757058997248,0.2531131660624288
40-1,40.0,1000.0,22,-0.11629778612014667,0.3271708182504727
40-1,40.0,1000.0,23,0.1146035934294938,0.33431497848292585
40-1,40.0,1000.0,24,-0.03722890529935042,0.7545068717388266
40-1,40.0,1000.0,25,-0.11166055521433911,0.3469573721947963
40-1,40.0,1000.0,26,-0.01318259125538967,0.9118598901986013
40-1,40.0,1000.0,27,0.08195450720585522,0.4906377565985291
40-1,40.0,1000.0,28,-0.022634838082142616,0.8492475767003542
40-1,40.0,1000.0,29,-0.10658331818291635,0.3694570900308179
40-1,40.0,1000.0,30,0.1736872351200711,0.14167928337540467
40-1,40.0,1000.0,31,0.07217248906820586,0.5439896041491179
40-1,40.0,1000.0,32,-0.020697973357019412,0.8620148921347152
40-1,40.0,1000.0,33,-0.12416744332383657,0.2952687407830581
40-1,40.0,1000.0,34,0.08779411417295828,0.4601533595729622
40-1,40.0,1000.0,35,0.2422147170056401,0.038959242622319035
40-1,40.0,1000.0,36,0.37659909825675975,0.0010237123023702204
40-1,40.0,1000.0,37,0.6590171653522513,2.3182280815498188e-10
40-1,40.0,1000.0,38,0.8077108779855391,5.927629946271549e-18
40-1,40.0,1000.0,39,0.7359059705488087,1.1985803254281272e-13
40-1,40.0,1000.0,40,0.5682205985066006,1.5751053500321546e-07
