subject,condition,l_length,pres_rate,prim_pfr,middle_pfr,rec_pfr,prim_effect,rec_effect,rec_prim_bias,rec_prim_bias_bool,condition_mu
A10HW8JXM17XLD,10-2,10.0,2000.0,0.08333333333333333,0.020833333333333332,0.8958333333333334,True,True,0.8125,True,prim
A12K1ADYMRSWMJ,10-2,10.0,2000.0,0.6666666666666667,0.0,0.020833333333333332,True,True,-0.6458333333333334,False,prim
A14E4ISXVJVY6F,10-2,10.0,2000.0,0.875,0.0,0.0,True,False,-0.875,False,prim
A169XTOCOMO1MV,10-2,10.0,2000.0,0.3958333333333333,0.0625,0.2708333333333333,True,True,-0.125,False,prim
A18NXRDHQ0ZSOY,10-2,10.0,2000.0,0.25,0.16666666666666666,0.2916666666666667,True,True,0.041666666666666685,True,prim
A1969Q0R4Y0E3J,10-2,10.0,2000.0,0.08333333333333333,0.10416666666666666,0.75,False,True,0.6666666666666666,True,prim
A1AKL5YH9NLD2V,10-2,10.0,2000.0,0.0,0.9166666666666666,0.041666666666666664,False,False,0.041666666666666664,True,prim
A1ARWNTZHGFG8Y,10-2,10.0,2000.0,0.6041666666666666,0.0625,0.20833333333333334,True,True,-0.39583333333333326,False,prim
A1F0R1MSPTXHHV,10-2,10.0,2000.0,0.4375,0.041666666666666664,0.22916666666666666,True,True,-0.20833333333333334,False,prim
A1GRPIBHW72HDU,10-2,10.0,2000.0,0.0,0.0,0.9791666666666667,False,True,0.9791666666666667,True,prim
A1I9RLJQ0BYN21,10-2,10.0,2000.0,0.7499999999999999,0.041666666666666664,0.16666666666666666,True,True,-0.5833333333333333,False,prim
A1NG504QI5LI62,10-2,10.0,2000.0,0.7083333333333334,0.0,0.0,True,False,-0.7083333333333334,False,prim
A1NQ2A0UDW719R,10-2,10.0,2000.0,0.4791666666666667,0.020833333333333332,0.0,True,False,-0.4791666666666667,False,prim
A1P00XZZG7EEEM,10-2,10.0,2000.0,0.5227272727272727,0.09090909090909091,0.045454545454545456,True,False,-0.47727272727272724,False,prim
A1RFDB2WUV7QRO,10-2,10.0,2000.0,0.375,0.20833333333333331,0.4166666666666667,True,True,0.041666666666666685,True,prim
A1V2H0UF94ATWY,10-2,10.0,2000.0,0.0,0.35416666666666663,0.625,False,True,0.625,True,prim
A1W7T8V97ZPUH0,10-2,10.0,2000.0,0.35416666666666663,0.14583333333333331,0.08333333333333333,True,False,-0.2708333333333333,False,prim
A1WJIRT360P5VB,10-2,10.0,2000.0,0.0,0.0,1.0,False,True,1.0,True,prim
A1WPGNK8Y65BV3,10-2,10.0,2000.0,0.3125,0.041666666666666664,0.6250000000000001,True,True,0.3125000000000001,True,prim
A1XMGLCK09Z0DW,10-2,10.0,2000.0,0.32196969696969696,0.2727272727272727,0.12878787878787878,True,False,-0.19318181818181818,False,prim
A1YA2FCN3KEK36,10-2,10.0,2000.0,0.7916666666666667,0.0,0.0,True,False,-0.7916666666666667,False,prim
A20GD3EBBTBYY2,10-2,10.0,2000.0,0.16666666666666669,0.0,0.625,True,True,0.4583333333333333,True,prim
A24BRTWG07T53Z,10-2,10.0,2000.0,0.8333333333333334,0.0625,0.041666666666666664,True,False,-0.7916666666666667,False,prim
A27QXQ22F9ODSP,10-2,10.0,2000.0,0.6666666666666667,0.0,0.08333333333333333,True,True,-0.5833333333333334,False,prim
A27T2Z568L69U1,10-2,10.0,2000.0,0.8125,0.020833333333333332,0.020833333333333332,True,False,-0.7916666666666666,False,prim
A282UM3NAIM0YO,10-2,10.0,2000.0,0.25,0.041666666666666664,0.45833333333333337,True,True,0.20833333333333337,True,prim
A2BREH6STESM0G,10-2,10.0,2000.0,0.18749999999999997,0.041666666666666664,0.45833333333333337,True,True,0.27083333333333337,True,prim
A2FLBMZ38IZ2SQ,10-2,10.0,2000.0,0.7916666666666666,0.020833333333333332,0.020833333333333332,True,False,-0.7708333333333333,False,prim
A2FM1N5AOMVTGL,10-2,10.0,2000.0,0.44886363636363635,0.020833333333333332,0.20833333333333334,True,True,-0.240530303030303,False,prim
A2FYFCD16Z3PCC,10-2,10.0,2000.0,0.0,0.20833333333333331,0.7708333333333333,False,True,0.7708333333333333,True,prim
A2H8PEGI28NKZD,10-2,10.0,2000.0,0.5416666666666667,0.125,0.3125,True,True,-0.22916666666666674,False,prim
A2I6ZALE49CVSC,10-2,10.0,2000.0,0.8125,0.0,0.16666666666666666,True,True,-0.6458333333333334,False,prim
A2KPEUCEE2M05G,10-2,10.0,2000.0,0.875,0.0,0.125,True,True,-0.75,False,prim
A2LJ1FRUYGW469,10-2,10.0,2000.0,0.375,0.0,0.5,True,True,0.125,True,prim
A2M183CETUMR96,10-2,10.0,2000.0,0.020833333333333332,0.10416666666666666,0.8541666666666667,False,True,0.8333333333333334,True,prim
A2MUOD1JHWJ735,10-2,10.0,2000.0,0.020833333333333332,0.7291666666666666,0.22916666666666666,False,False,0.20833333333333331,True,prim
A2NXMRPHG86N2T,10-2,10.0,2000.0,0.22916666666666666,0.3125,0.45833333333333337,False,True,0.2291666666666667,True,prim
A2PQDK3MLDFXYM,10-2,10.0,2000.0,0.0,0.041666666666666664,0.9166666666666667,False,True,0.9166666666666667,True,prim
A2QRJKXTK4JDD8,10-2,10.0,2000.0,0.25,0.0,0.4375,True,True,0.1875,True,prim
A2R970Q1Q2A6DJ,10-2,10.0,2000.0,0.6250000000000001,0.020833333333333332,0.020833333333333332,True,False,-0.6041666666666667,False,prim
A2VIKZ73Y5ABHM,10-2,10.0,2000.0,0.33333333333333337,0.08333333333333333,0.4375,True,True,0.10416666666666663,True,prim
A2WYZLG8J526TQ,10-2,10.0,2000.0,0.6249999999999999,0.0,0.125,True,True,-0.4999999999999999,False,prim
A33X52IN60MSOE,10-2,10.0,2000.0,0.125,0.0,0.875,True,True,0.75,True,prim
A348NEQKS6VNIB,10-2,10.0,2000.0,0.10416666666666666,0.08333333333333333,0.7708333333333333,True,True,0.6666666666666666,True,prim
A349BBTU7L597J,10-2,10.0,2000.0,0.3541666666666667,0.0625,0.1875,True,True,-0.16666666666666669,False,prim
A3C8JI69WPTKWH,10-2,10.0,2000.0,0.0,0.0625,0.9375,False,True,0.9375,True,prim
A3CE7DTHIB76UK,10-2,10.0,2000.0,0.5208333333333333,0.14583333333333334,0.1875,True,True,-0.33333333333333326,False,prim
A3G55RJTW3BSGM,10-2,10.0,2000.0,0.14583333333333331,0.3333333333333333,0.5,False,True,0.3541666666666667,True,prim
A3GC5Q5CLI4NWZ,10-2,10.0,2000.0,0.9166666666666666,0.0,0.0,True,False,-0.9166666666666666,False,prim
A3J55BJGV95JKH,10-2,10.0,2000.0,0.0625,0.5625,0.2916666666666667,False,False,0.22916666666666669,True,prim
A3MJQ51KN9CMQ4,10-2,10.0,2000.0,0.47916666666666663,0.041666666666666664,0.125,True,True,-0.35416666666666663,False,prim
A3MOL1L9V4BUGH,10-2,10.0,2000.0,0.22916666666666669,0.08333333333333333,0.4375,True,True,0.20833333333333331,True,prim
A3NAONPCTVT6P1,10-2,10.0,2000.0,0.22916666666666669,0.0625,0.5208333333333333,True,True,0.2916666666666666,True,prim
A3PJY7THMUIR4M,10-2,10.0,2000.0,0.2777777777777778,0.08333333333333333,0.5,True,True,0.2222222222222222,True,prim
A3VV3MW68CALXS,10-2,10.0,2000.0,0.3541666666666667,0.0,0.0,True,False,-0.3541666666666667,False,prim
A489K1IFOM4JW,10-2,10.0,2000.0,0.6875000000000001,0.0,0.0,True,False,-0.6875000000000001,False,prim
A49HPQ9P5AHU4,10-2,10.0,2000.0,0.0,0.41666666666666663,0.5833333333333334,False,True,0.5833333333333334,True,prim
A55MEA9LQASZH,10-2,10.0,2000.0,0.10416666666666666,0.020833333333333332,0.75,True,True,0.6458333333333334,True,prim
A5P12YJP805RG,10-2,10.0,2000.0,0.10416666666666666,0.375,0.47916666666666663,False,True,0.375,True,prim
A5TWD5QD99GZY,10-2,10.0,2000.0,0.10416666666666666,0.12499999999999999,0.7708333333333334,False,True,0.6666666666666667,True,prim
A63UHNWYOV5LE,10-2,10.0,2000.0,0.4444444444444444,0.19444444444444445,0.16666666666666666,True,False,-0.2777777777777778,False,prim
AEP8U373W5Q54,10-2,10.0,2000.0,0.8125000000000001,0.0,0.0,True,False,-0.8125000000000001,False,prim
AK2PMO5I7OCEK,10-2,10.0,2000.0,0.7708333333333334,0.0,0.0,True,False,-0.7708333333333334,False,prim
AKNU5D6QK7M72,10-2,10.0,2000.0,0.7083333333333334,0.0,0.0,True,False,-0.7083333333333334,False,prim
AO5FQ7GY8DTR8,10-2,10.0,2000.0,0.375,0.0,0.0,True,False,-0.375,False,prim
ARIWYNIH12MLF,10-2,10.0,2000.0,0.10416666666666666,0.041666666666666664,0.5416666666666666,True,True,0.4375,True,prim
AS4FVWL91C6HR,10-2,10.0,2000.0,0.7083333333333334,0.0,0.20833333333333331,True,True,-0.5,False,prim
AWJKR5GA7BS7V,10-2,10.0,2000.0,0.37499999999999994,0.0,0.33333333333333337,True,True,-0.041666666666666574,False,prim
AZ69TBTDH7AZS,10-2,10.0,2000.0,0.0,0.10416666666666666,0.8750000000000001,False,True,0.8750000000000001,True,prim
AZ8NNCT4AODDN,10-2,10.0,2000.0,0.5,0.0,0.125,True,True,-0.375,False,prim
A10JXOU89D5RXR,20-1,20.0,1000.0,0.12499999999999999,0.20833333333333331,0.6458333333333334,False,True,0.5208333333333334,True,rec
A111FTKAAJ5UMC,20-1,20.0,1000.0,0.875,0.0,0.0,True,False,-0.875,False,rec
A11EZAV2HRYKD5,20-1,20.0,1000.0,0.8541666666666666,0.0,0.0,True,False,-0.8541666666666666,False,rec
A157L6Z8QU3SDE,20-1,20.0,1000.0,0.020833333333333332,0.08333333333333333,0.8958333333333333,False,True,0.8749999999999999,True,rec
A16GIPTDMJAFTK,20-1,20.0,1000.0,0.37499999999999994,0.0,0.45833333333333337,True,True,0.08333333333333343,True,rec
A17R7WX5B0CKK6,20-1,20.0,1000.0,0.020833333333333332,0.041666666666666664,0.7083333333333333,False,True,0.6874999999999999,True,rec
A17WB66BXX4R0J,20-1,20.0,1000.0,0.9166666666666667,0.0,0.0,True,False,-0.9166666666666667,False,rec
A19QRXLWV5GKXN,20-1,20.0,1000.0,0.10416666666666666,0.125,0.6666666666666665,False,True,0.5624999999999999,True,rec
A1CKIYN01NV9GJ,20-1,20.0,1000.0,0.125,0.49999999999999994,0.375,False,False,0.25,True,rec
A1HLDOM6JTYYI2,20-1,20.0,1000.0,0.8124999999999999,0.041666666666666664,0.10416666666666666,True,True,-0.7083333333333333,False,rec
A1HR8IRDC07FO9,20-1,20.0,1000.0,0.5416666666666666,0.0,0.20833333333333334,True,True,-0.33333333333333326,False,rec
A1J6CZ176U6GDT,20-1,20.0,1000.0,0.020833333333333332,0.0,0.7708333333333334,True,True,0.75,True,rec
A1J9VZ372FV2QZ,20-1,20.0,1000.0,0.08333333333333333,0.12499999999999999,0.5625,False,True,0.4791666666666667,True,rec
A1JI19KPIVNL3Y,20-1,20.0,1000.0,0.4791666666666666,0.041666666666666664,0.4791666666666667,True,True,1.1102230246251565e-16,True,rec
A1KH9VI2D0V43B,20-1,20.0,1000.0,0.7083333333333334,0.0,0.0,True,False,-0.7083333333333334,False,rec
A1LJ4WAEDGELVL,20-1,20.0,1000.0,0.0,0.0,0.9583333333333334,False,True,0.9583333333333334,True,rec
A1OOCYEFLAJD98,20-1,20.0,1000.0,0.0,0.7708333333333333,0.20833333333333331,False,False,0.20833333333333331,True,rec
A1OW27AZS122X2,20-1,20.0,1000.0,0.1875,0.14583333333333334,0.6041666666666666,True,True,0.41666666666666663,True,rec
A1R5JNC2LO6X1S,20-1,20.0,1000.0,0.7291666666666667,0.0,0.020833333333333332,True,True,-0.7083333333333334,False,rec
A1SUTNVLSFPXFK,20-1,20.0,1000.0,0.31249999999999994,0.020833333333333332,0.32386363636363635,True,True,0.011363636363636409,True,rec
A1V91Z2CQKMR55,20-1,20.0,1000.0,0.0,0.16666666666666666,0.7916666666666667,False,True,0.7916666666666667,True,rec
A1YFL5HXPZ7MVV,20-1,20.0,1000.0,0.14583333333333331,0.1875,0.47916666666666663,False,True,0.3333333333333333,True,rec
A22UMPYYQBXT0F,20-1,20.0,1000.0,0.12499999999999999,0.041666666666666664,0.8125,True,True,0.6875,True,rec
A26M997VYVK0E6,20-1,20.0,1000.0,0.9583333333333334,0.020833333333333332,0.0,True,False,-0.9583333333333334,False,rec
A277V4SHQB8JRS,20-1,20.0,1000.0,0.0,0.16666666666666666,0.8125,False,True,0.8125,True,rec
A2E5PV1BHNG67N,20-1,20.0,1000.0,0.33333333333333337,0.0,0.37499999999999994,True,True,0.041666666666666574,True,rec
A2FQVRBXJZQAWT,20-1,20.0,1000.0,0.7916666666666666,0.0,0.0,True,False,-0.7916666666666666,False,rec
A2GM1ZIBRBHBK7,20-1,20.0,1000.0,0.5416666666666666,0.20833333333333331,0.10416666666666666,True,False,-0.4375,False,rec
A2ONILC0LZKG6Y,20-1,20.0,1000.0,0.020833333333333332,0.0,0.9791666666666666,True,True,0.9583333333333333,True,rec
A2QX1SJXQN1NV1,20-1,20.0,1000.0,0.4583333333333333,0.08333333333333333,0.125,True,True,-0.3333333333333333,False,rec
A2QY653X9531JP,20-1,20.0,1000.0,0.12499999999999999,0.19318181818181818,0.47159090909090906,False,True,0.34659090909090906,True,rec
A2RBF3IIJP15IH,20-1,20.0,1000.0,0.020833333333333332,0.24999999999999997,0.6458333333333334,False,True,0.625,True,rec
A2RWLFIP23FZA7,20-1,20.0,1000.0,0.6458333333333334,0.041666666666666664,0.16666666666666666,True,True,-0.47916666666666674,False,rec
A2SBZCFAVT83GN,20-1,20.0,1000.0,0.0,0.027777777777777776,0.9444444444444444,False,True,0.9444444444444444,True,rec
A2SQGKP2REXOTN,20-1,20.0,1000.0,0.8333333333333333,0.0,0.027777777777777776,True,True,-0.8055555555555555,False,rec
A2SQTRNQWDLU4F,20-1,20.0,1000.0,0.5,0.25,0.08333333333333333,True,False,-0.4166666666666667,False,rec
A2SWQM5X54P1O5,20-1,20.0,1000.0,0.0,0.37499999999999994,0.6041666666666667,False,True,0.6041666666666667,True,rec
A2TG5ESEOPXAHI,20-1,20.0,1000.0,0.625,0.020833333333333332,0.0,True,False,-0.625,False,rec
A2V6E7SGEU0EFD,20-1,20.0,1000.0,0.0,0.375,0.625,False,True,0.625,True,rec
A2VXT33Y2TQPOQ,20-1,20.0,1000.0,0.8049242424242424,0.022727272727272728,0.020833333333333332,True,False,-0.7840909090909091,False,rec
A2XDWB9NVYI3LQ,20-1,20.0,1000.0,0.0625,0.10416666666666666,0.75,False,True,0.6875,True,rec
A3026HLELYNW7U,20-1,20.0,1000.0,0.041666666666666664,0.0625,0.6875,False,True,0.6458333333333334,True,rec
A351P2O6QGTCS,20-1,20.0,1000.0,0.0,0.0,0.9722222222222222,False,True,0.9722222222222222,True,rec
A39R5EBK7W916X,20-1,20.0,1000.0,0.375,0.125,0.08333333333333333,True,False,-0.2916666666666667,False,rec
A3D9PJ37U7LCHE,20-1,20.0,1000.0,0.4375,0.1875,0.14583333333333331,True,False,-0.2916666666666667,False,rec
A3EVXSWHYA1PTT,20-1,20.0,1000.0,0.08333333333333333,0.0,0.875,True,True,0.7916666666666666,True,rec
A3GIUDSA1IGTFV,20-1,20.0,1000.0,0.38888888888888895,0.05555555555555555,0.3333333333333333,True,True,-0.055555555555555636,False,rec
A3HXK0UGS1YDMC,20-1,20.0,1000.0,0.6666666666666666,0.041666666666666664,0.08333333333333333,True,True,-0.5833333333333333,False,rec
A3ITZNJQUTIZ4C,20-1,20.0,1000.0,0.0,0.08333333333333333,0.9166666666666667,False,True,0.9166666666666667,True,rec
A3MHP4LZ3V88NF,20-1,20.0,1000.0,0.8125000000000001,0.041666666666666664,0.041666666666666664,True,False,-0.7708333333333335,False,rec
A3NRIEMOJVVX4A,20-1,20.0,1000.0,0.0625,0.0625,0.8541666666666666,False,True,0.7916666666666666,True,rec
A3PEV3KN6F7JRG,20-1,20.0,1000.0,0.375,0.24999999999999997,0.20833333333333331,True,False,-0.16666666666666669,False,rec
A3QKOYP52HYRH2,20-1,20.0,1000.0,0.12499999999999999,0.0625,0.5833333333333333,True,True,0.45833333333333326,True,rec
A3RFOODI4G4P4K,20-1,20.0,1000.0,0.020833333333333332,0.0,0.875,True,True,0.8541666666666666,True,rec
A3RHJEMZ4EGY2U,20-1,20.0,1000.0,0.020833333333333332,0.14583333333333331,0.8333333333333333,False,True,0.8124999999999999,True,rec
A3S76P3L3USWI1,20-1,20.0,1000.0,0.5946969696969697,0.041666666666666664,0.043560606060606064,True,True,-0.5511363636363636,False,rec
A3USPFFWN1G5PF,20-1,20.0,1000.0,0.041666666666666664,0.10416666666666666,0.7291666666666665,False,True,0.6874999999999999,True,rec
A50UY1556VDIA,20-1,20.0,1000.0,0.39204545454545453,0.1553030303030303,0.19696969696969696,True,True,-0.19507575757575757,False,rec
A7R1OLLU1Z6RA,20-1,20.0,1000.0,0.0,0.10416666666666666,0.8541666666666666,False,True,0.8541666666666666,True,rec
AEJU0MCYOQC77,20-1,20.0,1000.0,0.5555555555555556,0.1111111111111111,0.08333333333333333,True,False,-0.47222222222222227,False,rec
AHU3EE2Q05E18,20-1,20.0,1000.0,0.7291666666666665,0.020833333333333332,0.0,True,False,-0.7291666666666665,False,rec
AJD90361AJO80,20-1,20.0,1000.0,0.20833333333333334,0.12499999999999999,0.5,True,True,0.29166666666666663,True,rec
AK52RXEJKR81A,20-1,20.0,1000.0,0.4722222222222222,0.05555555555555555,0.4444444444444444,True,True,-0.02777777777777779,False,rec
AMJAZPJBO936R,20-1,20.0,1000.0,0.7291666666666667,0.08333333333333333,0.125,True,True,-0.6041666666666667,False,rec
AOQZVAH5FSKGE,20-1,20.0,1000.0,0.6875,0.041666666666666664,0.0,True,False,-0.6875,False,rec
AQCJI23U1VBYD,20-1,20.0,1000.0,0.5833333333333334,0.0625,0.0,True,False,-0.5833333333333334,False,rec
AQPFTUIJ0PW2N,20-1,20.0,1000.0,0.4444444444444444,0.1111111111111111,0.0,True,False,-0.4444444444444444,False,rec
AXFCUZ1WQC2WY,20-1,20.0,1000.0,0.49999999999999994,0.08333333333333333,0.2777777777777778,True,True,-0.22222222222222215,False,rec
AY7M9MOLNXIIK,20-1,20.0,1000.0,0.33333333333333337,0.041666666666666664,0.1875,True,True,-0.14583333333333337,False,rec
AZZA3J049G7R5,20-1,20.0,1000.0,0.16666666666666666,0.08333333333333333,0.6249999999999999,True,True,0.45833333333333326,True,rec
A102RSV009OCUW,15-2,15.0,2000.0,0.8541666666666666,0.0,0.041666666666666664,True,True,-0.8125,False,prim
A11BHGAKU0RIH8,15-2,15.0,2000.0,0.20833333333333331,0.08333333333333333,0.625,True,True,0.4166666666666667,True,prim
A13GBA16BNTN1A,15-2,15.0,2000.0,0.0,0.020833333333333332,0.8749999999999999,False,True,0.8749999999999999,True,prim
A13THDIE8LTQ11,15-2,15.0,2000.0,0.20833333333333331,0.0625,0.47916666666666663,True,True,0.2708333333333333,True,prim
A150QX2OXHGK8P,15-2,15.0,2000.0,0.1875,0.020833333333333332,0.5833333333333334,True,True,0.39583333333333337,True,prim
A151XA53WYXVD7,15-2,15.0,2000.0,0.6458333333333334,0.0,0.08333333333333333,True,True,-0.5625,False,prim
A1618RA11ZOD8Y,15-2,15.0,2000.0,0.1515151515151515,0.1515151515151515,0.5473484848484849,False,True,0.39583333333333337,True,prim
A19X8IA9EKC3XH,15-2,15.0,2000.0,0.041666666666666664,0.7499999999999999,0.14583333333333334,False,False,0.10416666666666669,True,prim
A1CFMY4CEYOM8Y,15-2,15.0,2000.0,0.0625,0.12499999999999999,0.7500000000000001,False,True,0.6875000000000001,True,prim
A1E0K2VGY2684V,15-2,15.0,2000.0,0.3333333333333333,0.0625,0.24999999999999997,True,True,-0.08333333333333334,False,prim
A1NQOR4RQJJDMW,15-2,15.0,2000.0,0.4791666666666667,0.0625,0.4583333333333333,True,True,-0.02083333333333337,False,prim
A1PZIN8H1VI6SY,15-2,15.0,2000.0,0.5277777777777778,0.027777777777777776,0.0,True,False,-0.5277777777777778,False,prim
A1QRIZY9WJW3R1,15-2,15.0,2000.0,0.8125,0.020833333333333332,0.0,True,False,-0.8125,False,prim
A1QXJZFA5NVGM3,15-2,15.0,2000.0,0.7916666666666666,0.0,0.0,True,False,-0.7916666666666666,False,prim
A1ROEDVMTO9Y3X,15-2,15.0,2000.0,0.4375,0.0,0.5,True,True,0.0625,True,prim
A1SCF3L6LTFQHF,15-2,15.0,2000.0,0.7708333333333334,0.0,0.0,True,False,-0.7708333333333334,False,prim
A1T7EB1WEDCMXV,15-2,15.0,2000.0,0.14583333333333334,0.20833333333333331,0.6458333333333333,False,True,0.4999999999999999,True,prim
A1TR2AOKWGQ78A,15-2,15.0,2000.0,0.5732323232323232,0.11363636363636363,0.19949494949494948,True,True,-0.3737373737373737,False,prim
A1UOP419O6P55R,15-2,15.0,2000.0,0.6944444444444444,0.0,0.05555555555555555,True,True,-0.6388888888888888,False,prim
A1WM3INNDW2776,15-2,15.0,2000.0,0.3333333333333333,0.020833333333333332,0.43749999999999994,True,True,0.10416666666666663,True,prim
A1Z82Y9E6YWY80,15-2,15.0,2000.0,0.16666666666666666,0.0625,0.3333333333333333,True,True,0.16666666666666666,True,prim
A2113B699TVADG,15-2,15.0,2000.0,0.8333333333333333,0.0,0.0,True,False,-0.8333333333333333,False,prim
A219SZBLCCCXN9,15-2,15.0,2000.0,0.5208333333333334,0.041666666666666664,0.08333333333333333,True,True,-0.43750000000000006,False,prim
A22GYYJXTS5KBH,15-2,15.0,2000.0,0.5,0.05555555555555555,0.2222222222222222,True,True,-0.2777777777777778,False,prim
A22Y78RVB8UFTD,15-2,15.0,2000.0,0.5,0.041666666666666664,0.375,True,True,-0.125,False,prim
A233LLG8YAXWF,15-2,15.0,2000.0,0.0625,0.08333333333333333,0.8541666666666666,False,True,0.7916666666666666,True,prim
A24GX1OZE6AY04,15-2,15.0,2000.0,0.0,0.3333333333333333,0.6458333333333334,False,True,0.6458333333333334,True,prim
A26MT7KJ7NJLRN,15-2,15.0,2000.0,0.2708333333333333,0.24999999999999997,0.4375,True,True,0.16666666666666669,True,prim
A26T0U2Y6LZOF3,15-2,15.0,2000.0,0.0,0.08333333333333333,0.37500000000000006,False,True,0.37500000000000006,True,prim
A29J4LL0MQL3AC,15-2,15.0,2000.0,0.8541666666666666,0.020833333333333332,0.0,True,False,-0.8541666666666666,False,prim
A2G4R0GS677RC2,15-2,15.0,2000.0,0.041666666666666664,0.0,0.4583333333333333,True,True,0.41666666666666663,True,prim
A2IV3SSVTU90BN,15-2,15.0,2000.0,0.375,0.14583333333333331,0.39583333333333337,True,True,0.02083333333333337,True,prim
A2KZN3UH5NGC9,15-2,15.0,2000.0,0.12499999999999999,0.16666666666666669,0.6041666666666667,False,True,0.47916666666666674,True,prim
A2MBFIAGBPU5NG,15-2,15.0,2000.0,0.5416666666666667,0.041666666666666664,0.16666666666666666,True,True,-0.3750000000000001,False,prim
A2O86E23R5T4YO,15-2,15.0,2000.0,0.7026515151515152,0.0,0.020833333333333332,True,True,-0.6818181818181819,False,prim
A2PTABUVOUYAH5,15-2,15.0,2000.0,0.14583333333333331,0.1875,0.6458333333333333,False,True,0.49999999999999994,True,prim
A2R75YFKVALBXE,15-2,15.0,2000.0,0.0,0.08333333333333333,0.9166666666666666,False,True,0.9166666666666666,True,prim
A2RU1Q3C9VHBAO,15-2,15.0,2000.0,0.7916666666666666,0.020833333333333332,0.14583333333333334,True,True,-0.6458333333333333,False,prim
A2RVG8Y97DE0GM,15-2,15.0,2000.0,0.6875,0.0,0.0,True,False,-0.6875,False,prim
A2UJ9GDNVPX99C,15-2,15.0,2000.0,0.6666666666666667,0.020833333333333332,0.0,True,False,-0.6666666666666667,False,prim
A2UYZFH5VT5R3H,15-2,15.0,2000.0,0.020833333333333332,0.020833333333333332,0.9583333333333333,False,True,0.9374999999999999,True,prim
A2Y8LZS5C81O25,15-2,15.0,2000.0,0.7708333333333333,0.0625,0.020833333333333332,True,False,-0.7499999999999999,False,prim
A30NL5N71G2YAU,15-2,15.0,2000.0,0.20833333333333334,0.020833333333333332,0.4375,True,True,0.22916666666666666,True,prim
A310Y949ILSN3P,15-2,15.0,2000.0,0.7708333333333333,0.0,0.020833333333333332,True,True,-0.7499999999999999,False,prim
A31P78W9ZCQXCS,15-2,15.0,2000.0,0.4791666666666667,0.08333333333333333,0.20833333333333331,True,True,-0.27083333333333337,False,prim
A347RDI3HZOUCY,15-2,15.0,2000.0,0.875,0.0,0.0,True,False,-0.875,False,prim
A34HQHGLIW1FYS,15-2,15.0,2000.0,0.2708333333333333,0.0625,0.41666666666666663,True,True,0.14583333333333331,True,prim
A34IPEKX5WXJIN,15-2,15.0,2000.0,0.7348484848484849,0.020833333333333332,0.045454545454545456,True,True,-0.6893939393939394,False,prim
A34YNEN8UUI3CD,15-2,15.0,2000.0,0.25,0.3333333333333333,0.3958333333333333,False,True,0.14583333333333331,True,prim
A35VI4SE31HD17,15-2,15.0,2000.0,0.5416666666666667,0.0625,0.041666666666666664,True,False,-0.5000000000000001,False,prim
A36S0DI86PL4J6,15-2,15.0,2000.0,0.5208333333333334,0.0,0.12499999999999999,True,True,-0.39583333333333337,False,prim
A384KX8MUIJSTJ,15-2,15.0,2000.0,0.4375,0.12499999999999999,0.1875,True,True,-0.25,False,prim
A38DHLB88V8DL8,15-2,15.0,2000.0,0.020833333333333332,0.020833333333333332,0.9375,False,True,0.9166666666666666,True,prim
A3AWQ3AACIPXM2,15-2,15.0,2000.0,0.08333333333333333,0.041666666666666664,0.25,True,True,0.16666666666666669,True,prim
A3BA2WMGN6KHUU,15-2,15.0,2000.0,0.5,0.10416666666666666,0.16666666666666666,True,True,-0.33333333333333337,False,prim
A3BN69Q9D7RQGR,15-2,15.0,2000.0,0.10416666666666666,0.0625,0.20833333333333331,True,True,0.10416666666666666,True,prim
A3C25IBTLB60RQ,15-2,15.0,2000.0,0.6022727272727272,0.045454545454545456,0.21590909090909094,True,True,-0.38636363636363624,False,prim
A3FOKP72T5I4FR,15-2,15.0,2000.0,0.29166666666666663,0.24999999999999997,0.4166666666666667,True,True,0.12500000000000006,True,prim
A3HBB9JT9WVZS4,15-2,15.0,2000.0,0.29166666666666663,0.14583333333333331,0.3125,True,True,0.02083333333333337,True,prim
A3HOPYBWSR1TWR,15-2,15.0,2000.0,0.7234848484848485,0.0,0.0,True,False,-0.7234848484848485,False,prim
A3IBDJ12CRTQQN,15-2,15.0,2000.0,0.8522727272727273,0.020833333333333332,0.022727272727272728,True,True,-0.8295454545454546,False,prim
A3IHTJXHWPQ2JR,15-2,15.0,2000.0,0.10416666666666666,0.0,0.8125,True,True,0.7083333333333334,True,prim
A3MWLHSW9B9RHU,15-2,15.0,2000.0,0.6875,0.0,0.0,True,False,-0.6875,False,prim
A3ORKXM3WG8QJ9,15-2,15.0,2000.0,0.8674242424242424,0.0,0.0,True,False,-0.8674242424242424,False,prim
A3P52W1SBJUT5N,15-2,15.0,2000.0,0.3333333333333333,0.08333333333333333,0.37499999999999994,True,True,0.04166666666666663,True,prim
A3U27ZHUGOPIAN,15-2,15.0,2000.0,0.3125,0.020833333333333332,0.1875,True,True,-0.125,False,prim
A3UA50A6GKNAMR,15-2,15.0,2000.0,0.47916666666666663,0.020833333333333332,0.20833333333333331,True,True,-0.2708333333333333,False,prim
A3UE8ANAIM7F15,15-2,15.0,2000.0,0.4583333333333333,0.10416666666666666,0.16666666666666666,True,True,-0.29166666666666663,False,prim
A3UGB3B1S74HR9,15-2,15.0,2000.0,0.6590909090909091,0.0,0.0,True,False,-0.6590909090909091,False,prim
A3UUW04QL49RSC,15-2,15.0,2000.0,0.9147727272727273,0.0,0.0,True,False,-0.9147727272727273,False,prim
A6HDSE80LQPR8,15-2,15.0,2000.0,0.16666666666666666,0.041666666666666664,0.7083333333333333,True,True,0.5416666666666666,True,prim
AAOOH6P4HHSCS,15-2,15.0,2000.0,0.7499999999999999,0.041666666666666664,0.0,True,False,-0.7499999999999999,False,prim
ADGJXUEMPLTMS,15-2,15.0,2000.0,0.8125,0.10416666666666666,0.0,True,False,-0.8125,False,prim
AEF1G6YE8RIB8,15-2,15.0,2000.0,0.3958333333333333,0.0,0.1875,True,True,-0.20833333333333331,False,prim
AERGHZBQFT309,15-2,15.0,2000.0,0.0,0.4375,0.5416666666666666,False,True,0.5416666666666666,True,prim
AESZJEZTZEW01,15-2,15.0,2000.0,0.41666666666666674,0.0,0.3333333333333333,True,True,-0.08333333333333343,False,prim
AEX1I7K7OVHHC,15-2,15.0,2000.0,0.19444444444444442,0.05555555555555555,0.44191919191919193,True,True,0.24747474747474751,True,prim
AEXRVIK8SKB4V,15-2,15.0,2000.0,0.6249999999999999,0.0,0.041666666666666664,True,True,-0.5833333333333333,False,prim
AF0W4ZBY7VXOU,15-2,15.0,2000.0,0.08333333333333333,0.041666666666666664,0.875,True,True,0.7916666666666666,True,prim
AFZGUWYLC0NG0,15-2,15.0,2000.0,0.41666666666666663,0.16666666666666666,0.16666666666666666,True,False,-0.24999999999999997,False,prim
AGANKP4PUZ4NC,15-2,15.0,2000.0,0.6458333333333333,0.08333333333333333,0.0625,True,False,-0.5833333333333333,False,prim
AHY3YAYJLTW32,15-2,15.0,2000.0,0.020833333333333332,0.020833333333333332,0.9583333333333333,False,True,0.9374999999999999,True,prim
AL9SYQEUTNJXT,15-2,15.0,2000.0,0.4791666666666667,0.020833333333333332,0.10416666666666667,True,True,-0.375,False,prim
ALDQRWYZ8KQ9A,15-2,15.0,2000.0,0.0,0.10416666666666666,0.8958333333333333,False,True,0.8958333333333333,True,prim
AM65LGXJBTJ0I,15-2,15.0,2000.0,0.5833333333333334,0.08333333333333333,0.3125,True,True,-0.27083333333333337,False,prim
AOIR8V07FYMH5,15-2,15.0,2000.0,0.020833333333333332,0.0,0.9375,True,True,0.9166666666666666,True,prim
AR0VJ5XRG16UJ,15-2,15.0,2000.0,0.041666666666666664,0.08333333333333333,0.625,False,True,0.5833333333333334,True,prim
AU5UJIZ3TLI5M,15-2,15.0,2000.0,0.0,0.08333333333333333,0.8958333333333333,False,True,0.8958333333333333,True,prim
AW2UVK63OLFW,15-2,15.0,2000.0,0.2708333333333333,0.125,0.43749999999999994,True,True,0.16666666666666663,True,prim
AW5O1RK3W60FC,15-2,15.0,2000.0,0.08333333333333333,0.125,0.7499999999999999,False,True,0.6666666666666665,True,prim
AWRY5SC68T0DC,15-2,15.0,2000.0,0.75,0.0,0.020833333333333332,True,True,-0.7291666666666666,False,prim
AWTCGY2CL1T68,15-2,15.0,2000.0,0.6761363636363636,0.0,0.0,True,False,-0.6761363636363636,False,prim
AXSBX0MCQNG3A,15-2,15.0,2000.0,0.6875000000000001,0.0,0.0,True,False,-0.6875000000000001,False,prim
A14WLAP6TCEKO0,30-1,30.0,1000.0,0.12499999999999999,0.10416666666666666,0.7291666666666665,True,True,0.6041666666666665,True,rec
A15V9BXNJXZXZX,30-1,30.0,1000.0,0.2537878787878788,0.2954545454545454,0.38446969696969696,False,True,0.13068181818181818,True,rec
A16335MOISDG1F,30-1,30.0,1000.0,0.041666666666666664,0.29166666666666663,0.6666666666666666,False,True,0.625,True,rec
A17FJLW818UEQU,30-1,30.0,1000.0,0.0,0.1388888888888889,0.8333333333333333,False,True,0.8333333333333333,True,rec
A186PT9ZLO5EJD,30-1,30.0,1000.0,0.8333333333333333,0.0,0.0,True,False,-0.8333333333333333,False,rec
A1AS1H21O9896X,30-1,30.0,1000.0,0.4375,0.12499999999999999,0.1875,True,True,-0.25,False,rec
A1AYTKAQT201ZV,30-1,30.0,1000.0,0.47916666666666663,0.020833333333333332,0.125,True,True,-0.35416666666666663,False,rec
A1EII5EWOTBDK9,30-1,30.0,1000.0,0.041666666666666664,0.08333333333333333,0.7291666666666666,False,True,0.6875,True,rec
A1F9KLZGHE9DTA,30-1,30.0,1000.0,0.0,0.08333333333333333,0.8958333333333334,False,True,0.8958333333333334,True,rec
A1IGKJ200N82S9,30-1,30.0,1000.0,0.08333333333333333,0.22916666666666666,0.625,False,True,0.5416666666666666,True,rec
A1KGUJMWDCPSYG,30-1,30.0,1000.0,0.020833333333333332,0.0,0.5208333333333333,True,True,0.49999999999999994,True,rec
A1M1E62KXCDNL0,30-1,30.0,1000.0,0.12499999999999999,0.25000000000000006,0.5625,False,True,0.4375,True,rec
A1MG8KNVSVZ365,30-1,30.0,1000.0,0.5416666666666666,0.0625,0.0625,True,False,-0.47916666666666663,False,rec
A1MKEILXWWLBW2,30-1,30.0,1000.0,0.25,0.020833333333333332,0.7083333333333334,True,True,0.45833333333333337,True,rec
A1O67YS3DU0ZHX,30-1,30.0,1000.0,0.0,0.08333333333333333,0.8958333333333333,False,True,0.8958333333333333,True,rec
A1Q0G8JA5EZ8EI,30-1,30.0,1000.0,0.041666666666666664,0.20833333333333331,0.7083333333333333,False,True,0.6666666666666666,True,rec
A1SLJKNSNHOJRN,30-1,30.0,1000.0,0.020833333333333332,0.08333333333333333,0.8958333333333335,False,True,0.8750000000000001,True,rec
A1T2P6E67251U5,30-1,30.0,1000.0,0.8541666666666666,0.020833333333333332,0.0,True,False,-0.8541666666666666,False,rec
A1U4WS9KJMADV,30-1,30.0,1000.0,0.10416666666666666,0.10416666666666666,0.75,False,True,0.6458333333333334,True,rec
A1X4T3QSIE8YYX,30-1,30.0,1000.0,0.9583333333333333,0.041666666666666664,0.0,True,False,-0.9583333333333333,False,rec
A225J5T6WHO2MG,30-1,30.0,1000.0,0.8541666666666666,0.041666666666666664,0.020833333333333332,True,False,-0.8333333333333333,False,rec
A23KDD6OPM4NJ0,30-1,30.0,1000.0,0.41666666666666663,0.10416666666666666,0.0,True,False,-0.41666666666666663,False,rec
A25Y3D2Y2DR8WM,30-1,30.0,1000.0,0.6041666666666666,0.020833333333333332,0.2708333333333333,True,True,-0.3333333333333333,False,rec
A26XKTGGGYBI4J,30-1,30.0,1000.0,0.75,0.041666666666666664,0.0,True,False,-0.75,False,rec
A28OD52SMLYQ16,30-1,30.0,1000.0,0.041666666666666664,0.1875,0.6666666666666666,False,True,0.625,True,rec
A28TA25NJGLL3Y,30-1,30.0,1000.0,0.6174242424242423,0.08333333333333333,0.020833333333333332,True,False,-0.596590909090909,False,rec
A28ZPY6D5AS7GZ,30-1,30.0,1000.0,0.33333333333333337,0.16666666666666669,0.4444444444444444,True,True,0.11111111111111105,True,rec
A2ASRB2MTHDHPD,30-1,30.0,1000.0,0.8333333333333334,0.020833333333333332,0.0,True,False,-0.8333333333333334,False,rec
A2BUHMLNE3LUU0,30-1,30.0,1000.0,0.020833333333333332,0.47916666666666663,0.3125,False,False,0.2916666666666667,True,rec
A2E2SLXF4KQ3S1,30-1,30.0,1000.0,0.8541666666666666,0.020833333333333332,0.0,True,False,-0.8541666666666666,False,rec
A2FJIZUHR6E4EZ,30-1,30.0,1000.0,0.5208333333333334,0.0625,0.16666666666666666,True,True,-0.35416666666666674,False,rec
A2G2T6EMXAOKMS,30-1,30.0,1000.0,0.0,0.3055555555555555,0.6944444444444443,False,True,0.6944444444444443,True,rec
A2GRA6N98ZPIQ1,30-1,30.0,1000.0,0.7083333333333334,0.0,0.0,True,False,-0.7083333333333334,False,rec
A2IKLJWU2OJ1YX,30-1,30.0,1000.0,0.6041666666666666,0.25,0.0,True,False,-0.6041666666666666,False,rec
A2K5AXCSY703CU,30-1,30.0,1000.0,0.38888888888888884,0.1111111111111111,0.3333333333333333,True,True,-0.055555555555555525,False,rec
A2MV1R6YYOIO30,30-1,30.0,1000.0,0.6666666666666667,0.2222222222222222,0.05555555555555555,True,False,-0.6111111111111112,False,rec
A2NU82V08QSPCC,30-1,30.0,1000.0,0.6666666666666666,0.05555555555555555,0.2777777777777778,True,True,-0.38888888888888884,False,rec
A2NY0VWEWDULC6,30-1,30.0,1000.0,0.041666666666666664,0.20833333333333331,0.7083333333333333,False,True,0.6666666666666666,True,rec
A2OFVEA8BEJDZN,30-1,30.0,1000.0,0.45833333333333326,0.25,0.08333333333333333,True,False,-0.37499999999999994,False,rec
A2P83PY6P7ECM5,30-1,30.0,1000.0,0.2777777777777778,0.08333333333333333,0.1388888888888889,True,True,-0.1388888888888889,False,rec
A2PUL3ZDXOW0VZ,30-1,30.0,1000.0,0.020833333333333332,0.020833333333333332,0.9375,False,True,0.9166666666666666,True,rec
A2ROI30AQITC3V,30-1,30.0,1000.0,0.14583333333333331,0.375,0.2708333333333333,False,False,0.125,True,rec
A2VZN8J53Y5WYR,30-1,30.0,1000.0,0.6041666666666666,0.020833333333333332,0.0,True,False,-0.6041666666666666,False,rec
A2XMRJKCNKLL4E,30-1,30.0,1000.0,0.27840909090909094,0.3617424242424242,0.17045454545454547,False,False,-0.10795454545454547,False,rec
A2Y0VM8BAF0RMT,30-1,30.0,1000.0,0.45833333333333337,0.08333333333333333,0.41666666666666663,True,True,-0.04166666666666674,False,rec
A2ZGAH6NOSU2PO,30-1,30.0,1000.0,0.0,0.0,0.9999999999999999,False,True,0.9999999999999999,True,rec
A30DHHAL100LZR,30-1,30.0,1000.0,0.0,0.375,0.4583333333333333,False,True,0.4583333333333333,True,rec
A31SZFE8M7YK0S,30-1,30.0,1000.0,0.2525252525252525,0.1717171717171717,0.4065656565656566,True,True,0.1540404040404041,True,rec
A34DYM8J0X5VK,30-1,30.0,1000.0,0.0,0.020833333333333332,0.9375,False,True,0.9375,True,rec
A36IB78C6MVA3,30-1,30.0,1000.0,0.5833333333333333,0.0,0.041666666666666664,True,True,-0.5416666666666666,False,rec
A389Y151TAJ4XG,30-1,30.0,1000.0,0.0625,0.4583333333333333,0.08333333333333333,False,False,0.02083333333333333,True,rec
A3AY0315YWWNXY,30-1,30.0,1000.0,0.14583333333333334,0.14583333333333331,0.6875,True,True,0.5416666666666666,True,rec
A3EUH97BRHRSI6,30-1,30.0,1000.0,0.041666666666666664,0.10416666666666666,0.6666666666666666,False,True,0.625,True,rec
A3I97794CB5SUO,30-1,30.0,1000.0,0.020833333333333332,0.08333333333333333,0.7916666666666666,False,True,0.7708333333333333,True,rec
A3RVHUY67SVXQV,30-1,30.0,1000.0,0.625,0.041666666666666664,0.3125,True,True,-0.3125,False,rec
A3TX84QHD321M7,30-1,30.0,1000.0,0.625,0.020833333333333332,0.0,True,False,-0.625,False,rec
A3UCN8EJI08X2P,30-1,30.0,1000.0,0.25,0.41666666666666663,0.22916666666666663,False,False,-0.02083333333333337,False,rec
A3UQ5DF8VVD975,30-1,30.0,1000.0,0.0,0.2916666666666667,0.6666666666666666,False,True,0.6666666666666666,True,rec
A3V71NT2X4HD1I,30-1,30.0,1000.0,0.75,0.020833333333333332,0.020833333333333332,True,False,-0.7291666666666666,False,rec
A51TGVVYJF7T0,30-1,30.0,1000.0,0.5965909090909091,0.0,0.045454545454545456,True,True,-0.5511363636363636,False,rec
A7USTT4KU1ZBO,30-1,30.0,1000.0,0.375,0.22916666666666666,0.1875,True,False,-0.1875,False,rec
AB5WBMZGLX57B,30-1,30.0,1000.0,0.10416666666666666,0.08333333333333333,0.41666666666666663,True,True,0.3125,True,rec
ACBROX4H8BSW3,30-1,30.0,1000.0,0.0,0.0,0.9166666666666666,False,True,0.9166666666666666,True,rec
ADJ9I7ZBFYFH7,30-1,30.0,1000.0,0.041666666666666664,0.041666666666666664,0.9166666666666667,False,True,0.8750000000000001,True,rec
AGILQEFEPEK7N,30-1,30.0,1000.0,0.25,0.08333333333333333,0.625,True,True,0.375,True,rec
AH7HACNNRSIPO,30-1,30.0,1000.0,0.4791666666666667,0.3125,0.14583333333333334,True,False,-0.33333333333333337,False,rec
AIDU49N2KO05N,30-1,30.0,1000.0,0.20833333333333334,0.4791666666666666,0.08333333333333333,False,False,-0.125,False,rec
AJUVX0E4OPTAO,30-1,30.0,1000.0,0.6458333333333333,0.0,0.0,True,False,-0.6458333333333333,False,rec
AK3GAHRZ6M6WM,30-1,30.0,1000.0,0.08333333333333333,0.0,0.5416666666666666,True,True,0.4583333333333333,True,rec
AKE4AYF86KJVU,30-1,30.0,1000.0,0.16666666666666669,0.0625,0.6875,True,True,0.5208333333333333,True,rec
AKNBC1TE88NDO,30-1,30.0,1000.0,0.020833333333333332,0.125,0.8125,False,True,0.7916666666666666,True,rec
AKX4H8RT7BL7H,30-1,30.0,1000.0,0.0,0.0,1.0,False,True,1.0,True,rec
AOYDGVOZUIHII,30-1,30.0,1000.0,0.7708333333333333,0.041666666666666664,0.0,True,False,-0.7708333333333333,False,rec
AP4B1GJIT3HYF,30-1,30.0,1000.0,0.3125,0.18749999999999997,0.3333333333333333,True,True,0.020833333333333315,True,rec
AXFH1DT8PR0K2,30-1,30.0,1000.0,0.6666666666666666,0.125,0.0,True,False,-0.6666666666666666,False,rec
AXFP50XOZD2NI,30-1,30.0,1000.0,0.1875,0.0625,0.6666666666666666,True,True,0.47916666666666663,True,rec
A12LX24NC3FP2U,20-2,20.0,2000.0,0.24999999999999997,0.16666666666666666,0.375,True,True,0.12500000000000003,True,prim
A161VPQSXLLV8U,20-2,20.0,2000.0,0.5208333333333334,0.020833333333333332,0.3541666666666667,True,True,-0.16666666666666669,False,prim
A166P9BSWIFF32,20-2,20.0,2000.0,0.75,0.041666666666666664,0.0,True,False,-0.75,False,prim
A17IPELR5NC2LZ,20-2,20.0,2000.0,0.5555555555555556,0.027777777777777776,0.16666666666666666,True,True,-0.38888888888888895,False,prim
A17TMQWTCJVOV5,20-2,20.0,2000.0,0.08333333333333333,0.16666666666666666,0.6875,False,True,0.6041666666666666,True,prim
A1CB9NR3SN4VMY,20-2,20.0,2000.0,0.6249999999999999,0.020833333333333332,0.22916666666666666,True,True,-0.39583333333333326,False,prim
A1FM638CHGPC1M,20-2,20.0,2000.0,0.39583333333333337,0.0,0.3125,True,True,-0.08333333333333337,False,prim
A1HENLDLQEO5BZ,20-2,20.0,2000.0,0.8333333333333334,0.0,0.0,True,False,-0.8333333333333334,False,prim
A1J39RAV7TKEMF,20-2,20.0,2000.0,0.27083333333333337,0.27083333333333337,0.2708333333333333,False,False,-5.551115123125783e-17,False,prim
A1JL3HCA0MK9UI,20-2,20.0,2000.0,0.5,0.08333333333333333,0.020833333333333332,True,False,-0.4791666666666667,False,prim
A1L5A88C9PPK5L,20-2,20.0,2000.0,0.75,0.0,0.0,True,False,-0.75,False,prim
A1LA6CIGBNDOH9,20-2,20.0,2000.0,0.020833333333333332,0.0625,0.9166666666666667,False,True,0.8958333333333334,True,prim
A1MD74JPL7E9PK,20-2,20.0,2000.0,0.9444444444444445,0.027777777777777776,0.0,True,False,-0.9444444444444445,False,prim
A1O0K8V58YRL4A,20-2,20.0,2000.0,0.16666666666666666,0.16666666666666669,0.25,False,True,0.08333333333333334,True,prim
A1PTX4IB9R34LI,20-2,20.0,2000.0,0.10416666666666666,0.1875,0.6458333333333333,False,True,0.5416666666666666,True,prim
A1S2EXYEG5I8HW,20-2,20.0,2000.0,0.027777777777777776,0.1388888888888889,0.8333333333333333,False,True,0.8055555555555555,True,prim
A1SJLXB0XFCJ97,20-2,20.0,2000.0,0.49999999999999994,0.08333333333333333,0.16666666666666666,True,True,-0.33333333333333326,False,prim
A1TPGXT718D68E,20-2,20.0,2000.0,0.0,0.041666666666666664,0.9166666666666666,False,True,0.9166666666666666,True,prim
A1TVWMWE03AWAW,20-2,20.0,2000.0,0.041666666666666664,0.041666666666666664,0.47916666666666663,False,True,0.43749999999999994,True,prim
A1VEOI1H4AE1T3,20-2,20.0,2000.0,0.5833333333333334,0.0,0.22916666666666666,True,True,-0.35416666666666674,False,prim
A1WT2CM71Z9MP3,20-2,20.0,2000.0,0.47916666666666663,0.08333333333333333,0.16666666666666666,True,True,-0.3125,False,prim
A20YXCVKHSTSPC,20-2,20.0,2000.0,0.9166666666666666,0.08333333333333333,0.0,True,False,-0.9166666666666666,False,prim
A2147HO7VBGJCU,20-2,20.0,2000.0,0.625,0.041666666666666664,0.041666666666666664,True,False,-0.5833333333333334,False,prim
A248QG4DPULP46,20-2,20.0,2000.0,0.14583333333333334,0.4166666666666666,0.3958333333333333,False,False,0.24999999999999997,True,prim
A25S9Y5DZ9OR16,20-2,20.0,2000.0,0.5,0.0625,0.125,True,True,-0.375,False,prim
A25VK411P03A5T,20-2,20.0,2000.0,0.10416666666666666,0.0625,0.625,True,True,0.5208333333333334,True,prim
A289D98Z4GAZ28,20-2,20.0,2000.0,0.9375,0.0,0.020833333333333332,True,True,-0.9166666666666666,False,prim
A2BTEQA95MCIHU,20-2,20.0,2000.0,0.39583333333333326,0.020833333333333332,0.0625,True,True,-0.33333333333333326,False,prim
A2E8PL8ZWIZVJ0,20-2,20.0,2000.0,0.5,0.020833333333333332,0.0,True,False,-0.5,False,prim
A2I6HVUDBTGD1,20-2,20.0,2000.0,0.7291666666666666,0.0625,0.020833333333333332,True,False,-0.7083333333333333,False,prim
A2KHR0GTA0DBWI,20-2,20.0,2000.0,0.16666666666666666,0.020833333333333332,0.7291666666666666,True,True,0.5625,True,prim
A2KT30RCVX67ZS,20-2,20.0,2000.0,0.4375,0.020833333333333332,0.0,True,False,-0.4375,False,prim
A2MMGDAA7JJKIE,20-2,20.0,2000.0,0.625,0.020833333333333332,0.0,True,False,-0.625,False,prim
A2MOKIEQZ0OF2M,20-2,20.0,2000.0,0.8333333333333333,0.0,0.08333333333333333,True,True,-0.7499999999999999,False,prim
A2NZ783AY1LBPW,20-2,20.0,2000.0,0.6666666666666667,0.0,0.2708333333333333,True,True,-0.3958333333333334,False,prim
A2NZAL7KHOR6VF,20-2,20.0,2000.0,0.0,0.0,0.9791666666666667,False,True,0.9791666666666667,True,prim
A2OOS7IXSKJFFI,20-2,20.0,2000.0,0.41666666666666663,0.125,0.08333333333333333,True,False,-0.3333333333333333,False,prim
A2P2YEHX1FXD20,20-2,20.0,2000.0,0.16666666666666663,0.0,0.27777777777777773,True,True,0.1111111111111111,True,prim
A2QHI85LQPJZYP,20-2,20.0,2000.0,0.5277777777777778,0.05555555555555555,0.027777777777777776,True,False,-0.5,False,prim
A2SSY7MHPDQVUS,20-2,20.0,2000.0,0.8749999999999999,0.041666666666666664,0.0,True,False,-0.8749999999999999,False,prim
A2UX2W49R55PH4,20-2,20.0,2000.0,0.4583333333333333,0.041666666666666664,0.12499999999999999,True,True,-0.3333333333333333,False,prim
A2VIKCIM9TZL22,20-2,20.0,2000.0,0.0,0.1111111111111111,0.8611111111111112,False,True,0.8611111111111112,True,prim
A2XGHLVP2C1FVA,20-2,20.0,2000.0,0.41666666666666663,0.16666666666666666,0.33333333333333337,True,True,-0.08333333333333326,False,prim
A2XVLOZY7FJCC2,20-2,20.0,2000.0,0.0625,0.08333333333333333,0.6041666666666666,False,True,0.5416666666666666,True,prim
A2ZVBFH732LYXQ,20-2,20.0,2000.0,0.6875,0.0,0.0,True,False,-0.6875,False,prim
A304UJAE051J89,20-2,20.0,2000.0,0.08333333333333333,0.020833333333333332,0.875,True,True,0.7916666666666666,True,prim
A312HQ3OU0EYTB,20-2,20.0,2000.0,0.05555555555555555,0.0,0.9166666666666666,True,True,0.861111111111111,True,prim
A35S8HPY0V445,20-2,20.0,2000.0,0.3333333333333333,0.14583333333333331,0.2708333333333333,True,True,-0.0625,False,prim
A37GOI3N77WX21,20-2,20.0,2000.0,0.10416666666666666,0.22916666666666666,0.6666666666666665,False,True,0.5624999999999999,True,prim
A389UA2GRCJ6,20-2,20.0,2000.0,0.6041666666666667,0.08333333333333333,0.020833333333333332,True,False,-0.5833333333333334,False,prim
A3A7XOKH39SYOI,20-2,20.0,2000.0,0.5833333333333333,0.020833333333333332,0.041666666666666664,True,True,-0.5416666666666666,False,prim
A3B0CMCBWAND7,20-2,20.0,2000.0,0.0,0.125,0.8125,False,True,0.8125,True,prim
A3C4WGE4SOGM1,20-2,20.0,2000.0,0.375,0.23863636363636365,0.10795454545454546,True,False,-0.26704545454545453,False,prim
A3CKVVGWBS4NGU,20-2,20.0,2000.0,0.6780303030303031,0.0,0.0,True,False,-0.6780303030303031,False,prim
A3GDVKIN7ZGUG9,20-2,20.0,2000.0,0.0,0.041666666666666664,0.625,False,True,0.625,True,prim
A3HE29W5IDR394,20-2,20.0,2000.0,0.08333333333333333,0.08333333333333333,0.75,False,True,0.6666666666666666,True,prim
A3I1SGVY37KR4A,20-2,20.0,2000.0,0.5277777777777778,0.1388888888888889,0.19444444444444442,True,True,-0.33333333333333337,False,prim
A3J5HRXH4F64SP,20-2,20.0,2000.0,0.16666666666666666,0.4166666666666667,0.375,False,False,0.20833333333333334,True,prim
A3LVLZS8S41ZD7,20-2,20.0,2000.0,0.0,0.125,0.8541666666666666,False,True,0.8541666666666666,True,prim
A3LXARU55PR281,20-2,20.0,2000.0,0.4375,0.08333333333333333,0.22916666666666669,True,True,-0.20833333333333331,False,prim
A3TR3KIRG5PCZ8,20-2,20.0,2000.0,0.9166666666666666,0.0,0.0,True,False,-0.9166666666666666,False,prim
A3U2A632YWEX7B,20-2,20.0,2000.0,0.7083333333333334,0.0,0.0,True,False,-0.7083333333333334,False,prim
A3U69MNO1JC7V4,20-2,20.0,2000.0,0.0,0.0,0.9375,False,True,0.9375,True,prim
A3UMHUWJKRGKNR,20-2,20.0,2000.0,0.020833333333333332,0.0625,0.75,False,True,0.7291666666666666,True,prim
A3VW5PI9ZX9DOD,20-2,20.0,2000.0,0.1388888888888889,0.05555555555555555,0.2222222222222222,True,True,0.08333333333333331,True,prim
A4HWADFPGP45G,20-2,20.0,2000.0,0.3333333333333333,0.0,0.3958333333333333,True,True,0.0625,True,prim
AFRKVRPZ2RHY8,20-2,20.0,2000.0,0.0,0.041666666666666664,0.9583333333333334,False,True,0.9583333333333334,True,prim
AHZCC2V399WUN,20-2,20.0,2000.0,0.5,0.3541666666666667,0.0625,True,False,-0.4375,False,prim
AJABAPM32ETMN,20-2,20.0,2000.0,0.08333333333333333,0.1388888888888889,0.7222222222222221,False,True,0.6388888888888887,True,prim
AK1EF4NACR1UJ,20-2,20.0,2000.0,0.5208333333333333,0.041666666666666664,0.0625,True,True,-0.45833333333333326,False,prim
AKIT35WR8HEQ3,20-2,20.0,2000.0,0.6041666666666667,0.14583333333333331,0.10416666666666666,True,False,-0.5000000000000001,False,prim
AP9WIQ4P78XLH,20-2,20.0,2000.0,0.14583333333333331,0.12499999999999999,0.7291666666666665,True,True,0.5833333333333333,True,prim
AR9AU5FY1S3RO,20-2,20.0,2000.0,0.0,0.0,1.0,False,True,1.0,True,prim
AXCDKBG1R43GE,20-2,20.0,2000.0,0.22916666666666666,0.25,0.39583333333333326,False,True,0.1666666666666666,True,prim
A102WSFN62OS6I,40-1,40.0,1000.0,0.38888888888888884,0.1111111111111111,0.38888888888888884,True,True,0.0,False,rec
A13WTEQ06V3B6D,40-1,40.0,1000.0,0.0,0.0,0.9583333333333333,False,True,0.9583333333333333,True,rec
A178HXQENEAI65,40-1,40.0,1000.0,0.20833333333333331,0.020833333333333332,0.5833333333333333,True,True,0.37499999999999994,True,rec
A1BLHM2IDH7DH4,40-1,40.0,1000.0,0.8333333333333333,0.020833333333333332,0.0,True,False,-0.8333333333333333,False,rec
A1DJB12ZI46GPX,40-1,40.0,1000.0,0.6041666666666666,0.020833333333333332,0.020833333333333332,True,False,-0.5833333333333333,False,rec
A1DZMZTXWOM9MR,40-1,40.0,1000.0,0.0,0.020833333333333332,0.9583333333333335,False,True,0.9583333333333335,True,rec
A1EU59VMI8GL4K,40-1,40.0,1000.0,0.041666666666666664,0.20833333333333331,0.7291666666666666,False,True,0.6875,True,rec
A1F0VEHWK3IAF4,40-1,40.0,1000.0,0.31249999999999994,0.29166666666666663,0.10416666666666666,True,False,-0.2083333333333333,False,rec
A1HGWCCIWP7AO0,40-1,40.0,1000.0,0.3434343434343434,0.1414141414141414,0.36868686868686873,True,True,0.025252525252525304,True,rec
A1IL5P5H5VRW0D,40-1,40.0,1000.0,0.6647727272727273,0.12499999999999999,0.020833333333333332,True,False,-0.6439393939393939,False,rec
A1J5OW12TRQSOW,40-1,40.0,1000.0,0.24999999999999997,0.29166666666666663,0.3333333333333333,False,True,0.08333333333333334,True,rec
A1KCSGTT6Y26LH,40-1,40.0,1000.0,0.4583333333333333,0.041666666666666664,0.0,True,False,-0.4583333333333333,False,rec
A1RQ8PX7A0CH3C,40-1,40.0,1000.0,0.08333333333333333,0.08333333333333333,0.4375,False,True,0.3541666666666667,True,rec
A1RY1N37JYUHBU,40-1,40.0,1000.0,0.638888888888889,0.027777777777777776,0.027777777777777776,True,False,-0.6111111111111112,False,rec
A1S54RQW9FDK0X,40-1,40.0,1000.0,0.31249999999999994,0.25,0.35416666666666663,True,True,0.041666666666666685,True,rec
A1TG34GJ1WTN0C,40-1,40.0,1000.0,0.47916666666666663,0.1875,0.0,True,False,-0.47916666666666663,False,rec
A1UH6A625GF5MD,40-1,40.0,1000.0,0.8124999999999999,0.020833333333333332,0.0,True,False,-0.8124999999999999,False,rec
A1VHK9OFD7H8ZH,40-1,40.0,1000.0,0.020833333333333332,0.020833333333333332,0.875,False,True,0.8541666666666666,True,rec
A1ZLLYRW6GIVC7,40-1,40.0,1000.0,0.041666666666666664,0.1875,0.7083333333333333,False,True,0.6666666666666666,True,rec
A20GJP9C5KC2ZU,40-1,40.0,1000.0,0.43939393939393945,0.17424242424242423,0.125,True,False,-0.31439393939393945,False,rec
A23W5HVE02LM0E,40-1,40.0,1000.0,0.5625,0.0625,0.041666666666666664,True,False,-0.5208333333333334,False,rec
A2541C8MY0BYV3,40-1,40.0,1000.0,0.0,0.125,0.8125,False,True,0.8125,True,rec
A271830PNYAI2G,40-1,40.0,1000.0,0.05555555555555555,0.16666666666666666,0.7222222222222222,False,True,0.6666666666666666,True,rec
A29JQ7VMQ1HKYP,40-1,40.0,1000.0,0.40151515151515144,0.25378787878787884,0.21401515151515152,True,False,-0.18749999999999992,False,rec
A2GUPBBFPPSXYR,40-1,40.0,1000.0,0.8125,0.020833333333333332,0.10416666666666666,True,True,-0.7083333333333334,False,rec
A2HRUFTA09371Y,40-1,40.0,1000.0,0.0,0.027777777777777776,0.9444444444444444,False,True,0.9444444444444444,True,rec
A2IK3H6MQ1QV6E,40-1,40.0,1000.0,0.0,0.29166666666666663,0.6666666666666666,False,True,0.6666666666666666,True,rec
A2L7RTYO4UMYDH,40-1,40.0,1000.0,0.3333333333333333,0.125,0.41666666666666663,True,True,0.08333333333333331,True,rec
A2LI1OIR4BVJRW,40-1,40.0,1000.0,0.8541666666666666,0.0625,0.0,True,False,-0.8541666666666666,False,rec
A2NEFRREWF33YP,40-1,40.0,1000.0,0.020833333333333332,0.041666666666666664,0.9374999999999999,False,True,0.9166666666666665,True,rec
A2P8V5SKYLL5I4,40-1,40.0,1000.0,0.0,0.10416666666666666,0.8125,False,True,0.8125,True,rec
A2PSU15S8ZI3V5,40-1,40.0,1000.0,0.9166666666666667,0.041666666666666664,0.0,True,False,-0.9166666666666667,False,rec
A2QUSCZS3RXGXE,40-1,40.0,1000.0,0.5,0.20833333333333334,0.22916666666666663,True,True,-0.27083333333333337,False,rec
A2TUYGXQ15U6GO,40-1,40.0,1000.0,0.6111111111111112,0.027777777777777776,0.05555555555555555,True,True,-0.5555555555555556,False,rec
A2UEVNT8VQD1SA,40-1,40.0,1000.0,0.25,0.25,0.41666666666666663,False,True,0.16666666666666663,True,rec
A2VR9O234UCT9T,40-1,40.0,1000.0,0.020833333333333332,0.31249999999999994,0.6666666666666666,False,True,0.6458333333333333,True,rec
A2WCPERU8X385N,40-1,40.0,1000.0,0.6875,0.0625,0.020833333333333332,True,False,-0.6666666666666666,False,rec
A33GZS6SU4O20M,40-1,40.0,1000.0,0.08333333333333333,0.20833333333333331,0.3333333333333333,False,True,0.25,True,rec
A38I0E8UK53ME5,40-1,40.0,1000.0,0.0,0.027777777777777776,0.9166666666666667,False,True,0.9166666666666667,True,rec
A3BZH91MITQA5X,40-1,40.0,1000.0,0.3333333333333333,0.3611111111111111,0.2222222222222222,False,False,-0.1111111111111111,False,rec
A3NX66U9RAY2GQ,40-1,40.0,1000.0,0.5,0.10416666666666666,0.020833333333333332,True,False,-0.4791666666666667,False,rec
A3O40YLW6MYU8C,40-1,40.0,1000.0,0.5208333333333334,0.08333333333333333,0.08333333333333333,True,False,-0.43750000000000006,False,rec
A3S2AUQWI7XWT4,40-1,40.0,1000.0,0.6193181818181819,0.020833333333333332,0.06439393939393939,True,True,-0.5549242424242424,False,rec
A3SA9LY6RXKFOI,40-1,40.0,1000.0,0.4375,0.14583333333333331,0.020833333333333332,True,False,-0.4166666666666667,False,rec
A3SLT6KVF0NXPH,40-1,40.0,1000.0,0.75,0.12499999999999999,0.0,True,False,-0.75,False,rec
A3TNSJSXI464IT,40-1,40.0,1000.0,0.10416666666666666,0.22916666666666663,0.45833333333333326,False,True,0.35416666666666663,True,rec
A3TUJBPLJGTI5,40-1,40.0,1000.0,0.0,0.3125,0.625,False,True,0.625,True,rec
A3VL1CBZ3BGQK7,40-1,40.0,1000.0,0.0,0.3333333333333333,0.625,False,True,0.625,True,rec
A47VA451RDBV3,40-1,40.0,1000.0,0.7840909090909092,0.043560606060606064,0.0,True,False,-0.7840909090909092,False,rec
A92KVBM20ZTU4,40-1,40.0,1000.0,0.0,0.027777777777777776,0.8333333333333333,False,True,0.8333333333333333,True,rec
AAF1SJ9FCBF75,40-1,40.0,1000.0,0.0,0.08333333333333333,0.8541666666666666,False,True,0.8541666666666666,True,rec
AAVFHZA708CSP,40-1,40.0,1000.0,0.35416666666666663,0.08333333333333333,0.2916666666666667,True,True,-0.062499999999999944,False,rec
ADL9KYXZGHUFO,40-1,40.0,1000.0,0.375,0.20833333333333331,0.20833333333333331,True,False,-0.16666666666666669,False,rec
AFLRBB974KS6D,40-1,40.0,1000.0,0.5208333333333334,0.08333333333333333,0.20833333333333331,True,True,-0.31250000000000006,False,rec
AGB6853RIDWJ8,40-1,40.0,1000.0,0.20833333333333334,0.2708333333333333,0.3125,False,True,0.10416666666666666,True,rec
AGLFNO1XKM8O8,40-1,40.0,1000.0,0.10416666666666666,0.041666666666666664,0.7083333333333333,True,True,0.6041666666666666,True,rec
AH2C0LKV36ATT,40-1,40.0,1000.0,0.8541666666666666,0.041666666666666664,0.0,True,False,-0.8541666666666666,False,rec
AKJN72HW14WTR,40-1,40.0,1000.0,0.0,0.041666666666666664,0.875,False,True,0.875,True,rec
AMIQGW2E3WYO4,40-1,40.0,1000.0,0.041666666666666664,0.125,0.7708333333333333,False,True,0.7291666666666666,True,rec
ANCTZADQC3D75,40-1,40.0,1000.0,0.22916666666666666,0.0,0.43749999999999994,True,True,0.2083333333333333,True,rec
AOQKJGXZ8QQD0,40-1,40.0,1000.0,0.5208333333333334,0.16666666666666666,0.0625,True,False,-0.45833333333333337,False,rec
AP3BTOBN8Y9EJ,40-1,40.0,1000.0,0.0,0.16666666666666666,0.75,False,True,0.75,True,rec
AQSYWZJVVMCGJ,40-1,40.0,1000.0,0.7708333333333333,0.08333333333333333,0.0625,True,False,-0.7083333333333333,False,rec
AR1IWBDA7MC86,40-1,40.0,1000.0,0.0,0.041666666666666664,0.9583333333333334,False,True,0.9583333333333334,True,rec
AR3MFFPQ39IXF,40-1,40.0,1000.0,0.0,0.16666666666666666,0.6944444444444444,False,True,0.6944444444444444,True,rec
ARL0T0MU9A65G,40-1,40.0,1000.0,0.6382575757575758,0.0,0.1477272727272727,True,True,-0.4905303030303031,False,rec
ASVRLMDNQBUD9,40-1,40.0,1000.0,0.0,0.22916666666666663,0.75,False,True,0.75,True,rec
ATRRW34VN38IX,40-1,40.0,1000.0,0.16666666666666666,0.041666666666666664,0.6666666666666667,True,True,0.5000000000000001,True,rec
AVSVIOR38JDM6,40-1,40.0,1000.0,0.8125000000000001,0.020833333333333332,0.0,True,False,-0.8125000000000001,False,rec
AW0MG225VXWCN,40-1,40.0,1000.0,0.0,0.08333333333333333,0.9166666666666667,False,True,0.9166666666666667,True,rec
AW4PTI9P13WUB,40-1,40.0,1000.0,0.47916666666666663,0.0625,0.020833333333333332,True,False,-0.4583333333333333,False,rec
AXFCUZW85XUK1,40-1,40.0,1000.0,0.20833333333333334,0.2121212121212121,0.34469696969696967,False,True,0.13636363636363633,True,rec
AYF9WH3AQIT86,40-1,40.0,1000.0,0.6875000000000001,0.10416666666666666,0.0,True,False,-0.6875000000000001,False,rec
