subject,condition,l_length,pres_rate,prim_pfr,rec_pfr,strat
A10HW8JXM17XLD,10-2,10.0,2000.0,0.08333333333333333,0.8958333333333334,rec
A12K1ADYMRSWMJ,10-2,10.0,2000.0,0.9500000000000001,0.05,prim
A14E4ISXVJVY6F,10-2,10.0,2000.0,1.0,0.0,prim
A169XTOCOMO1MV,10-2,10.0,2000.0,0.5513888888888889,0.36736111111111114,ns
A18NXRDHQ0ZSOY,10-2,10.0,2000.0,0.375,0.39285714285714285,ns
A1969Q0R4Y0E3J,10-2,10.0,2000.0,0.09356060606060607,0.7981060606060606,rec
A1AKL5YH9NLD2V,10-2,10.0,2000.0,0.0,0.041666666666666664,ns
A1ARWNTZHGFG8Y,10-2,10.0,2000.0,0.6994949494949495,0.22727272727272727,prim
A1F0R1MSPTXHHV,10-2,10.0,2000.0,0.6170634920634921,0.3194444444444444,ns
A1GRPIBHW72HDU,10-2,10.0,2000.0,0.0,1.0,rec
A1I9RLJQ0BYN21,10-2,10.0,2000.0,0.7765151515151516,0.17803030303030304,prim
A1NG504QI5LI62,10-2,10.0,2000.0,1.0,0.0,prim
A1NQ2A0UDW719R,10-2,10.0,2000.0,0.9642857142857143,0.0,prim
A1P00XZZG7EEEM,10-2,10.0,2000.0,0.8333333333333334,0.05555555555555555,prim
A1RFDB2WUV7QRO,10-2,10.0,2000.0,0.375,0.4166666666666667,ns
A1V2H0UF94ATWY,10-2,10.0,2000.0,0.0,0.6325757575757576,ns
A1W7T8V97ZPUH0,10-2,10.0,2000.0,0.6145833333333333,0.13541666666666666,ns
A1WJIRT360P5VB,10-2,10.0,2000.0,0.0,1.0,rec
A1WPGNK8Y65BV3,10-2,10.0,2000.0,0.32386363636363635,0.6325757575757576,ns
A1XMGLCK09Z0DW,10-2,10.0,2000.0,0.44805194805194803,0.17491883116883117,ns
A1YA2FCN3KEK36,10-2,10.0,2000.0,1.0,0.0,prim
A20GD3EBBTBYY2,10-2,10.0,2000.0,0.21944444444444447,0.7805555555555554,rec
A24BRTWG07T53Z,10-2,10.0,2000.0,0.8882575757575759,0.045454545454545456,prim
A27QXQ22F9ODSP,10-2,10.0,2000.0,0.8972222222222223,0.10277777777777777,prim
A27T2Z568L69U1,10-2,10.0,2000.0,0.9375,0.03125,prim
A282UM3NAIM0YO,10-2,10.0,2000.0,0.34305555555555556,0.6069444444444444,ns
A2BREH6STESM0G,10-2,10.0,2000.0,0.2652777777777778,0.6847222222222222,rec
A2FLBMZ38IZ2SQ,10-2,10.0,2000.0,0.9444444444444444,0.027777777777777776,prim
A2FM1N5AOMVTGL,10-2,10.0,2000.0,0.6666666666666666,0.2916666666666667,prim
A2FYFCD16Z3PCC,10-2,10.0,2000.0,0.0,0.7878787878787878,rec
A2H8PEGI28NKZD,10-2,10.0,2000.0,0.5587121212121212,0.3125,ns
A2I6ZALE49CVSC,10-2,10.0,2000.0,0.8333333333333334,0.16666666666666666,prim
A2KPEUCEE2M05G,10-2,10.0,2000.0,0.875,0.125,prim
A2LJ1FRUYGW469,10-2,10.0,2000.0,0.41818181818181815,0.5818181818181818,ns
A2M183CETUMR96,10-2,10.0,2000.0,0.020833333333333332,0.8712121212121213,rec
A2MUOD1JHWJ735,10-2,10.0,2000.0,0.020833333333333332,0.22916666666666666,ns
A2NXMRPHG86N2T,10-2,10.0,2000.0,0.22916666666666666,0.45833333333333337,ns
A2PQDK3MLDFXYM,10-2,10.0,2000.0,0.0,0.9583333333333335,rec
A2QRJKXTK4JDD8,10-2,10.0,2000.0,0.39375,0.60625,ns
A2R970Q1Q2A6DJ,10-2,10.0,2000.0,0.9285714285714286,0.03571428571428571,prim
A2VIKZ73Y5ABHM,10-2,10.0,2000.0,0.3931818181818182,0.5068181818181818,ns
A2WYZLG8J526TQ,10-2,10.0,2000.0,0.8500000000000001,0.15000000000000002,prim
A33X52IN60MSOE,10-2,10.0,2000.0,0.125,0.875,rec
A348NEQKS6VNIB,10-2,10.0,2000.0,0.10984848484848485,0.8011363636363635,rec
A349BBTU7L597J,10-2,10.0,2000.0,0.625,0.28125,ns
A3C8JI69WPTKWH,10-2,10.0,2000.0,0.0,0.9375,rec
A3CE7DTHIB76UK,10-2,10.0,2000.0,0.569047619047619,0.26607142857142857,ns
A3G55RJTW3BSGM,10-2,10.0,2000.0,0.1477272727272727,0.509469696969697,ns
A3GC5Q5CLI4NWZ,10-2,10.0,2000.0,1.0,0.0,prim
A3J55BJGV95JKH,10-2,10.0,2000.0,0.0625,0.32272727272727275,ns
A3MJQ51KN9CMQ4,10-2,10.0,2000.0,0.7840909090909092,0.16193181818181818,prim
A3MOL1L9V4BUGH,10-2,10.0,2000.0,0.38125,0.5208333333333334,ns
A3NAONPCTVT6P1,10-2,10.0,2000.0,0.275,0.6472222222222221,ns
A3PJY7THMUIR4M,10-2,10.0,2000.0,0.3434343434343434,0.5589225589225588,ns
A3VV3MW68CALXS,10-2,10.0,2000.0,1.0,0.0,prim
A489K1IFOM4JW,10-2,10.0,2000.0,1.0,0.0,prim
A49HPQ9P5AHU4,10-2,10.0,2000.0,0.0,0.5833333333333334,ns
A55MEA9LQASZH,10-2,10.0,2000.0,0.12916666666666665,0.8395833333333333,rec
A5P12YJP805RG,10-2,10.0,2000.0,0.10795454545454546,0.5037878787878788,ns
A5TWD5QD99GZY,10-2,10.0,2000.0,0.10416666666666666,0.7708333333333334,rec
A63UHNWYOV5LE,10-2,10.0,2000.0,0.5541125541125541,0.21645021645021645,ns
AEP8U373W5Q54,10-2,10.0,2000.0,1.0,0.0,prim
AK2PMO5I7OCEK,10-2,10.0,2000.0,1.0,0.0,prim
AKNU5D6QK7M72,10-2,10.0,2000.0,1.0,0.0,prim
AO5FQ7GY8DTR8,10-2,10.0,2000.0,1.0,0.0,prim
ARIWYNIH12MLF,10-2,10.0,2000.0,0.13333333333333333,0.8111111111111111,rec
AS4FVWL91C6HR,10-2,10.0,2000.0,0.7545454545454545,0.24545454545454548,prim
AWJKR5GA7BS7V,10-2,10.0,2000.0,0.53125,0.46875,ns
AZ69TBTDH7AZS,10-2,10.0,2000.0,0.0,0.8939393939393939,rec
AZ8NNCT4AODDN,10-2,10.0,2000.0,0.8125,0.1875,prim
A10JXOU89D5RXR,20-1,20.0,1000.0,0.13068181818181818,0.6534090909090909,ns
A111FTKAAJ5UMC,20-1,20.0,1000.0,1.0,0.0,prim
A11EZAV2HRYKD5,20-1,20.0,1000.0,1.0,0.0,prim
A157L6Z8QU3SDE,20-1,20.0,1000.0,0.020833333333333332,0.8958333333333333,rec
A16GIPTDMJAFTK,20-1,20.0,1000.0,0.4484848484848485,0.5515151515151515,ns
A17R7WX5B0CKK6,20-1,20.0,1000.0,0.025,0.9194444444444445,rec
A17WB66BXX4R0J,20-1,20.0,1000.0,1.0,0.0,prim
A19QRXLWV5GKXN,20-1,20.0,1000.0,0.11458333333333333,0.7566287878787878,rec
A1CKIYN01NV9GJ,20-1,20.0,1000.0,0.125,0.375,ns
A1HLDOM6JTYYI2,20-1,20.0,1000.0,0.8446969696969696,0.10984848484848486,prim
A1HR8IRDC07FO9,20-1,20.0,1000.0,0.75,0.25000000000000006,prim
A1J6CZ176U6GDT,20-1,20.0,1000.0,0.025,0.9750000000000001,rec
A1J9VZ372FV2QZ,20-1,20.0,1000.0,0.10833333333333334,0.7388888888888888,rec
A1JI19KPIVNL3Y,20-1,20.0,1000.0,0.4791666666666666,0.4791666666666667,ns
A1KH9VI2D0V43B,20-1,20.0,1000.0,1.0,0.0,prim
A1LJ4WAEDGELVL,20-1,20.0,1000.0,0.0,1.0,rec
A1OOCYEFLAJD98,20-1,20.0,1000.0,0.0,0.21590909090909088,ns
A1OW27AZS122X2,20-1,20.0,1000.0,0.19545454545454546,0.6503787878787879,ns
A1R5JNC2LO6X1S,20-1,20.0,1000.0,0.9583333333333334,0.041666666666666664,prim
A1SUTNVLSFPXFK,20-1,20.0,1000.0,0.47500000000000003,0.5,ns
A1V91Z2CQKMR55,20-1,20.0,1000.0,0.0,0.8257575757575758,rec
A1YFL5HXPZ7MVV,20-1,20.0,1000.0,0.17500000000000002,0.5944444444444444,ns
A22UMPYYQBXT0F,20-1,20.0,1000.0,0.1268939393939394,0.8314393939393939,rec
A26M997VYVK0E6,20-1,20.0,1000.0,0.9791666666666666,0.0,prim
A277V4SHQB8JRS,20-1,20.0,1000.0,0.0,0.8314393939393939,rec
A2E5PV1BHNG67N,20-1,20.0,1000.0,0.5071428571428571,0.49285714285714277,ns
A2FQVRBXJZQAWT,20-1,20.0,1000.0,1.0,0.0,prim
A2GM1ZIBRBHBK7,20-1,20.0,1000.0,0.6275252525252524,0.12095959595959596,ns
A2ONILC0LZKG6Y,20-1,20.0,1000.0,0.020833333333333332,0.9791666666666666,rec
A2QX1SJXQN1NV1,20-1,20.0,1000.0,0.6875,0.1875,prim
A2QY653X9531JP,20-1,20.0,1000.0,0.16458333333333333,0.5951388888888889,ns
A2RBF3IIJP15IH,20-1,20.0,1000.0,0.025,0.6992424242424242,rec
A2RWLFIP23FZA7,20-1,20.0,1000.0,0.7545454545454546,0.19545454545454546,prim
A2SBZCFAVT83GN,20-1,20.0,1000.0,0.0,0.9722222222222222,rec
A2SQGKP2REXOTN,20-1,20.0,1000.0,0.9696969696969697,0.030303030303030304,prim
A2SQTRNQWDLU4F,20-1,20.0,1000.0,0.6000000000000001,0.1,ns
A2SWQM5X54P1O5,20-1,20.0,1000.0,0.0,0.6193181818181818,ns
A2TG5ESEOPXAHI,20-1,20.0,1000.0,0.9642857142857142,0.0,prim
A2V6E7SGEU0EFD,20-1,20.0,1000.0,0.0,0.625,ns
A2VXT33Y2TQPOQ,20-1,20.0,1000.0,0.9460227272727273,0.022727272727272728,prim
A2XDWB9NVYI3LQ,20-1,20.0,1000.0,0.06439393939393939,0.8295454545454546,rec
A3026HLELYNW7U,20-1,20.0,1000.0,0.050505050505050504,0.8682449494949496,rec
A351P2O6QGTCS,20-1,20.0,1000.0,0.0,1.0,rec
A39R5EBK7W916X,20-1,20.0,1000.0,0.6458333333333333,0.14583333333333331,ns
A3D9PJ37U7LCHE,20-1,20.0,1000.0,0.5650252525252525,0.2032828282828283,ns
A3EVXSWHYA1PTT,20-1,20.0,1000.0,0.08712121212121213,0.9128787878787878,rec
A3GIUDSA1IGTFV,20-1,20.0,1000.0,0.5,0.4296296296296296,ns
A3HXK0UGS1YDMC,20-1,20.0,1000.0,0.8590909090909091,0.09318181818181819,prim
A3ITZNJQUTIZ4C,20-1,20.0,1000.0,0.0,0.9166666666666667,rec
A3MHP4LZ3V88NF,20-1,20.0,1000.0,0.904040404040404,0.045454545454545456,prim
A3NRIEMOJVVX4A,20-1,20.0,1000.0,0.06818181818181818,0.8674242424242423,rec
A3PEV3KN6F7JRG,20-1,20.0,1000.0,0.4292929292929293,0.2676767676767677,ns
A3QKOYP52HYRH2,20-1,20.0,1000.0,0.17351190476190476,0.7300595238095238,rec
A3RFOODI4G4P4K,20-1,20.0,1000.0,0.020833333333333332,0.9791666666666666,rec
A3RHJEMZ4EGY2U,20-1,20.0,1000.0,0.020833333333333332,0.8333333333333333,rec
A3S76P3L3USWI1,20-1,20.0,1000.0,0.8774801587301587,0.06349206349206349,prim
A3USPFFWN1G5PF,20-1,20.0,1000.0,0.05,0.8351010101010101,rec
A50UY1556VDIA,20-1,20.0,1000.0,0.4908459595959596,0.30902777777777773,ns
A7R1OLLU1Z6RA,20-1,20.0,1000.0,0.0,0.8920454545454546,rec
AEJU0MCYOQC77,20-1,20.0,1000.0,0.7592592592592592,0.10185185185185185,prim
AHU3EE2Q05E18,20-1,20.0,1000.0,0.9772727272727272,0.0,prim
AJD90361AJO80,20-1,20.0,1000.0,0.26161616161616164,0.5901515151515151,ns
AK52RXEJKR81A,20-1,20.0,1000.0,0.48484848484848486,0.45959595959595956,ns
AMJAZPJBO936R,20-1,20.0,1000.0,0.7837121212121213,0.12878787878787878,prim
AOQZVAH5FSKGE,20-1,20.0,1000.0,0.9409722222222223,0.0,prim
AQCJI23U1VBYD,20-1,20.0,1000.0,0.90625,0.0,prim
AQPFTUIJ0PW2N,20-1,20.0,1000.0,0.7916666666666666,0.0,prim
AXFCUZ1WQC2WY,20-1,20.0,1000.0,0.6186868686868687,0.2954545454545454,ns
AY7M9MOLNXIIK,20-1,20.0,1000.0,0.6287878787878788,0.32575757575757575,ns
AZZA3J049G7R5,20-1,20.0,1000.0,0.19444444444444442,0.7222222222222222,rec
A102RSV009OCUW,15-2,15.0,2000.0,0.9545454545454546,0.045454545454545456,prim
A11BHGAKU0RIH8,15-2,15.0,2000.0,0.23333333333333334,0.6666666666666667,rec
A13GBA16BNTN1A,15-2,15.0,2000.0,0.0,0.9750000000000001,rec
A13THDIE8LTQ11,15-2,15.0,2000.0,0.26085858585858585,0.6446969696969698,ns
A150QX2OXHGK8P,15-2,15.0,2000.0,0.24059343434343436,0.7344065656565656,rec
A151XA53WYXVD7,15-2,15.0,2000.0,0.8854166666666666,0.11458333333333333,prim
A1618RA11ZOD8Y,15-2,15.0,2000.0,0.16666666666666666,0.6666666666666666,rec
A19X8IA9EKC3XH,15-2,15.0,2000.0,0.041666666666666664,0.15568181818181817,ns
A1CFMY4CEYOM8Y,15-2,15.0,2000.0,0.06628787878787878,0.8011363636363636,rec
A1E0K2VGY2684V,15-2,15.0,2000.0,0.5873376623376623,0.3314935064935065,ns
A1NQOR4RQJJDMW,15-2,15.0,2000.0,0.4791666666666667,0.4583333333333333,ns
A1PZIN8H1VI6SY,15-2,15.0,2000.0,0.9583333333333333,0.0,prim
A1QRIZY9WJW3R1,15-2,15.0,2000.0,0.96875,0.0,prim
A1QXJZFA5NVGM3,15-2,15.0,2000.0,1.0,0.0,prim
A1ROEDVMTO9Y3X,15-2,15.0,2000.0,0.46628787878787886,0.5337121212121212,ns
A1SCF3L6LTFQHF,15-2,15.0,2000.0,1.0,0.0,prim
A1T7EB1WEDCMXV,15-2,15.0,2000.0,0.14583333333333334,0.6458333333333333,ns
A1TR2AOKWGQ78A,15-2,15.0,2000.0,0.6424242424242425,0.23333333333333334,ns
A1UOP419O6P55R,15-2,15.0,2000.0,0.9333333333333332,0.06666666666666667,prim
A1WM3INNDW2776,15-2,15.0,2000.0,0.4337121212121212,0.538510101010101,ns
A1Z82Y9E6YWY80,15-2,15.0,2000.0,0.3055555555555556,0.5694444444444444,ns
A2113B699TVADG,15-2,15.0,2000.0,1.0,0.0,prim
A219SZBLCCCXN9,15-2,15.0,2000.0,0.8361742424242424,0.09090909090909091,prim
A22GYYJXTS5KBH,15-2,15.0,2000.0,0.6407407407407408,0.2851851851851852,ns
A22Y78RVB8UFTD,15-2,15.0,2000.0,0.5454545454545454,0.40909090909090906,ns
A233LLG8YAXWF,15-2,15.0,2000.0,0.0625,0.8541666666666666,rec
A24GX1OZE6AY04,15-2,15.0,2000.0,0.0,0.6534090909090909,ns
A26MT7KJ7NJLRN,15-2,15.0,2000.0,0.2875,0.4625,ns
A26T0U2Y6LZOF3,15-2,15.0,2000.0,0.0,0.8166666666666667,rec
A29J4LL0MQL3AC,15-2,15.0,2000.0,0.9722222222222222,0.0,prim
A2G4R0GS677RC2,15-2,15.0,2000.0,0.08333333333333333,0.9166666666666666,rec
A2IV3SSVTU90BN,15-2,15.0,2000.0,0.425,0.41666666666666663,ns
A2KZN3UH5NGC9,15-2,15.0,2000.0,0.14090909090909093,0.6681818181818182,rec
A2MBFIAGBPU5NG,15-2,15.0,2000.0,0.7399350649350649,0.21233766233766233,prim
A2O86E23R5T4YO,15-2,15.0,2000.0,0.9750000000000001,0.025,prim
A2PTABUVOUYAH5,15-2,15.0,2000.0,0.14772727272727273,0.6571969696969697,ns
A2R75YFKVALBXE,15-2,15.0,2000.0,0.0,0.9166666666666666,rec
A2RU1Q3C9VHBAO,15-2,15.0,2000.0,0.8200757575757575,0.1571969696969697,prim
A2RVG8Y97DE0GM,15-2,15.0,2000.0,1.0,0.0,prim
A2UJ9GDNVPX99C,15-2,15.0,2000.0,0.96875,0.0,prim
A2UYZFH5VT5R3H,15-2,15.0,2000.0,0.020833333333333332,0.9583333333333333,rec
A2Y8LZS5C81O25,15-2,15.0,2000.0,0.9083333333333334,0.025,prim
A30NL5N71G2YAU,15-2,15.0,2000.0,0.3229166666666667,0.6493055555555556,ns
A310Y949ILSN3P,15-2,15.0,2000.0,0.9722222222222222,0.027777777777777776,prim
A31P78W9ZCQXCS,15-2,15.0,2000.0,0.6388888888888888,0.25833333333333336,ns
A347RDI3HZOUCY,15-2,15.0,2000.0,1.0,0.0,prim
A34HQHGLIW1FYS,15-2,15.0,2000.0,0.38611111111111107,0.5305555555555556,ns
A34IPEKX5WXJIN,15-2,15.0,2000.0,0.9035714285714285,0.07142857142857142,prim
A34YNEN8UUI3CD,15-2,15.0,2000.0,0.25757575757575757,0.4034090909090909,ns
A35VI4SE31HD17,15-2,15.0,2000.0,0.857638888888889,0.059027777777777776,prim
A36S0DI86PL4J6,15-2,15.0,2000.0,0.7981150793650793,0.20188492063492064,prim
A384KX8MUIJSTJ,15-2,15.0,2000.0,0.5753968253968254,0.2579365079365079,ns
A38DHLB88V8DL8,15-2,15.0,2000.0,0.022727272727272728,0.9545454545454546,rec
A3AWQ3AACIPXM2,15-2,15.0,2000.0,0.25,0.5833333333333333,ns
A3BA2WMGN6KHUU,15-2,15.0,2000.0,0.6147727272727272,0.23522727272727273,ns
A3BN69Q9D7RQGR,15-2,15.0,2000.0,0.25,0.625,ns
A3C25IBTLB60RQ,15-2,15.0,2000.0,0.6874999999999999,0.25,prim
A3FOKP72T5I4FR,15-2,15.0,2000.0,0.30681818181818177,0.4356060606060606,ns
A3HBB9JT9WVZS4,15-2,15.0,2000.0,0.38402777777777775,0.41736111111111107,ns
A3HOPYBWSR1TWR,15-2,15.0,2000.0,1.0,0.0,prim
A3IBDJ12CRTQQN,15-2,15.0,2000.0,0.9522727272727274,0.022727272727272728,prim
A3IHTJXHWPQ2JR,15-2,15.0,2000.0,0.11628787878787879,0.8837121212121212,rec
A3MWLHSW9B9RHU,15-2,15.0,2000.0,1.0,0.0,prim
A3ORKXM3WG8QJ9,15-2,15.0,2000.0,1.0,0.0,prim
A3P52W1SBJUT5N,15-2,15.0,2000.0,0.4270833333333333,0.46527777777777773,ns
A3U27ZHUGOPIAN,15-2,15.0,2000.0,0.7124999999999999,0.2625,prim
A3UA50A6GKNAMR,15-2,15.0,2000.0,0.7386363636363636,0.23863636363636365,prim
A3UE8ANAIM7F15,15-2,15.0,2000.0,0.6284722222222223,0.2326388888888889,ns
A3UGB3B1S74HR9,15-2,15.0,2000.0,1.0,0.0,prim
A3UUW04QL49RSC,15-2,15.0,2000.0,1.0,0.0,prim
A6HDSE80LQPR8,15-2,15.0,2000.0,0.18333333333333335,0.7749999999999999,rec
AAOOH6P4HHSCS,15-2,15.0,2000.0,0.9479166666666666,0.0,prim
ADGJXUEMPLTMS,15-2,15.0,2000.0,0.8863636363636365,0.0,prim
AEF1G6YE8RIB8,15-2,15.0,2000.0,0.75,0.25,prim
AERGHZBQFT309,15-2,15.0,2000.0,0.0,0.5511363636363636,ns
AESZJEZTZEW01,15-2,15.0,2000.0,0.5125,0.4875,ns
AEX1I7K7OVHHC,15-2,15.0,2000.0,0.25925925925925924,0.6666666666666666,rec
AEXRVIK8SKB4V,15-2,15.0,2000.0,0.9444444444444444,0.05555555555555555,prim
AF0W4ZBY7VXOU,15-2,15.0,2000.0,0.08333333333333333,0.875,rec
AFZGUWYLC0NG0,15-2,15.0,2000.0,0.5721500721500722,0.20995670995670995,ns
AGANKP4PUZ4NC,15-2,15.0,2000.0,0.7208333333333334,0.15,prim
AHY3YAYJLTW32,15-2,15.0,2000.0,0.020833333333333332,0.9583333333333333,rec
AL9SYQEUTNJXT,15-2,15.0,2000.0,0.8125,0.15625,prim
ALDQRWYZ8KQ9A,15-2,15.0,2000.0,0.0,0.8958333333333333,rec
AM65LGXJBTJ0I,15-2,15.0,2000.0,0.6003787878787878,0.3162878787878788,ns
AOIR8V07FYMH5,15-2,15.0,2000.0,0.025,0.975,rec
AR0VJ5XRG16UJ,15-2,15.0,2000.0,0.05,0.85,rec
AU5UJIZ3TLI5M,15-2,15.0,2000.0,0.0,0.9166666666666666,rec
AW2UVK63OLFW,15-2,15.0,2000.0,0.33434343434343433,0.5151515151515151,ns
AW5O1RK3W60FC,15-2,15.0,2000.0,0.08712121212121213,0.7859848484848485,rec
AWRY5SC68T0DC,15-2,15.0,2000.0,0.9772727272727273,0.022727272727272728,prim
AWTCGY2CL1T68,15-2,15.0,2000.0,1.0,0.0,prim
AXSBX0MCQNG3A,15-2,15.0,2000.0,1.0,0.0,prim
A14WLAP6TCEKO0,30-1,30.0,1000.0,0.12878787878787878,0.7670454545454546,rec
A15V9BXNJXZXZX,30-1,30.0,1000.0,0.27146464646464646,0.4154040404040404,ns
A16335MOISDG1F,30-1,30.0,1000.0,0.041666666666666664,0.6666666666666666,rec
A17FJLW818UEQU,30-1,30.0,1000.0,0.0,0.856060606060606,rec
A186PT9ZLO5EJD,30-1,30.0,1000.0,1.0,0.0,prim
A1AS1H21O9896X,30-1,30.0,1000.0,0.5505952380952381,0.28273809523809523,ns
A1AYTKAQT201ZV,30-1,30.0,1000.0,0.7999999999999999,0.15000000000000002,prim
A1EII5EWOTBDK9,30-1,30.0,1000.0,0.05555555555555555,0.8462121212121213,rec
A1F9KLZGHE9DTA,30-1,30.0,1000.0,0.0,0.9147727272727273,rec
A1IGKJ200N82S9,30-1,30.0,1000.0,0.0875,0.668939393939394,rec
A1KGUJMWDCPSYG,30-1,30.0,1000.0,0.025,0.9750000000000001,rec
A1M1E62KXCDNL0,30-1,30.0,1000.0,0.13194444444444442,0.6041666666666666,ns
A1MG8KNVSVZ365,30-1,30.0,1000.0,0.7666666666666666,0.125,prim
A1MKEILXWWLBW2,30-1,30.0,1000.0,0.2518939393939394,0.7253787878787878,rec
A1O67YS3DU0ZHX,30-1,30.0,1000.0,0.0,0.9166666666666666,rec
A1Q0G8JA5EZ8EI,30-1,30.0,1000.0,0.045454545454545456,0.7424242424242424,rec
A1SLJKNSNHOJRN,30-1,30.0,1000.0,0.020833333333333332,0.8958333333333335,rec
A1T2P6E67251U5,30-1,30.0,1000.0,0.9791666666666666,0.0,prim
A1U4WS9KJMADV,30-1,30.0,1000.0,0.11363636363636365,0.7746212121212122,rec
A1X4T3QSIE8YYX,30-1,30.0,1000.0,0.9583333333333333,0.0,prim
A225J5T6WHO2MG,30-1,30.0,1000.0,0.9337121212121212,0.022727272727272728,prim
A23KDD6OPM4NJ0,30-1,30.0,1000.0,0.8080357142857142,0.0,prim
A25Y3D2Y2DR8WM,30-1,30.0,1000.0,0.6795454545454545,0.2954545454545454,prim
A26XKTGGGYBI4J,30-1,30.0,1000.0,0.9365079365079365,0.0,prim
A28OD52SMLYQ16,30-1,30.0,1000.0,0.05,0.740151515151515,rec
A28TA25NJGLL3Y,30-1,30.0,1000.0,0.8749999999999999,0.027777777777777776,prim
A28ZPY6D5AS7GZ,30-1,30.0,1000.0,0.35858585858585856,0.4671717171717172,ns
A2ASRB2MTHDHPD,30-1,30.0,1000.0,0.9772727272727273,0.0,prim
A2BUHMLNE3LUU0,30-1,30.0,1000.0,0.03125,0.38920454545454547,ns
A2E2SLXF4KQ3S1,30-1,30.0,1000.0,0.9772727272727272,0.0,prim
A2FJIZUHR6E4EZ,30-1,30.0,1000.0,0.7324675324675324,0.18181818181818182,prim
A2G2T6EMXAOKMS,30-1,30.0,1000.0,0.0,0.6944444444444443,rec
A2GRA6N98ZPIQ1,30-1,30.0,1000.0,1.0,0.0,prim
A2IKLJWU2OJ1YX,30-1,30.0,1000.0,0.7152777777777778,0.0,prim
A2K5AXCSY703CU,30-1,30.0,1000.0,0.46296296296296297,0.3981481481481481,ns
A2MV1R6YYOIO30,30-1,30.0,1000.0,0.7070707070707072,0.06060606060606061,prim
A2NU82V08QSPCC,30-1,30.0,1000.0,0.6666666666666666,0.2777777777777778,prim
A2NY0VWEWDULC6,30-1,30.0,1000.0,0.045454545454545456,0.740530303030303,rec
A2OFVEA8BEJDZN,30-1,30.0,1000.0,0.5625,0.10416666666666666,ns
A2P83PY6P7ECM5,30-1,30.0,1000.0,0.5476190476190477,0.2738095238095238,ns
A2PUL3ZDXOW0VZ,30-1,30.0,1000.0,0.020833333333333332,0.956439393939394,rec
A2ROI30AQITC3V,30-1,30.0,1000.0,0.19444444444444445,0.35101010101010094,ns
A2VZN8J53Y5WYR,30-1,30.0,1000.0,0.975,0.0,prim
A2XMRJKCNKLL4E,30-1,30.0,1000.0,0.3472222222222222,0.20555555555555555,ns
A2Y0VM8BAF0RMT,30-1,30.0,1000.0,0.4734848484848485,0.4393939393939394,ns
A2ZGAH6NOSU2PO,30-1,30.0,1000.0,0.0,0.9999999999999999,rec
A30DHHAL100LZR,30-1,30.0,1000.0,0.0,0.55,ns
A31SZFE8M7YK0S,30-1,30.0,1000.0,0.3037037037037037,0.4888888888888889,ns
A34DYM8J0X5VK,30-1,30.0,1000.0,0.0,0.9772727272727273,rec
A36IB78C6MVA3,30-1,30.0,1000.0,0.9375,0.0625,prim
A389Y151TAJ4XG,30-1,30.0,1000.0,0.09375,0.11805555555555555,ns
A3AY0315YWWNXY,30-1,30.0,1000.0,0.14583333333333334,0.7083333333333333,rec
A3EUH97BRHRSI6,30-1,30.0,1000.0,0.05,0.8222222222222222,rec
A3I97794CB5SUO,30-1,30.0,1000.0,0.022727272727272728,0.8814393939393939,rec
A3RVHUY67SVXQV,30-1,30.0,1000.0,0.6458333333333334,0.3125,ns
A3TX84QHD321M7,30-1,30.0,1000.0,0.9642857142857142,0.0,prim
A3UCN8EJI08X2P,30-1,30.0,1000.0,0.2805555555555556,0.24305555555555552,ns
A3UQ5DF8VVD975,30-1,30.0,1000.0,0.0,0.6969696969696971,rec
A3V71NT2X4HD1I,30-1,30.0,1000.0,0.9541666666666666,0.020833333333333332,prim
A51TGVVYJF7T0,30-1,30.0,1000.0,0.9444444444444444,0.05555555555555555,prim
A7USTT4KU1ZBO,30-1,30.0,1000.0,0.4650252525252525,0.2409090909090909,ns
AB5WBMZGLX57B,30-1,30.0,1000.0,0.2125,0.6513888888888888,ns
ACBROX4H8BSW3,30-1,30.0,1000.0,0.0,1.0,rec
ADJ9I7ZBFYFH7,30-1,30.0,1000.0,0.041666666666666664,0.9166666666666667,rec
AGILQEFEPEK7N,30-1,30.0,1000.0,0.26136363636363635,0.6477272727272727,ns
AH7HACNNRSIPO,30-1,30.0,1000.0,0.5208333333333334,0.14962121212121213,ns
AIDU49N2KO05N,30-1,30.0,1000.0,0.23674242424242425,0.14583333333333331,ns
AJUVX0E4OPTAO,30-1,30.0,1000.0,1.0,0.0,prim
AK3GAHRZ6M6WM,30-1,30.0,1000.0,0.1111111111111111,0.8888888888888888,rec
AKE4AYF86KJVU,30-1,30.0,1000.0,0.17803030303030304,0.7534090909090909,rec
AKNBC1TE88NDO,30-1,30.0,1000.0,0.020833333333333332,0.8484848484848484,rec
AKX4H8RT7BL7H,30-1,30.0,1000.0,0.0,1.0,rec
AOYDGVOZUIHII,30-1,30.0,1000.0,0.9437500000000001,0.0,prim
AP4B1GJIT3HYF,30-1,30.0,1000.0,0.3641414141414141,0.4025252525252525,ns
AXFH1DT8PR0K2,30-1,30.0,1000.0,0.8444444444444444,0.0,prim
AXFP50XOZD2NI,30-1,30.0,1000.0,0.2152777777777778,0.7203282828282829,rec
A12LX24NC3FP2U,20-2,20.0,2000.0,0.3277777777777778,0.4666666666666667,ns
A161VPQSXLLV8U,20-2,20.0,2000.0,0.5940656565656566,0.38320707070707066,ns
A166P9BSWIFF32,20-2,20.0,2000.0,0.9444444444444444,0.0,prim
A17IPELR5NC2LZ,20-2,20.0,2000.0,0.6984126984126984,0.26455026455026454,prim
A17TMQWTCJVOV5,20-2,20.0,2000.0,0.09027777777777778,0.7291666666666667,rec
A1CB9NR3SN4VMY,20-2,20.0,2000.0,0.7250000000000001,0.25,prim
A1FM638CHGPC1M,20-2,20.0,2000.0,0.6158008658008657,0.3841991341991342,ns
A1HENLDLQEO5BZ,20-2,20.0,2000.0,1.0,0.0,prim
A1J39RAV7TKEMF,20-2,20.0,2000.0,0.30782828282828284,0.35,ns
A1JL3HCA0MK9UI,20-2,20.0,2000.0,0.8160714285714286,0.03125,prim
A1L5A88C9PPK5L,20-2,20.0,2000.0,1.0,0.0,prim
A1LA6CIGBNDOH9,20-2,20.0,2000.0,0.020833333333333332,0.9166666666666667,rec
A1MD74JPL7E9PK,20-2,20.0,2000.0,0.9722222222222222,0.0,prim
A1O0K8V58YRL4A,20-2,20.0,2000.0,0.2698412698412698,0.44047619047619047,ns
A1PTX4IB9R34LI,20-2,20.0,2000.0,0.1143939393939394,0.6901515151515152,rec
A1S2EXYEG5I8HW,20-2,20.0,2000.0,0.027777777777777776,0.8333333333333333,rec
A1SJLXB0XFCJ97,20-2,20.0,2000.0,0.7090909090909091,0.19545454545454544,prim
A1TPGXT718D68E,20-2,20.0,2000.0,0.0,0.9583333333333334,rec
A1TVWMWE03AWAW,20-2,20.0,2000.0,0.25,0.6909722222222222,rec
A1VEOI1H4AE1T3,20-2,20.0,2000.0,0.6722222222222222,0.3277777777777778,prim
A1WT2CM71Z9MP3,20-2,20.0,2000.0,0.702020202020202,0.202020202020202,prim
A20YXCVKHSTSPC,20-2,20.0,2000.0,0.9166666666666666,0.0,prim
A2147HO7VBGJCU,20-2,20.0,2000.0,0.8785714285714286,0.07142857142857142,prim
A248QG4DPULP46,20-2,20.0,2000.0,0.15416666666666665,0.4083333333333333,ns
A25S9Y5DZ9OR16,20-2,20.0,2000.0,0.736111111111111,0.18055555555555552,prim
A25VK411P03A5T,20-2,20.0,2000.0,0.12095959595959596,0.8063131313131312,rec
A289D98Z4GAZ28,20-2,20.0,2000.0,0.9772727272727273,0.022727272727272728,prim
A2BTEQA95MCIHU,20-2,20.0,2000.0,0.8645833333333334,0.10416666666666666,prim
A2E8PL8ZWIZVJ0,20-2,20.0,2000.0,0.9583333333333334,0.0,prim
A2I6HVUDBTGD1,20-2,20.0,2000.0,0.90625,0.020833333333333332,prim
A2KHR0GTA0DBWI,20-2,20.0,2000.0,0.18181818181818182,0.7954545454545454,rec
A2KT30RCVX67ZS,20-2,20.0,2000.0,0.95,0.0,prim
A2MMGDAA7JJKIE,20-2,20.0,2000.0,0.9642857142857143,0.0,prim
A2MOKIEQZ0OF2M,20-2,20.0,2000.0,0.9,0.1,prim
A2NZ783AY1LBPW,20-2,20.0,2000.0,0.7003787878787879,0.29962121212121207,prim
A2NZAL7KHOR6VF,20-2,20.0,2000.0,0.0,1.0,rec
A2OOS7IXSKJFFI,20-2,20.0,2000.0,0.6388888888888888,0.16666666666666666,ns
A2P2YEHX1FXD20,20-2,20.0,2000.0,0.30476190476190473,0.6952380952380953,rec
A2QHI85LQPJZYP,20-2,20.0,2000.0,0.875,0.041666666666666664,prim
A2SSY7MHPDQVUS,20-2,20.0,2000.0,0.95,0.0,prim
A2UX2W49R55PH4,20-2,20.0,2000.0,0.773015873015873,0.1634920634920635,prim
A2VIKCIM9TZL22,20-2,20.0,2000.0,0.0,0.8888888888888888,rec
A2XGHLVP2C1FVA,20-2,20.0,2000.0,0.4753787878787879,0.3446969696969697,ns
A2XVLOZY7FJCC2,20-2,20.0,2000.0,0.0798611111111111,0.8229166666666665,rec
A2ZVBFH732LYXQ,20-2,20.0,2000.0,1.0,0.0,prim
A304UJAE051J89,20-2,20.0,2000.0,0.08712121212121213,0.8920454545454546,rec
A312HQ3OU0EYTB,20-2,20.0,2000.0,0.05555555555555555,0.9444444444444444,rec
A35S8HPY0V445,20-2,20.0,2000.0,0.48863636363636365,0.3522727272727273,ns
A37GOI3N77WX21,20-2,20.0,2000.0,0.10416666666666666,0.6666666666666665,ns
A389UA2GRCJ6,20-2,20.0,2000.0,0.8541666666666666,0.03125,prim
A3A7XOKH39SYOI,20-2,20.0,2000.0,0.9007936507936508,0.07142857142857142,prim
A3B0CMCBWAND7,20-2,20.0,2000.0,0.0,0.8670454545454545,rec
A3C4WGE4SOGM1,20-2,20.0,2000.0,0.4963924963924964,0.14466089466089466,ns
A3CKVVGWBS4NGU,20-2,20.0,2000.0,1.0,0.0,prim
A3GDVKIN7ZGUG9,20-2,20.0,2000.0,0.0,0.9285714285714286,rec
A3HE29W5IDR394,20-2,20.0,2000.0,0.0931818181818182,0.8178030303030303,rec
A3I1SGVY37KR4A,20-2,20.0,2000.0,0.622895622895623,0.22558922558922556,ns
A3J5HRXH4F64SP,20-2,20.0,2000.0,0.178030303030303,0.3977272727272727,ns
A3LVLZS8S41ZD7,20-2,20.0,2000.0,0.0,0.875,rec
A3LXARU55PR281,20-2,20.0,2000.0,0.55,0.30714285714285716,ns
A3TR3KIRG5PCZ8,20-2,20.0,2000.0,1.0,0.0,prim
A3U2A632YWEX7B,20-2,20.0,2000.0,1.0,0.0,prim
A3U69MNO1JC7V4,20-2,20.0,2000.0,0.0,1.0,rec
A3UMHUWJKRGKNR,20-2,20.0,2000.0,0.025,0.8979166666666666,rec
A3VW5PI9ZX9DOD,20-2,20.0,2000.0,0.36666666666666664,0.5666666666666667,ns
A4HWADFPGP45G,20-2,20.0,2000.0,0.55,0.45000000000000007,ns
AFRKVRPZ2RHY8,20-2,20.0,2000.0,0.0,0.9583333333333334,rec
AHZCC2V399WUN,20-2,20.0,2000.0,0.543939393939394,0.07083333333333333,ns
AJABAPM32ETMN,20-2,20.0,2000.0,0.08333333333333333,0.7722222222222221,rec
AK1EF4NACR1UJ,20-2,20.0,2000.0,0.8214285714285714,0.10714285714285714,prim
AKIT35WR8HEQ3,20-2,20.0,2000.0,0.7097222222222223,0.11944444444444444,prim
AP9WIQ4P78XLH,20-2,20.0,2000.0,0.14583333333333331,0.7291666666666665,rec
AR9AU5FY1S3RO,20-2,20.0,2000.0,0.0,1.0,rec
AXCDKBG1R43GE,20-2,20.0,2000.0,0.26590909090909093,0.45454545454545453,ns
A102WSFN62OS6I,40-1,40.0,1000.0,0.4393939393939394,0.43333333333333335,ns
A13WTEQ06V3B6D,40-1,40.0,1000.0,0.0,1.0,rec
A178HXQENEAI65,40-1,40.0,1000.0,0.25416666666666665,0.7180555555555556,rec
A1BLHM2IDH7DH4,40-1,40.0,1000.0,0.9750000000000001,0.0,prim
A1DJB12ZI46GPX,40-1,40.0,1000.0,0.9365079365079365,0.03571428571428571,prim
A1DZMZTXWOM9MR,40-1,40.0,1000.0,0.0,0.9772727272727273,rec
A1EU59VMI8GL4K,40-1,40.0,1000.0,0.041666666666666664,0.7462121212121211,rec
A1F0VEHWK3IAF4,40-1,40.0,1000.0,0.449404761904762,0.14751984126984127,ns
A1HGWCCIWP7AO0,40-1,40.0,1000.0,0.40909090909090906,0.428030303030303,ns
A1IL5P5H5VRW0D,40-1,40.0,1000.0,0.8137626262626263,0.022727272727272728,prim
A1J5OW12TRQSOW,40-1,40.0,1000.0,0.24999999999999997,0.41666666666666663,ns
A1KCSGTT6Y26LH,40-1,40.0,1000.0,0.9545454545454546,0.0,prim
A1RQ8PX7A0CH3C,40-1,40.0,1000.0,0.1388888888888889,0.7152777777777777,rec
A1RY1N37JYUHBU,40-1,40.0,1000.0,0.9074074074074074,0.037037037037037035,prim
A1S54RQW9FDK0X,40-1,40.0,1000.0,0.3409090909090909,0.38636363636363635,ns
A1TG34GJ1WTN0C,40-1,40.0,1000.0,0.7333333333333334,0.0,prim
A1UH6A625GF5MD,40-1,40.0,1000.0,0.9722222222222223,0.0,prim
A1VHK9OFD7H8ZH,40-1,40.0,1000.0,0.025,0.9500000000000001,rec
A1ZLLYRW6GIVC7,40-1,40.0,1000.0,0.04583333333333334,0.7587121212121212,rec
A20GJP9C5KC2ZU,40-1,40.0,1000.0,0.5972222222222222,0.16666666666666666,ns
A23W5HVE02LM0E,40-1,40.0,1000.0,0.8214285714285714,0.07142857142857142,prim
A2541C8MY0BYV3,40-1,40.0,1000.0,0.0,0.8636363636363636,rec
A271830PNYAI2G,40-1,40.0,1000.0,0.06060606060606061,0.7626262626262627,rec
A29JQ7VMQ1HKYP,40-1,40.0,1000.0,0.44943181818181815,0.2596590909090909,ns
A2GUPBBFPPSXYR,40-1,40.0,1000.0,0.8636363636363638,0.11363636363636363,prim
A2HRUFTA09371Y,40-1,40.0,1000.0,0.0,0.9722222222222222,rec
A2IK3H6MQ1QV6E,40-1,40.0,1000.0,0.0,0.6969696969696968,rec
A2L7RTYO4UMYDH,40-1,40.0,1000.0,0.38181818181818183,0.4727272727272727,ns
A2LI1OIR4BVJRW,40-1,40.0,1000.0,0.9295454545454546,0.0,prim
A2NEFRREWF33YP,40-1,40.0,1000.0,0.020833333333333332,0.9374999999999999,rec
A2P8V5SKYLL5I4,40-1,40.0,1000.0,0.0,0.8863636363636365,rec
A2PSU15S8ZI3V5,40-1,40.0,1000.0,0.9564393939393939,0.0,prim
A2QUSCZS3RXGXE,40-1,40.0,1000.0,0.5234848484848486,0.2477272727272727,ns
A2TUYGXQ15U6GO,40-1,40.0,1000.0,0.8916666666666667,0.06666666666666667,prim
A2UEVNT8VQD1SA,40-1,40.0,1000.0,0.28901515151515156,0.4439393939393939,ns
A2VR9O234UCT9T,40-1,40.0,1000.0,0.020833333333333332,0.6666666666666666,rec
A2WCPERU8X385N,40-1,40.0,1000.0,0.8892857142857142,0.03571428571428571,prim
A33GZS6SU4O20M,40-1,40.0,1000.0,0.125,0.5354166666666667,ns
A38I0E8UK53ME5,40-1,40.0,1000.0,0.0,0.9722222222222221,rec
A3BZH91MITQA5X,40-1,40.0,1000.0,0.35353535353535354,0.24141414141414141,ns
A3NX66U9RAY2GQ,40-1,40.0,1000.0,0.7705357142857142,0.05,prim
A3O40YLW6MYU8C,40-1,40.0,1000.0,0.7705357142857142,0.12321428571428572,prim
A3S2AUQWI7XWT4,40-1,40.0,1000.0,0.8650793650793651,0.0992063492063492,prim
A3SA9LY6RXKFOI,40-1,40.0,1000.0,0.753968253968254,0.027777777777777776,prim
A3SLT6KVF0NXPH,40-1,40.0,1000.0,0.8503787878787878,0.0,prim
A3TNSJSXI464IT,40-1,40.0,1000.0,0.13333333333333333,0.5777777777777777,ns
A3TUJBPLJGTI5,40-1,40.0,1000.0,0.0,0.6761363636363635,rec
A3VL1CBZ3BGQK7,40-1,40.0,1000.0,0.0,0.6590909090909091,ns
A47VA451RDBV3,40-1,40.0,1000.0,0.9460227272727273,0.0,prim
A92KVBM20ZTU4,40-1,40.0,1000.0,0.0,0.9722222222222222,rec
AAF1SJ9FCBF75,40-1,40.0,1000.0,0.0,0.9090909090909091,rec
AAVFHZA708CSP,40-1,40.0,1000.0,0.4715277777777778,0.4097222222222222,ns
ADL9KYXZGHUFO,40-1,40.0,1000.0,0.47777777777777775,0.2611111111111111,ns
AFLRBB974KS6D,40-1,40.0,1000.0,0.6505681818181819,0.24545454545454545,ns
AGB6853RIDWJ8,40-1,40.0,1000.0,0.2636363636363636,0.41647727272727275,ns
AGLFNO1XKM8O8,40-1,40.0,1000.0,0.13194444444444442,0.8125,rec
AH2C0LKV36ATT,40-1,40.0,1000.0,0.9545454545454546,0.0,prim
AKJN72HW14WTR,40-1,40.0,1000.0,0.0,0.9545454545454545,rec
AMIQGW2E3WYO4,40-1,40.0,1000.0,0.04583333333333334,0.818939393939394,rec
ANCTZADQC3D75,40-1,40.0,1000.0,0.3770833333333333,0.6229166666666667,ns
AOQKJGXZ8QQD0,40-1,40.0,1000.0,0.6994047619047619,0.0625,prim
AP3BTOBN8Y9EJ,40-1,40.0,1000.0,0.0,0.815530303030303,rec
AQSYWZJVVMCGJ,40-1,40.0,1000.0,0.8337121212121212,0.06856060606060607,prim
AR1IWBDA7MC86,40-1,40.0,1000.0,0.0,0.9583333333333334,rec
AR3MFFPQ39IXF,40-1,40.0,1000.0,0.0,0.8,rec
ARL0T0MU9A65G,40-1,40.0,1000.0,0.81875,0.18125000000000002,prim
ASVRLMDNQBUD9,40-1,40.0,1000.0,0.0,0.7632575757575758,rec
ATRRW34VN38IX,40-1,40.0,1000.0,0.18636363636363637,0.7681818181818182,rec
AVSVIOR38JDM6,40-1,40.0,1000.0,0.975,0.0,prim
AW0MG225VXWCN,40-1,40.0,1000.0,0.0,0.9166666666666667,rec
AW4PTI9P13WUB,40-1,40.0,1000.0,0.89375,0.03125,prim
AXFCUZW85XUK1,40-1,40.0,1000.0,0.25297619047619047,0.4682539682539682,ns
AYF9WH3AQIT86,40-1,40.0,1000.0,0.8647727272727272,0.0,prim
