subject,strategy,condition,l_length,pres_rate,prop_wrong
A10HW8JXM17XLD,rec,10-2,10.0,2000.0,0.0
A12K1ADYMRSWMJ,prim,10-2,10.0,2000.0,0.3125
A14E4ISXVJVY6F,prim,10-2,10.0,2000.0,0.125
A169XTOCOMO1MV,ns,10-2,10.0,2000.0,0.2708333333333333
A18NXRDHQ0ZSOY,ns,10-2,10.0,2000.0,0.2916666666666667
A1969Q0R4Y0E3J,rec,10-2,10.0,2000.0,0.0625
A1AKL5YH9NLD2V,ns,10-2,10.0,2000.0,0.041666666666666664
A1ARWNTZHGFG8Y,prim,10-2,10.0,2000.0,0.125
A1F0R1MSPTXHHV,ns,10-2,10.0,2000.0,0.29166666666666663
A1GRPIBHW72HDU,rec,10-2,10.0,2000.0,0.020833333333333332
A1I9RLJQ0BYN21,prim,10-2,10.0,2000.0,0.041666666666666664
A1NG504QI5LI62,prim,10-2,10.0,2000.0,0.29166666666666663
A1NQ2A0UDW719R,prim,10-2,10.0,2000.0,0.5
A1P00XZZG7EEEM,prim,10-2,10.0,2000.0,0.34090909090909094
A1RFDB2WUV7QRO,ns,10-2,10.0,2000.0,0.0
A1V2H0UF94ATWY,ns,10-2,10.0,2000.0,0.020833333333333332
A1W7T8V97ZPUH0,ns,10-2,10.0,2000.0,0.41666666666666663
A1WJIRT360P5VB,rec,10-2,10.0,2000.0,0.0
A1WPGNK8Y65BV3,ns,10-2,10.0,2000.0,0.020833333333333332
A1XMGLCK09Z0DW,ns,10-2,10.0,2000.0,0.2765151515151515
A1YA2FCN3KEK36,prim,10-2,10.0,2000.0,0.20833333333333331
A20GD3EBBTBYY2,rec,10-2,10.0,2000.0,0.20833333333333331
A24BRTWG07T53Z,prim,10-2,10.0,2000.0,0.0625
A27QXQ22F9ODSP,prim,10-2,10.0,2000.0,0.25
A27T2Z568L69U1,prim,10-2,10.0,2000.0,0.14583333333333331
A282UM3NAIM0YO,ns,10-2,10.0,2000.0,0.25
A2BREH6STESM0G,rec,10-2,10.0,2000.0,0.3125
A2FLBMZ38IZ2SQ,prim,10-2,10.0,2000.0,0.16666666666666666
A2FM1N5AOMVTGL,prim,10-2,10.0,2000.0,0.32196969696969696
A2FYFCD16Z3PCC,rec,10-2,10.0,2000.0,0.020833333333333332
A2H8PEGI28NKZD,ns,10-2,10.0,2000.0,0.020833333333333332
A2I6ZALE49CVSC,prim,10-2,10.0,2000.0,0.020833333333333332
A2KPEUCEE2M05G,prim,10-2,10.0,2000.0,0.0
A2LJ1FRUYGW469,ns,10-2,10.0,2000.0,0.12499999999999999
A2M183CETUMR96,rec,10-2,10.0,2000.0,0.020833333333333332
A2MUOD1JHWJ735,ns,10-2,10.0,2000.0,0.020833333333333332
A2NXMRPHG86N2T,ns,10-2,10.0,2000.0,0.0
A2PQDK3MLDFXYM,rec,10-2,10.0,2000.0,0.041666666666666664
A2QRJKXTK4JDD8,ns,10-2,10.0,2000.0,0.3125
A2R970Q1Q2A6DJ,prim,10-2,10.0,2000.0,0.33333333333333337
A2VIKZ73Y5ABHM,ns,10-2,10.0,2000.0,0.14583333333333331
A2WYZLG8J526TQ,prim,10-2,10.0,2000.0,0.25
A33X52IN60MSOE,rec,10-2,10.0,2000.0,0.0
A348NEQKS6VNIB,rec,10-2,10.0,2000.0,0.041666666666666664
A349BBTU7L597J,ns,10-2,10.0,2000.0,0.3958333333333333
A3C8JI69WPTKWH,rec,10-2,10.0,2000.0,0.0
A3CE7DTHIB76UK,ns,10-2,10.0,2000.0,0.14583333333333334
A3G55RJTW3BSGM,ns,10-2,10.0,2000.0,0.020833333333333332
A3GC5Q5CLI4NWZ,prim,10-2,10.0,2000.0,0.08333333333333333
A3J55BJGV95JKH,ns,10-2,10.0,2000.0,0.08333333333333333
A3MJQ51KN9CMQ4,prim,10-2,10.0,2000.0,0.35416666666666663
A3MOL1L9V4BUGH,ns,10-2,10.0,2000.0,0.25
A3NAONPCTVT6P1,ns,10-2,10.0,2000.0,0.1875
A3PJY7THMUIR4M,ns,10-2,10.0,2000.0,0.13888888888888887
A3VV3MW68CALXS,prim,10-2,10.0,2000.0,0.6458333333333334
A489K1IFOM4JW,prim,10-2,10.0,2000.0,0.3125
A49HPQ9P5AHU4,ns,10-2,10.0,2000.0,0.0
A55MEA9LQASZH,rec,10-2,10.0,2000.0,0.125
A5P12YJP805RG,ns,10-2,10.0,2000.0,0.041666666666666664
A5TWD5QD99GZY,rec,10-2,10.0,2000.0,0.0
A63UHNWYOV5LE,ns,10-2,10.0,2000.0,0.19444444444444445
AEP8U373W5Q54,prim,10-2,10.0,2000.0,0.1875
AK2PMO5I7OCEK,prim,10-2,10.0,2000.0,0.22916666666666666
AKNU5D6QK7M72,prim,10-2,10.0,2000.0,0.29166666666666663
AO5FQ7GY8DTR8,prim,10-2,10.0,2000.0,0.625
ARIWYNIH12MLF,rec,10-2,10.0,2000.0,0.3125
AS4FVWL91C6HR,prim,10-2,10.0,2000.0,0.08333333333333333
AWJKR5GA7BS7V,ns,10-2,10.0,2000.0,0.2916666666666667
AZ69TBTDH7AZS,rec,10-2,10.0,2000.0,0.020833333333333332
AZ8NNCT4AODDN,prim,10-2,10.0,2000.0,0.375
A10JXOU89D5RXR,ns,20-1,20.0,1000.0,0.020833333333333332
A111FTKAAJ5UMC,prim,20-1,20.0,1000.0,0.125
A11EZAV2HRYKD5,prim,20-1,20.0,1000.0,0.14583333333333331
A157L6Z8QU3SDE,rec,20-1,20.0,1000.0,0.0
A16GIPTDMJAFTK,ns,20-1,20.0,1000.0,0.16666666666666666
A17R7WX5B0CKK6,rec,20-1,20.0,1000.0,0.22916666666666666
A17WB66BXX4R0J,prim,20-1,20.0,1000.0,0.08333333333333333
A19QRXLWV5GKXN,rec,20-1,20.0,1000.0,0.10416666666666666
A1CKIYN01NV9GJ,ns,20-1,20.0,1000.0,0.0
A1HLDOM6JTYYI2,prim,20-1,20.0,1000.0,0.041666666666666664
A1HR8IRDC07FO9,prim,20-1,20.0,1000.0,0.25
A1J6CZ176U6GDT,rec,20-1,20.0,1000.0,0.20833333333333331
A1J9VZ372FV2QZ,rec,20-1,20.0,1000.0,0.22916666666666669
A1JI19KPIVNL3Y,ns,20-1,20.0,1000.0,0.0
A1KH9VI2D0V43B,prim,20-1,20.0,1000.0,0.2916666666666667
A1LJ4WAEDGELVL,rec,20-1,20.0,1000.0,0.041666666666666664
A1OOCYEFLAJD98,ns,20-1,20.0,1000.0,0.020833333333333332
A1OW27AZS122X2,ns,20-1,20.0,1000.0,0.0625
A1R5JNC2LO6X1S,prim,20-1,20.0,1000.0,0.25
A1SUTNVLSFPXFK,ns,20-1,20.0,1000.0,0.3428030303030303
A1V91Z2CQKMR55,rec,20-1,20.0,1000.0,0.041666666666666664
A1YFL5HXPZ7MVV,ns,20-1,20.0,1000.0,0.1875
A22UMPYYQBXT0F,rec,20-1,20.0,1000.0,0.020833333333333332
A26M997VYVK0E6,prim,20-1,20.0,1000.0,0.020833333333333332
A277V4SHQB8JRS,rec,20-1,20.0,1000.0,0.020833333333333332
A2E5PV1BHNG67N,ns,20-1,20.0,1000.0,0.2916666666666667
A2FQVRBXJZQAWT,prim,20-1,20.0,1000.0,0.20833333333333331
A2GM1ZIBRBHBK7,ns,20-1,20.0,1000.0,0.14583333333333331
A2ONILC0LZKG6Y,rec,20-1,20.0,1000.0,0.0
A2QX1SJXQN1NV1,prim,20-1,20.0,1000.0,0.3333333333333333
A2QY653X9531JP,ns,20-1,20.0,1000.0,0.2102272727272727
A2RBF3IIJP15IH,rec,20-1,20.0,1000.0,0.08333333333333333
A2RWLFIP23FZA7,prim,20-1,20.0,1000.0,0.14583333333333331
A2SBZCFAVT83GN,rec,20-1,20.0,1000.0,0.027777777777777776
A2SQGKP2REXOTN,prim,20-1,20.0,1000.0,0.13888888888888887
A2SQTRNQWDLU4F,ns,20-1,20.0,1000.0,0.16666666666666666
A2SWQM5X54P1O5,ns,20-1,20.0,1000.0,0.020833333333333332
A2TG5ESEOPXAHI,prim,20-1,20.0,1000.0,0.3541666666666667
A2V6E7SGEU0EFD,ns,20-1,20.0,1000.0,0.0
A2VXT33Y2TQPOQ,prim,20-1,20.0,1000.0,0.1515151515151515
A2XDWB9NVYI3LQ,rec,20-1,20.0,1000.0,0.08333333333333333
A3026HLELYNW7U,rec,20-1,20.0,1000.0,0.20833333333333331
A351P2O6QGTCS,rec,20-1,20.0,1000.0,0.027777777777777776
A39R5EBK7W916X,ns,20-1,20.0,1000.0,0.41666666666666663
A3D9PJ37U7LCHE,ns,20-1,20.0,1000.0,0.22916666666666666
A3EVXSWHYA1PTT,rec,20-1,20.0,1000.0,0.041666666666666664
A3GIUDSA1IGTFV,ns,20-1,20.0,1000.0,0.2222222222222222
A3HXK0UGS1YDMC,prim,20-1,20.0,1000.0,0.20833333333333331
A3ITZNJQUTIZ4C,rec,20-1,20.0,1000.0,0.0
A3MHP4LZ3V88NF,prim,20-1,20.0,1000.0,0.10416666666666666
A3NRIEMOJVVX4A,rec,20-1,20.0,1000.0,0.020833333333333332
A3PEV3KN6F7JRG,ns,20-1,20.0,1000.0,0.16666666666666666
A3QKOYP52HYRH2,rec,20-1,20.0,1000.0,0.22916666666666666
A3RFOODI4G4P4K,rec,20-1,20.0,1000.0,0.10416666666666666
A3RHJEMZ4EGY2U,rec,20-1,20.0,1000.0,0.0
A3S76P3L3USWI1,prim,20-1,20.0,1000.0,0.32007575757575757
A3USPFFWN1G5PF,rec,20-1,20.0,1000.0,0.125
A50UY1556VDIA,ns,20-1,20.0,1000.0,0.2556818181818182
A7R1OLLU1Z6RA,rec,20-1,20.0,1000.0,0.041666666666666664
AEJU0MCYOQC77,prim,20-1,20.0,1000.0,0.25
AHU3EE2Q05E18,prim,20-1,20.0,1000.0,0.25
AJD90361AJO80,ns,20-1,20.0,1000.0,0.16666666666666666
AK52RXEJKR81A,ns,20-1,20.0,1000.0,0.027777777777777776
AMJAZPJBO936R,prim,20-1,20.0,1000.0,0.0625
AOQZVAH5FSKGE,prim,20-1,20.0,1000.0,0.2708333333333333
AQCJI23U1VBYD,prim,20-1,20.0,1000.0,0.35416666666666663
AQPFTUIJ0PW2N,prim,20-1,20.0,1000.0,0.4444444444444444
AXFCUZ1WQC2WY,ns,20-1,20.0,1000.0,0.13888888888888887
AY7M9MOLNXIIK,ns,20-1,20.0,1000.0,0.4375
AZZA3J049G7R5,rec,20-1,20.0,1000.0,0.125
A102RSV009OCUW,prim,15-2,15.0,2000.0,0.10416666666666666
A11BHGAKU0RIH8,rec,15-2,15.0,2000.0,0.08333333333333333
A13GBA16BNTN1A,rec,15-2,15.0,2000.0,0.10416666666666666
A13THDIE8LTQ11,ns,15-2,15.0,2000.0,0.25
A150QX2OXHGK8P,rec,15-2,15.0,2000.0,0.20833333333333331
A151XA53WYXVD7,prim,15-2,15.0,2000.0,0.2708333333333333
A1618RA11ZOD8Y,rec,15-2,15.0,2000.0,0.14962121212121213
A19X8IA9EKC3XH,ns,15-2,15.0,2000.0,0.06249999999999999
A1CFMY4CEYOM8Y,rec,15-2,15.0,2000.0,0.0625
A1E0K2VGY2684V,ns,15-2,15.0,2000.0,0.3541666666666667
A1NQOR4RQJJDMW,ns,15-2,15.0,2000.0,0.0
A1PZIN8H1VI6SY,prim,15-2,15.0,2000.0,0.4444444444444444
A1QRIZY9WJW3R1,prim,15-2,15.0,2000.0,0.16666666666666666
A1QXJZFA5NVGM3,prim,15-2,15.0,2000.0,0.20833333333333331
A1ROEDVMTO9Y3X,ns,15-2,15.0,2000.0,0.06249999999999999
A1SCF3L6LTFQHF,prim,15-2,15.0,2000.0,0.22916666666666666
A1T7EB1WEDCMXV,ns,15-2,15.0,2000.0,0.0
A1TR2AOKWGQ78A,ns,15-2,15.0,2000.0,0.11363636363636363
A1UOP419O6P55R,prim,15-2,15.0,2000.0,0.25
A1WM3INNDW2776,ns,15-2,15.0,2000.0,0.20833333333333334
A1Z82Y9E6YWY80,ns,15-2,15.0,2000.0,0.4375
A2113B699TVADG,prim,15-2,15.0,2000.0,0.16666666666666666
A219SZBLCCCXN9,prim,15-2,15.0,2000.0,0.35416666666666663
A22GYYJXTS5KBH,ns,15-2,15.0,2000.0,0.2222222222222222
A22Y78RVB8UFTD,ns,15-2,15.0,2000.0,0.08333333333333333
A233LLG8YAXWF,rec,15-2,15.0,2000.0,0.0
A24GX1OZE6AY04,ns,15-2,15.0,2000.0,0.020833333333333332
A26MT7KJ7NJLRN,ns,15-2,15.0,2000.0,0.041666666666666664
A26T0U2Y6LZOF3,rec,15-2,15.0,2000.0,0.5416666666666667
A29J4LL0MQL3AC,prim,15-2,15.0,2000.0,0.125
A2G4R0GS677RC2,rec,15-2,15.0,2000.0,0.5
A2IV3SSVTU90BN,ns,15-2,15.0,2000.0,0.08333333333333333
A2KZN3UH5NGC9,rec,15-2,15.0,2000.0,0.10416666666666666
A2MBFIAGBPU5NG,prim,15-2,15.0,2000.0,0.25
A2O86E23R5T4YO,prim,15-2,15.0,2000.0,0.2765151515151515
A2PTABUVOUYAH5,ns,15-2,15.0,2000.0,0.020833333333333332
A2R75YFKVALBXE,rec,15-2,15.0,2000.0,0.0
A2RU1Q3C9VHBAO,prim,15-2,15.0,2000.0,0.041666666666666664
A2RVG8Y97DE0GM,prim,15-2,15.0,2000.0,0.3125
A2UJ9GDNVPX99C,prim,15-2,15.0,2000.0,0.3125
A2UYZFH5VT5R3H,rec,15-2,15.0,2000.0,0.0
A2Y8LZS5C81O25,prim,15-2,15.0,2000.0,0.14583333333333331
A30NL5N71G2YAU,ns,15-2,15.0,2000.0,0.3333333333333333
A310Y949ILSN3P,prim,15-2,15.0,2000.0,0.20833333333333334
A31P78W9ZCQXCS,ns,15-2,15.0,2000.0,0.22916666666666666
A347RDI3HZOUCY,prim,15-2,15.0,2000.0,0.125
A34HQHGLIW1FYS,ns,15-2,15.0,2000.0,0.25
A34IPEKX5WXJIN,prim,15-2,15.0,2000.0,0.19886363636363635
A34YNEN8UUI3CD,ns,15-2,15.0,2000.0,0.020833333333333332
A35VI4SE31HD17,prim,15-2,15.0,2000.0,0.35416666666666663
A36S0DI86PL4J6,prim,15-2,15.0,2000.0,0.3541666666666667
A384KX8MUIJSTJ,ns,15-2,15.0,2000.0,0.25
A38DHLB88V8DL8,rec,15-2,15.0,2000.0,0.020833333333333332
A3AWQ3AACIPXM2,ns,15-2,15.0,2000.0,0.625
A3BA2WMGN6KHUU,ns,15-2,15.0,2000.0,0.22916666666666666
A3BN69Q9D7RQGR,ns,15-2,15.0,2000.0,0.625
A3C25IBTLB60RQ,prim,15-2,15.0,2000.0,0.13636363636363635
A3FOKP72T5I4FR,ns,15-2,15.0,2000.0,0.041666666666666664
A3HBB9JT9WVZS4,ns,15-2,15.0,2000.0,0.25
A3HOPYBWSR1TWR,prim,15-2,15.0,2000.0,0.2765151515151515
A3IBDJ12CRTQQN,prim,15-2,15.0,2000.0,0.10416666666666666
A3IHTJXHWPQ2JR,rec,15-2,15.0,2000.0,0.08333333333333333
A3MWLHSW9B9RHU,prim,15-2,15.0,2000.0,0.3125
A3ORKXM3WG8QJ9,prim,15-2,15.0,2000.0,0.13257575757575757
A3P52W1SBJUT5N,ns,15-2,15.0,2000.0,0.20833333333333331
A3U27ZHUGOPIAN,prim,15-2,15.0,2000.0,0.4791666666666667
A3UA50A6GKNAMR,prim,15-2,15.0,2000.0,0.29166666666666663
A3UE8ANAIM7F15,ns,15-2,15.0,2000.0,0.2708333333333333
A3UGB3B1S74HR9,prim,15-2,15.0,2000.0,0.3409090909090909
A3UUW04QL49RSC,prim,15-2,15.0,2000.0,0.08522727272727272
A6HDSE80LQPR8,rec,15-2,15.0,2000.0,0.08333333333333333
AAOOH6P4HHSCS,prim,15-2,15.0,2000.0,0.20833333333333331
ADGJXUEMPLTMS,prim,15-2,15.0,2000.0,0.08333333333333333
AEF1G6YE8RIB8,prim,15-2,15.0,2000.0,0.41666666666666663
AERGHZBQFT309,ns,15-2,15.0,2000.0,0.020833333333333332
AESZJEZTZEW01,ns,15-2,15.0,2000.0,0.25
AEX1I7K7OVHHC,rec,15-2,15.0,2000.0,0.3080808080808081
AEXRVIK8SKB4V,prim,15-2,15.0,2000.0,0.33333333333333337
AF0W4ZBY7VXOU,rec,15-2,15.0,2000.0,0.0
AFZGUWYLC0NG0,ns,15-2,15.0,2000.0,0.25
AGANKP4PUZ4NC,prim,15-2,15.0,2000.0,0.20833333333333331
AHY3YAYJLTW32,rec,15-2,15.0,2000.0,0.0
AL9SYQEUTNJXT,prim,15-2,15.0,2000.0,0.39583333333333337
ALDQRWYZ8KQ9A,rec,15-2,15.0,2000.0,0.0
AM65LGXJBTJ0I,ns,15-2,15.0,2000.0,0.020833333333333332
AOIR8V07FYMH5,rec,15-2,15.0,2000.0,0.041666666666666664
AR0VJ5XRG16UJ,rec,15-2,15.0,2000.0,0.25
AU5UJIZ3TLI5M,rec,15-2,15.0,2000.0,0.020833333333333332
AW2UVK63OLFW,ns,15-2,15.0,2000.0,0.16666666666666666
AW5O1RK3W60FC,rec,15-2,15.0,2000.0,0.041666666666666664
AWRY5SC68T0DC,prim,15-2,15.0,2000.0,0.22916666666666669
AWTCGY2CL1T68,prim,15-2,15.0,2000.0,0.32386363636363635
AXSBX0MCQNG3A,prim,15-2,15.0,2000.0,0.3125
A14WLAP6TCEKO0,rec,30-1,30.0,1000.0,0.041666666666666664
A15V9BXNJXZXZX,ns,30-1,30.0,1000.0,0.06628787878787878
A16335MOISDG1F,rec,30-1,30.0,1000.0,0.0
A17FJLW818UEQU,rec,30-1,30.0,1000.0,0.027777777777777776
A186PT9ZLO5EJD,prim,30-1,30.0,1000.0,0.16666666666666666
A1AS1H21O9896X,ns,30-1,30.0,1000.0,0.25
A1AYTKAQT201ZV,prim,30-1,30.0,1000.0,0.375
A1EII5EWOTBDK9,rec,30-1,30.0,1000.0,0.14583333333333331
A1F9KLZGHE9DTA,rec,30-1,30.0,1000.0,0.020833333333333332
A1IGKJ200N82S9,rec,30-1,30.0,1000.0,0.0625
A1KGUJMWDCPSYG,rec,30-1,30.0,1000.0,0.45833333333333337
A1M1E62KXCDNL0,ns,30-1,30.0,1000.0,0.0625
A1MG8KNVSVZ365,prim,30-1,30.0,1000.0,0.3333333333333333
A1MKEILXWWLBW2,rec,30-1,30.0,1000.0,0.020833333333333332
A1O67YS3DU0ZHX,rec,30-1,30.0,1000.0,0.020833333333333332
A1Q0G8JA5EZ8EI,rec,30-1,30.0,1000.0,0.041666666666666664
A1SLJKNSNHOJRN,rec,30-1,30.0,1000.0,0.0
A1T2P6E67251U5,prim,30-1,30.0,1000.0,0.125
A1U4WS9KJMADV,rec,30-1,30.0,1000.0,0.041666666666666664
A1X4T3QSIE8YYX,prim,30-1,30.0,1000.0,0.0
A225J5T6WHO2MG,prim,30-1,30.0,1000.0,0.08333333333333333
A23KDD6OPM4NJ0,prim,30-1,30.0,1000.0,0.47916666666666663
A25Y3D2Y2DR8WM,prim,30-1,30.0,1000.0,0.10416666666666666
A26XKTGGGYBI4J,prim,30-1,30.0,1000.0,0.20833333333333331
A28OD52SMLYQ16,rec,30-1,30.0,1000.0,0.10416666666666666
A28TA25NJGLL3Y,prim,30-1,30.0,1000.0,0.27840909090909094
A28ZPY6D5AS7GZ,ns,30-1,30.0,1000.0,0.05555555555555555
A2ASRB2MTHDHPD,prim,30-1,30.0,1000.0,0.14583333333333331
A2BUHMLNE3LUU0,ns,30-1,30.0,1000.0,0.1875
A2E2SLXF4KQ3S1,prim,30-1,30.0,1000.0,0.125
A2FJIZUHR6E4EZ,prim,30-1,30.0,1000.0,0.25
A2G2T6EMXAOKMS,rec,30-1,30.0,1000.0,0.0
A2GRA6N98ZPIQ1,prim,30-1,30.0,1000.0,0.2916666666666667
A2IKLJWU2OJ1YX,prim,30-1,30.0,1000.0,0.14583333333333331
A2K5AXCSY703CU,ns,30-1,30.0,1000.0,0.16666666666666666
A2MV1R6YYOIO30,prim,30-1,30.0,1000.0,0.05555555555555555
A2NU82V08QSPCC,prim,30-1,30.0,1000.0,0.0
A2NY0VWEWDULC6,rec,30-1,30.0,1000.0,0.041666666666666664
A2OFVEA8BEJDZN,ns,30-1,30.0,1000.0,0.20833333333333331
A2P83PY6P7ECM5,ns,30-1,30.0,1000.0,0.5
A2PUL3ZDXOW0VZ,rec,30-1,30.0,1000.0,0.020833333333333332
A2ROI30AQITC3V,ns,30-1,30.0,1000.0,0.20833333333333331
A2VZN8J53Y5WYR,prim,30-1,30.0,1000.0,0.375
A2XMRJKCNKLL4E,ns,30-1,30.0,1000.0,0.1893939393939394
A2Y0VM8BAF0RMT,ns,30-1,30.0,1000.0,0.041666666666666664
A2ZGAH6NOSU2PO,rec,30-1,30.0,1000.0,0.0
A30DHHAL100LZR,ns,30-1,30.0,1000.0,0.16666666666666666
A31SZFE8M7YK0S,ns,30-1,30.0,1000.0,0.1691919191919192
A34DYM8J0X5VK,rec,30-1,30.0,1000.0,0.041666666666666664
A36IB78C6MVA3,prim,30-1,30.0,1000.0,0.375
A389Y151TAJ4XG,ns,30-1,30.0,1000.0,0.3958333333333333
A3AY0315YWWNXY,rec,30-1,30.0,1000.0,0.020833333333333332
A3EUH97BRHRSI6,rec,30-1,30.0,1000.0,0.1875
A3I97794CB5SUO,rec,30-1,30.0,1000.0,0.10416666666666666
A3RVHUY67SVXQV,ns,30-1,30.0,1000.0,0.020833333333333332
A3TX84QHD321M7,prim,30-1,30.0,1000.0,0.3541666666666667
A3UCN8EJI08X2P,ns,30-1,30.0,1000.0,0.10416666666666666
A3UQ5DF8VVD975,rec,30-1,30.0,1000.0,0.041666666666666664
A3V71NT2X4HD1I,prim,30-1,30.0,1000.0,0.20833333333333334
A51TGVVYJF7T0,prim,30-1,30.0,1000.0,0.35795454545454547
A7USTT4KU1ZBO,ns,30-1,30.0,1000.0,0.20833333333333334
AB5WBMZGLX57B,ns,30-1,30.0,1000.0,0.3958333333333333
ACBROX4H8BSW3,rec,30-1,30.0,1000.0,0.08333333333333333
ADJ9I7ZBFYFH7,rec,30-1,30.0,1000.0,0.0
AGILQEFEPEK7N,ns,30-1,30.0,1000.0,0.041666666666666664
AH7HACNNRSIPO,ns,30-1,30.0,1000.0,0.0625
AIDU49N2KO05N,ns,30-1,30.0,1000.0,0.22916666666666666
AJUVX0E4OPTAO,prim,30-1,30.0,1000.0,0.3541666666666667
AK3GAHRZ6M6WM,rec,30-1,30.0,1000.0,0.375
AKE4AYF86KJVU,rec,30-1,30.0,1000.0,0.08333333333333333
AKNBC1TE88NDO,rec,30-1,30.0,1000.0,0.041666666666666664
AKX4H8RT7BL7H,rec,30-1,30.0,1000.0,0.0
AOYDGVOZUIHII,prim,30-1,30.0,1000.0,0.1875
AP4B1GJIT3HYF,ns,30-1,30.0,1000.0,0.16666666666666666
AXFH1DT8PR0K2,prim,30-1,30.0,1000.0,0.20833333333333331
AXFP50XOZD2NI,rec,30-1,30.0,1000.0,0.08333333333333333
A12LX24NC3FP2U,ns,20-2,20.0,2000.0,0.20833333333333331
A161VPQSXLLV8U,ns,20-2,20.0,2000.0,0.10416666666666666
A166P9BSWIFF32,prim,20-2,20.0,2000.0,0.20833333333333331
A17IPELR5NC2LZ,prim,20-2,20.0,2000.0,0.25
A17TMQWTCJVOV5,rec,20-2,20.0,2000.0,0.0625
A1CB9NR3SN4VMY,prim,20-2,20.0,2000.0,0.125
A1FM638CHGPC1M,ns,20-2,20.0,2000.0,0.2916666666666667
A1HENLDLQEO5BZ,prim,20-2,20.0,2000.0,0.16666666666666666
A1J39RAV7TKEMF,ns,20-2,20.0,2000.0,0.1875
A1JL3HCA0MK9UI,prim,20-2,20.0,2000.0,0.39583333333333337
A1L5A88C9PPK5L,prim,20-2,20.0,2000.0,0.25
A1LA6CIGBNDOH9,rec,20-2,20.0,2000.0,0.0
A1MD74JPL7E9PK,prim,20-2,20.0,2000.0,0.027777777777777776
A1O0K8V58YRL4A,ns,20-2,20.0,2000.0,0.4166666666666667
A1PTX4IB9R34LI,rec,20-2,20.0,2000.0,0.0625
A1S2EXYEG5I8HW,rec,20-2,20.0,2000.0,0.0
A1SJLXB0XFCJ97,prim,20-2,20.0,2000.0,0.25
A1TPGXT718D68E,rec,20-2,20.0,2000.0,0.041666666666666664
A1TVWMWE03AWAW,rec,20-2,20.0,2000.0,0.4375
A1VEOI1H4AE1T3,prim,20-2,20.0,2000.0,0.1875
A1WT2CM71Z9MP3,prim,20-2,20.0,2000.0,0.2708333333333333
A20YXCVKHSTSPC,prim,20-2,20.0,2000.0,0.0
A2147HO7VBGJCU,prim,20-2,20.0,2000.0,0.2916666666666667
A248QG4DPULP46,ns,20-2,20.0,2000.0,0.041666666666666664
A25S9Y5DZ9OR16,prim,20-2,20.0,2000.0,0.3125
A25VK411P03A5T,rec,20-2,20.0,2000.0,0.20833333333333331
A289D98Z4GAZ28,prim,20-2,20.0,2000.0,0.041666666666666664
A2BTEQA95MCIHU,prim,20-2,20.0,2000.0,0.5208333333333333
A2E8PL8ZWIZVJ0,prim,20-2,20.0,2000.0,0.47916666666666663
A2I6HVUDBTGD1,prim,20-2,20.0,2000.0,0.1875
A2KHR0GTA0DBWI,rec,20-2,20.0,2000.0,0.08333333333333333
A2KT30RCVX67ZS,prim,20-2,20.0,2000.0,0.5416666666666666
A2MMGDAA7JJKIE,prim,20-2,20.0,2000.0,0.3541666666666667
A2MOKIEQZ0OF2M,prim,20-2,20.0,2000.0,0.08333333333333333
A2NZ783AY1LBPW,prim,20-2,20.0,2000.0,0.0625
A2NZAL7KHOR6VF,rec,20-2,20.0,2000.0,0.020833333333333332
A2OOS7IXSKJFFI,ns,20-2,20.0,2000.0,0.375
A2P2YEHX1FXD20,rec,20-2,20.0,2000.0,0.5555555555555556
A2QHI85LQPJZYP,prim,20-2,20.0,2000.0,0.3888888888888889
A2SSY7MHPDQVUS,prim,20-2,20.0,2000.0,0.08333333333333333
A2UX2W49R55PH4,prim,20-2,20.0,2000.0,0.375
A2VIKCIM9TZL22,rec,20-2,20.0,2000.0,0.027777777777777776
A2XGHLVP2C1FVA,ns,20-2,20.0,2000.0,0.08333333333333333
A2XVLOZY7FJCC2,rec,20-2,20.0,2000.0,0.25
A2ZVBFH732LYXQ,prim,20-2,20.0,2000.0,0.3125
A304UJAE051J89,rec,20-2,20.0,2000.0,0.020833333333333332
A312HQ3OU0EYTB,rec,20-2,20.0,2000.0,0.027777777777777776
A35S8HPY0V445,ns,20-2,20.0,2000.0,0.25
A37GOI3N77WX21,ns,20-2,20.0,2000.0,0.0
A389UA2GRCJ6,prim,20-2,20.0,2000.0,0.29166666666666663
A3A7XOKH39SYOI,prim,20-2,20.0,2000.0,0.3541666666666667
A3B0CMCBWAND7,rec,20-2,20.0,2000.0,0.0625
A3C4WGE4SOGM1,ns,20-2,20.0,2000.0,0.27840909090909094
A3CKVVGWBS4NGU,prim,20-2,20.0,2000.0,0.32196969696969696
A3GDVKIN7ZGUG9,rec,20-2,20.0,2000.0,0.33333333333333337
A3HE29W5IDR394,rec,20-2,20.0,2000.0,0.08333333333333333
A3I1SGVY37KR4A,ns,20-2,20.0,2000.0,0.13888888888888887
A3J5HRXH4F64SP,ns,20-2,20.0,2000.0,0.041666666666666664
A3LVLZS8S41ZD7,rec,20-2,20.0,2000.0,0.020833333333333332
A3LXARU55PR281,ns,20-2,20.0,2000.0,0.25
A3TR3KIRG5PCZ8,prim,20-2,20.0,2000.0,0.08333333333333333
A3U2A632YWEX7B,prim,20-2,20.0,2000.0,0.29166666666666663
A3U69MNO1JC7V4,rec,20-2,20.0,2000.0,0.0625
A3UMHUWJKRGKNR,rec,20-2,20.0,2000.0,0.16666666666666666
A3VW5PI9ZX9DOD,ns,20-2,20.0,2000.0,0.5833333333333334
A4HWADFPGP45G,ns,20-2,20.0,2000.0,0.27083333333333337
AFRKVRPZ2RHY8,rec,20-2,20.0,2000.0,0.0
AHZCC2V399WUN,ns,20-2,20.0,2000.0,0.08333333333333333
AJABAPM32ETMN,rec,20-2,20.0,2000.0,0.05555555555555555
AK1EF4NACR1UJ,prim,20-2,20.0,2000.0,0.375
AKIT35WR8HEQ3,prim,20-2,20.0,2000.0,0.14583333333333331
AP9WIQ4P78XLH,rec,20-2,20.0,2000.0,0.0
AR9AU5FY1S3RO,rec,20-2,20.0,2000.0,0.0
AXCDKBG1R43GE,ns,20-2,20.0,2000.0,0.12499999999999999
A102WSFN62OS6I,ns,40-1,40.0,1000.0,0.1111111111111111
A13WTEQ06V3B6D,rec,40-1,40.0,1000.0,0.041666666666666664
A178HXQENEAI65,rec,40-1,40.0,1000.0,0.1875
A1BLHM2IDH7DH4,prim,40-1,40.0,1000.0,0.14583333333333331
A1DJB12ZI46GPX,prim,40-1,40.0,1000.0,0.3541666666666667
A1DZMZTXWOM9MR,rec,40-1,40.0,1000.0,0.020833333333333332
A1EU59VMI8GL4K,rec,40-1,40.0,1000.0,0.020833333333333332
A1F0VEHWK3IAF4,ns,40-1,40.0,1000.0,0.29166666666666663
A1HGWCCIWP7AO0,ns,40-1,40.0,1000.0,0.14646464646464644
A1IL5P5H5VRW0D,prim,40-1,40.0,1000.0,0.1893939393939394
A1J5OW12TRQSOW,ns,40-1,40.0,1000.0,0.125
A1KCSGTT6Y26LH,prim,40-1,40.0,1000.0,0.5
A1RQ8PX7A0CH3C,rec,40-1,40.0,1000.0,0.3958333333333333
A1RY1N37JYUHBU,prim,40-1,40.0,1000.0,0.3055555555555555
A1S54RQW9FDK0X,ns,40-1,40.0,1000.0,0.08333333333333333
A1TG34GJ1WTN0C,prim,40-1,40.0,1000.0,0.3333333333333333
A1UH6A625GF5MD,prim,40-1,40.0,1000.0,0.16666666666666666
A1VHK9OFD7H8ZH,rec,40-1,40.0,1000.0,0.08333333333333333
A1ZLLYRW6GIVC7,rec,40-1,40.0,1000.0,0.0625
A20GJP9C5KC2ZU,ns,40-1,40.0,1000.0,0.26136363636363635
A23W5HVE02LM0E,prim,40-1,40.0,1000.0,0.3333333333333333
A2541C8MY0BYV3,rec,40-1,40.0,1000.0,0.0625
A271830PNYAI2G,rec,40-1,40.0,1000.0,0.05555555555555555
A29JQ7VMQ1HKYP,ns,40-1,40.0,1000.0,0.13068181818181818
A2GUPBBFPPSXYR,prim,40-1,40.0,1000.0,0.0625
A2HRUFTA09371Y,rec,40-1,40.0,1000.0,0.027777777777777776
A2IK3H6MQ1QV6E,rec,40-1,40.0,1000.0,0.041666666666666664
A2L7RTYO4UMYDH,ns,40-1,40.0,1000.0,0.125
A2LI1OIR4BVJRW,prim,40-1,40.0,1000.0,0.08333333333333333
A2NEFRREWF33YP,rec,40-1,40.0,1000.0,0.0
A2P8V5SKYLL5I4,rec,40-1,40.0,1000.0,0.08333333333333333
A2PSU15S8ZI3V5,prim,40-1,40.0,1000.0,0.041666666666666664
A2QUSCZS3RXGXE,ns,40-1,40.0,1000.0,0.06249999999999999
A2TUYGXQ15U6GO,prim,40-1,40.0,1000.0,0.3055555555555555
A2UEVNT8VQD1SA,ns,40-1,40.0,1000.0,0.08333333333333333
A2VR9O234UCT9T,rec,40-1,40.0,1000.0,0.0
A2WCPERU8X385N,prim,40-1,40.0,1000.0,0.22916666666666666
A33GZS6SU4O20M,ns,40-1,40.0,1000.0,0.375
A38I0E8UK53ME5,rec,40-1,40.0,1000.0,0.05555555555555555
A3BZH91MITQA5X,ns,40-1,40.0,1000.0,0.08333333333333333
A3NX66U9RAY2GQ,prim,40-1,40.0,1000.0,0.375
A3O40YLW6MYU8C,prim,40-1,40.0,1000.0,0.3125
A3S2AUQWI7XWT4,prim,40-1,40.0,1000.0,0.29545454545454547
A3SA9LY6RXKFOI,prim,40-1,40.0,1000.0,0.39583333333333337
A3SLT6KVF0NXPH,prim,40-1,40.0,1000.0,0.125
A3TNSJSXI464IT,ns,40-1,40.0,1000.0,0.20833333333333331
A3TUJBPLJGTI5,rec,40-1,40.0,1000.0,0.06249999999999999
A3VL1CBZ3BGQK7,ns,40-1,40.0,1000.0,0.041666666666666664
A47VA451RDBV3,prim,40-1,40.0,1000.0,0.17234848484848483
A92KVBM20ZTU4,rec,40-1,40.0,1000.0,0.13888888888888887
AAF1SJ9FCBF75,rec,40-1,40.0,1000.0,0.0625
AAVFHZA708CSP,ns,40-1,40.0,1000.0,0.2708333333333333
ADL9KYXZGHUFO,ns,40-1,40.0,1000.0,0.20833333333333331
AFLRBB974KS6D,ns,40-1,40.0,1000.0,0.1875
AGB6853RIDWJ8,ns,40-1,40.0,1000.0,0.20833333333333331
AGLFNO1XKM8O8,rec,40-1,40.0,1000.0,0.14583333333333331
AH2C0LKV36ATT,prim,40-1,40.0,1000.0,0.10416666666666666
AKJN72HW14WTR,rec,40-1,40.0,1000.0,0.08333333333333333
AMIQGW2E3WYO4,rec,40-1,40.0,1000.0,0.0625
ANCTZADQC3D75,ns,40-1,40.0,1000.0,0.3333333333333333
AOQKJGXZ8QQD0,prim,40-1,40.0,1000.0,0.25
AP3BTOBN8Y9EJ,rec,40-1,40.0,1000.0,0.08333333333333333
AQSYWZJVVMCGJ,prim,40-1,40.0,1000.0,0.08333333333333333
AR1IWBDA7MC86,rec,40-1,40.0,1000.0,0.0
AR3MFFPQ39IXF,rec,40-1,40.0,1000.0,0.13888888888888887
ARL0T0MU9A65G,prim,40-1,40.0,1000.0,0.2140151515151515
ASVRLMDNQBUD9,rec,40-1,40.0,1000.0,0.020833333333333332
ATRRW34VN38IX,rec,40-1,40.0,1000.0,0.125
AVSVIOR38JDM6,prim,40-1,40.0,1000.0,0.16666666666666666
AW0MG225VXWCN,rec,40-1,40.0,1000.0,0.0
AW4PTI9P13WUB,prim,40-1,40.0,1000.0,0.4375
AXFCUZW85XUK1,ns,40-1,40.0,1000.0,0.23484848484848486
AYF9WH3AQIT86,prim,40-1,40.0,1000.0,0.20833333333333331
