subject,strategy,condition,l_length,pres_rate,rt
A10HW8JXM17XLD,rec,10-2,10.0,2000.0,9268.527083344912
A12K1ADYMRSWMJ,prim,10-2,10.0,2000.0,6244.708750047069
A14E4ISXVJVY6F,prim,10-2,10.0,2000.0,4267.159090958942
A169XTOCOMO1MV,ns,10-2,10.0,2000.0,3401.5386111212274
A18NXRDHQ0ZSOY,ns,10-2,10.0,2000.0,3374.277499970368
A1969Q0R4Y0E3J,rec,10-2,10.0,2000.0,1985.3011363636363
A1AKL5YH9NLD2V,ns,10-2,10.0,2000.0,698.3474999997221
A1ARWNTZHGFG8Y,prim,10-2,10.0,2000.0,5331.702525194245
A1F0R1MSPTXHHV,ns,10-2,10.0,2000.0,6298.518779823575
A1GRPIBHW72HDU,rec,10-2,10.0,2000.0,1667.3200757575758
A1I9RLJQ0BYN21,prim,10-2,10.0,2000.0,2007.1246213109202
A1NG504QI5LI62,prim,10-2,10.0,2000.0,5281.197817460317
A1NQ2A0UDW719R,prim,10-2,10.0,2000.0,6475.792857142857
A1P00XZZG7EEEM,prim,10-2,10.0,2000.0,10584.35833330618
A1RFDB2WUV7QRO,ns,10-2,10.0,2000.0,1717.6541666690412
A1V2H0UF94ATWY,ns,10-2,10.0,2000.0,2159.4528409089353
A1W7T8V97ZPUH0,ns,10-2,10.0,2000.0,5030.90625
A1WJIRT360P5VB,rec,10-2,10.0,2000.0,2011.754166658502
A1WPGNK8Y65BV3,ns,10-2,10.0,2000.0,1803.9884469394265
A1XMGLCK09Z0DW,ns,10-2,10.0,2000.0,8842.479707792209
A1YA2FCN3KEK36,prim,10-2,10.0,2000.0,6822.257499992847
A20GD3EBBTBYY2,rec,10-2,10.0,2000.0,3873.541666666667
A24BRTWG07T53Z,prim,10-2,10.0,2000.0,1830.753787878788
A27QXQ22F9ODSP,prim,10-2,10.0,2000.0,11255.985416666666
A27T2Z568L69U1,prim,10-2,10.0,2000.0,8771.190972222223
A282UM3NAIM0YO,ns,10-2,10.0,2000.0,3206.7444444444445
A2BREH6STESM0G,rec,10-2,10.0,2000.0,4096.483958329919
A2FLBMZ38IZ2SQ,prim,10-2,10.0,2000.0,4617.170151487023
A2FM1N5AOMVTGL,prim,10-2,10.0,2000.0,2904.978914032079
A2FYFCD16Z3PCC,rec,10-2,10.0,2000.0,1033.6999999996854
A2H8PEGI28NKZD,ns,10-2,10.0,2000.0,1862.6878787885084
A2I6ZALE49CVSC,prim,10-2,10.0,2000.0,2451.2827651489943
A2KPEUCEE2M05G,prim,10-2,10.0,2000.0,1954.2083333035307
A2LJ1FRUYGW469,ns,10-2,10.0,2000.0,8218.830908944568
A2M183CETUMR96,rec,10-2,10.0,2000.0,1401.121401514329
A2MUOD1JHWJ735,ns,10-2,10.0,2000.0,1423.888825753873
A2NXMRPHG86N2T,ns,10-2,10.0,2000.0,2137.508333332953
A2PQDK3MLDFXYM,rec,10-2,10.0,2000.0,941.5958333006439
A2QRJKXTK4JDD8,ns,10-2,10.0,2000.0,5593.089285714285
A2R970Q1Q2A6DJ,prim,10-2,10.0,2000.0,4176.691666658081
A2VIKZ73Y5ABHM,ns,10-2,10.0,2000.0,2235.6704545454545
A2WYZLG8J526TQ,prim,10-2,10.0,2000.0,6853.3
A33X52IN60MSOE,rec,10-2,10.0,2000.0,2130.6124999914323
A348NEQKS6VNIB,rec,10-2,10.0,2000.0,2874.380303036704
A349BBTU7L597J,ns,10-2,10.0,2000.0,3580.429999984801
A3C8JI69WPTKWH,rec,10-2,10.0,2000.0,912.0354166415831
A3CE7DTHIB76UK,ns,10-2,10.0,2000.0,6971.599345215587
A3G55RJTW3BSGM,ns,10-2,10.0,2000.0,1975.405113604484
A3GC5Q5CLI4NWZ,prim,10-2,10.0,2000.0,4163.801136363636
A3J55BJGV95JKH,ns,10-2,10.0,2000.0,3020.9811363550753
A3MJQ51KN9CMQ4,prim,10-2,10.0,2000.0,4476.860795454546
A3MOL1L9V4BUGH,ns,10-2,10.0,2000.0,5195.033124941774
A3NAONPCTVT6P1,ns,10-2,10.0,2000.0,10147.97750001525
A3PJY7THMUIR4M,ns,10-2,10.0,2000.0,3791.296296296296
A3VV3MW68CALXS,prim,10-2,10.0,2000.0,2417.55
A489K1IFOM4JW,prim,10-2,10.0,2000.0,4016.8854166666665
A49HPQ9P5AHU4,ns,10-2,10.0,2000.0,1096.3958333730698
A55MEA9LQASZH,rec,10-2,10.0,2000.0,4264.856041658545
A5P12YJP805RG,ns,10-2,10.0,2000.0,967.1681818058996
A5TWD5QD99GZY,rec,10-2,10.0,2000.0,1023.1291666645558
A63UHNWYOV5LE,ns,10-2,10.0,2000.0,6527.255411255411
AEP8U373W5Q54,prim,10-2,10.0,2000.0,3862.8454219370697
AK2PMO5I7OCEK,prim,10-2,10.0,2000.0,4171.191666666667
AKNU5D6QK7M72,prim,10-2,10.0,2000.0,4924.424829547217
AO5FQ7GY8DTR8,prim,10-2,10.0,2000.0,3638.860000014305
ARIWYNIH12MLF,rec,10-2,10.0,2000.0,4205.940277778957
AS4FVWL91C6HR,prim,10-2,10.0,2000.0,4292.591477236722
AWJKR5GA7BS7V,ns,10-2,10.0,2000.0,5047.918876262626
AZ69TBTDH7AZS,rec,10-2,10.0,2000.0,920.9719696999952
AZ8NNCT4AODDN,prim,10-2,10.0,2000.0,3669.7696428596973
A10JXOU89D5RXR,ns,20-1,20.0,1000.0,1520.2782196917317
A111FTKAAJ5UMC,prim,20-1,20.0,1000.0,5470.807954542983
A11EZAV2HRYKD5,prim,20-1,20.0,1000.0,5027.455050562367
A157L6Z8QU3SDE,rec,20-1,20.0,1000.0,2640.375
A16GIPTDMJAFTK,ns,20-1,20.0,1000.0,4387.841666666667
A17R7WX5B0CKK6,rec,20-1,20.0,1000.0,2726.935902695213
A17WB66BXX4R0J,prim,20-1,20.0,1000.0,7851.473863636364
A19QRXLWV5GKXN,rec,20-1,20.0,1000.0,3804.2465909001007
A1CKIYN01NV9GJ,ns,20-1,20.0,1000.0,1632.4541667153437
A1HLDOM6JTYYI2,prim,20-1,20.0,1000.0,1821.721590909091
A1HR8IRDC07FO9,prim,20-1,20.0,1000.0,5102.601587301588
A1J6CZ176U6GDT,rec,20-1,20.0,1000.0,2202.6100974369974
A1J9VZ372FV2QZ,rec,20-1,20.0,1000.0,5342.140573639374
A1JI19KPIVNL3Y,ns,20-1,20.0,1000.0,4910.268750031168
A1KH9VI2D0V43B,prim,20-1,20.0,1000.0,8311.002922077922
A1LJ4WAEDGELVL,rec,20-1,20.0,1000.0,882.2772728008867
A1OOCYEFLAJD98,ns,20-1,20.0,1000.0,3865.4047348425356
A1OW27AZS122X2,ns,20-1,20.0,1000.0,4312.316136370182
A1R5JNC2LO6X1S,prim,20-1,20.0,1000.0,2520.5608585858586
A1SUTNVLSFPXFK,ns,20-1,20.0,1000.0,4265.208333345254
A1V91Z2CQKMR55,rec,20-1,20.0,1000.0,2405.368560604469
A1YFL5HXPZ7MVV,ns,20-1,20.0,1000.0,3302.2847222478854
A22UMPYYQBXT0F,rec,20-1,20.0,1000.0,1748.3984848497096
A26M997VYVK0E6,prim,20-1,20.0,1000.0,11598.751893939394
A277V4SHQB8JRS,rec,20-1,20.0,1000.0,874.5151515151515
A2E5PV1BHNG67N,ns,20-1,20.0,1000.0,7495.11714298044
A2FQVRBXJZQAWT,prim,20-1,20.0,1000.0,2350.0444444444443
A2GM1ZIBRBHBK7,ns,20-1,20.0,1000.0,3401.2197222674135
A2ONILC0LZKG6Y,rec,20-1,20.0,1000.0,2301.041666666667
A2QX1SJXQN1NV1,prim,20-1,20.0,1000.0,3908.625
A2QY653X9531JP,ns,20-1,20.0,1000.0,3852.556874941455
A2RBF3IIJP15IH,rec,20-1,20.0,1000.0,3479.7914016037275
A2RWLFIP23FZA7,prim,20-1,20.0,1000.0,4851.057954543996
A2SBZCFAVT83GN,rec,20-1,20.0,1000.0,1526.75
A2SQGKP2REXOTN,prim,20-1,20.0,1000.0,3395.838383838384
A2SQTRNQWDLU4F,ns,20-1,20.0,1000.0,3385.8500000000004
A2SWQM5X54P1O5,ns,20-1,20.0,1000.0,2044.8445075575373
A2TG5ESEOPXAHI,prim,20-1,20.0,1000.0,8778.767803045192
A2V6E7SGEU0EFD,ns,20-1,20.0,1000.0,1410.795833337276
A2VXT33Y2TQPOQ,prim,20-1,20.0,1000.0,5022.157954545454
A2XDWB9NVYI3LQ,rec,20-1,20.0,1000.0,3092.4993686868684
A3026HLELYNW7U,rec,20-1,20.0,1000.0,3602.0114267676768
A351P2O6QGTCS,rec,20-1,20.0,1000.0,3442.9191919139234
A39R5EBK7W916X,ns,20-1,20.0,1000.0,8230.370833337307
A3D9PJ37U7LCHE,ns,20-1,20.0,1000.0,6394.1031249442485
A3EVXSWHYA1PTT,rec,20-1,20.0,1000.0,3797.7767045520045
A3GIUDSA1IGTFV,ns,20-1,20.0,1000.0,6992.890740678929
A3HXK0UGS1YDMC,prim,20-1,20.0,1000.0,4986.752954511194
A3ITZNJQUTIZ4C,rec,20-1,20.0,1000.0,9083.04166667008
A3MHP4LZ3V88NF,prim,20-1,20.0,1000.0,7664.595959595959
A3NRIEMOJVVX4A,rec,20-1,20.0,1000.0,2437.838068175784
A3PEV3KN6F7JRG,ns,20-1,20.0,1000.0,10726.459596015193
A3QKOYP52HYRH2,rec,20-1,20.0,1000.0,4221.665773809524
A3RFOODI4G4P4K,rec,20-1,20.0,1000.0,3386.0598485904097
A3RHJEMZ4EGY2U,rec,20-1,20.0,1000.0,2819.7645833305046
A3S76P3L3USWI1,prim,20-1,20.0,1000.0,5700.975396888123
A3USPFFWN1G5PF,rec,20-1,20.0,1000.0,4283.322853535354
A50UY1556VDIA,ns,20-1,20.0,1000.0,4984.432449494949
A7R1OLLU1Z6RA,rec,20-1,20.0,1000.0,960.131060650177
AEJU0MCYOQC77,prim,20-1,20.0,1000.0,6823.925925925926
AHU3EE2Q05E18,prim,20-1,20.0,1000.0,3381.2514790630275
AJD90361AJO80,ns,20-1,20.0,1000.0,7636.469444444445
AK52RXEJKR81A,ns,20-1,20.0,1000.0,4789.398737596744
AMJAZPJBO936R,prim,20-1,20.0,1000.0,3843.6237878307247
AOQZVAH5FSKGE,prim,20-1,20.0,1000.0,8258.052083333334
AQCJI23U1VBYD,prim,20-1,20.0,1000.0,3380.176420523362
AQPFTUIJ0PW2N,prim,20-1,20.0,1000.0,9715.513888888889
AXFCUZ1WQC2WY,ns,20-1,20.0,1000.0,7114.133838383838
AY7M9MOLNXIIK,ns,20-1,20.0,1000.0,4849.377489175503
AZZA3J049G7R5,rec,20-1,20.0,1000.0,2799.3499999995756
A102RSV009OCUW,prim,15-2,15.0,2000.0,5560.537878787879
A11BHGAKU0RIH8,rec,15-2,15.0,2000.0,7123.356666662854
A13GBA16BNTN1A,rec,15-2,15.0,2000.0,3293.3045454545454
A13THDIE8LTQ11,ns,15-2,15.0,2000.0,3358.2867424119
A150QX2OXHGK8P,rec,15-2,15.0,2000.0,4046.6809343434343
A151XA53WYXVD7,prim,15-2,15.0,2000.0,8262.631944444445
A1618RA11ZOD8Y,rec,15-2,15.0,2000.0,4268.939027696848
A19X8IA9EKC3XH,ns,15-2,15.0,2000.0,2214.4418939513125
A1CFMY4CEYOM8Y,rec,15-2,15.0,2000.0,2724.951136363845
A1E0K2VGY2684V,ns,15-2,15.0,2000.0,9212.98365800866
A1NQOR4RQJJDMW,ns,15-2,15.0,2000.0,2277.4062500079554
A1PZIN8H1VI6SY,prim,15-2,15.0,2000.0,2535.6791666067306
A1QRIZY9WJW3R1,prim,15-2,15.0,2000.0,4493.346022727273
A1QXJZFA5NVGM3,prim,15-2,15.0,2000.0,4032.4555555555557
A1ROEDVMTO9Y3X,ns,15-2,15.0,2000.0,7545.776287879637
A1SCF3L6LTFQHF,prim,15-2,15.0,2000.0,4653.042777764134
A1T7EB1WEDCMXV,ns,15-2,15.0,2000.0,2435.6114583335743
A1TR2AOKWGQ78A,ns,15-2,15.0,2000.0,5249.469696969697
A1UOP419O6P55R,prim,15-2,15.0,2000.0,1930.2138888888887
A1WM3INNDW2776,ns,15-2,15.0,2000.0,4119.806818181818
A1Z82Y9E6YWY80,ns,15-2,15.0,2000.0,5910.226388934586
A2113B699TVADG,prim,15-2,15.0,2000.0,4178.791666666667
A219SZBLCCCXN9,prim,15-2,15.0,2000.0,5967.405018997915
A22GYYJXTS5KBH,ns,15-2,15.0,2000.0,1648.4696296282389
A22Y78RVB8UFTD,ns,15-2,15.0,2000.0,1851.1681818257678
A233LLG8YAXWF,rec,15-2,15.0,2000.0,2258.3791666658753
A24GX1OZE6AY04,ns,15-2,15.0,2000.0,954.0513257577447
A26MT7KJ7NJLRN,ns,15-2,15.0,2000.0,1690.6620833069085
A26T0U2Y6LZOF3,rec,15-2,15.0,2000.0,3520.1666666666665
A29J4LL0MQL3AC,prim,15-2,15.0,2000.0,10295.039141386485
A2G4R0GS677RC2,rec,15-2,15.0,2000.0,8309.166666666666
A2IV3SSVTU90BN,ns,15-2,15.0,2000.0,4644.801250026623
A2KZN3UH5NGC9,rec,15-2,15.0,2000.0,4287.050000028177
A2MBFIAGBPU5NG,prim,15-2,15.0,2000.0,2146.326542207792
A2O86E23R5T4YO,prim,15-2,15.0,2000.0,5450.610170425407
A2PTABUVOUYAH5,ns,15-2,15.0,2000.0,2438.101136394466
A2R75YFKVALBXE,rec,15-2,15.0,2000.0,5230.991666689515
A2RU1Q3C9VHBAO,prim,15-2,15.0,2000.0,15367.384469696968
A2RVG8Y97DE0GM,prim,15-2,15.0,2000.0,8636.954924222584
A2UJ9GDNVPX99C,prim,15-2,15.0,2000.0,2662.9791666666665
A2UYZFH5VT5R3H,rec,15-2,15.0,2000.0,5430.249999992549
A2Y8LZS5C81O25,prim,15-2,15.0,2000.0,3458.1499999999996
A30NL5N71G2YAU,ns,15-2,15.0,2000.0,3405.099652926127
A310Y949ILSN3P,prim,15-2,15.0,2000.0,3863.764087301587
A31P78W9ZCQXCS,ns,15-2,15.0,2000.0,5974.127777777778
A347RDI3HZOUCY,prim,15-2,15.0,2000.0,3035.663636363636
A34HQHGLIW1FYS,ns,15-2,15.0,2000.0,6231.478611129315
A34IPEKX5WXJIN,prim,15-2,15.0,2000.0,13400.000505050504
A34YNEN8UUI3CD,ns,15-2,15.0,2000.0,1596.9804924322207
A35VI4SE31HD17,prim,15-2,15.0,2000.0,5641.731597233176
A36S0DI86PL4J6,prim,15-2,15.0,2000.0,2520.652777777778
A384KX8MUIJSTJ,ns,15-2,15.0,2000.0,5859.843001323861
A38DHLB88V8DL8,rec,15-2,15.0,2000.0,2241.5380681667366
A3AWQ3AACIPXM2,ns,15-2,15.0,2000.0,3559.666666666667
A3BA2WMGN6KHUU,ns,15-2,15.0,2000.0,8751.580113591694
A3BN69Q9D7RQGR,ns,15-2,15.0,2000.0,2655.0625
A3C25IBTLB60RQ,prim,15-2,15.0,2000.0,3803.9958335955935
A3FOKP72T5I4FR,ns,15-2,15.0,2000.0,1867.4022728006046
A3HBB9JT9WVZS4,ns,15-2,15.0,2000.0,5193.871319447458
A3HOPYBWSR1TWR,prim,15-2,15.0,2000.0,3559.1979166666665
A3IBDJ12CRTQQN,prim,15-2,15.0,2000.0,5500.066666666667
A3IHTJXHWPQ2JR,rec,15-2,15.0,2000.0,4663.86590909091
A3MWLHSW9B9RHU,prim,15-2,15.0,2000.0,6255.181696444218
A3ORKXM3WG8QJ9,prim,15-2,15.0,2000.0,5165.404040404041
A3P52W1SBJUT5N,ns,15-2,15.0,2000.0,4668.378472222223
A3U27ZHUGOPIAN,prim,15-2,15.0,2000.0,5318.229166666667
A3UA50A6GKNAMR,prim,15-2,15.0,2000.0,3108.1659090909093
A3UE8ANAIM7F15,ns,15-2,15.0,2000.0,5155.762847163611
A3UGB3B1S74HR9,prim,15-2,15.0,2000.0,6452.072886939276
A3UUW04QL49RSC,prim,15-2,15.0,2000.0,5202.082954545454
A6HDSE80LQPR8,rec,15-2,15.0,2000.0,1614.6583333333333
AAOOH6P4HHSCS,prim,15-2,15.0,2000.0,5168.025833325584
ADGJXUEMPLTMS,prim,15-2,15.0,2000.0,3617.0902275376247
AEF1G6YE8RIB8,prim,15-2,15.0,2000.0,4007.1979166112014
AERGHZBQFT309,ns,15-2,15.0,2000.0,1533.0844697049733
AESZJEZTZEW01,ns,15-2,15.0,2000.0,4942.952499976755
AEX1I7K7OVHHC,rec,15-2,15.0,2000.0,5051.466666666667
AEXRVIK8SKB4V,prim,15-2,15.0,2000.0,3947.934920560362
AF0W4ZBY7VXOU,rec,15-2,15.0,2000.0,2590.635416666667
AFZGUWYLC0NG0,ns,15-2,15.0,2000.0,6843.970093822841
AGANKP4PUZ4NC,prim,15-2,15.0,2000.0,5895.459166712562
AHY3YAYJLTW32,rec,15-2,15.0,2000.0,1919.5625
AL9SYQEUTNJXT,prim,15-2,15.0,2000.0,2941.1882241648577
ALDQRWYZ8KQ9A,rec,15-2,15.0,2000.0,2582.918749999798
AM65LGXJBTJ0I,ns,15-2,15.0,2000.0,1545.9626893798509
AOIR8V07FYMH5,rec,15-2,15.0,2000.0,1626.8595833240697
AR0VJ5XRG16UJ,rec,15-2,15.0,2000.0,7305.5125
AU5UJIZ3TLI5M,rec,15-2,15.0,2000.0,2742.5232954549683
AW2UVK63OLFW,ns,15-2,15.0,2000.0,6013.105101024142
AW5O1RK3W60FC,rec,15-2,15.0,2000.0,2804.6513257525635
AWRY5SC68T0DC,prim,15-2,15.0,2000.0,8778.84668109668
AWTCGY2CL1T68,prim,15-2,15.0,2000.0,3189.10625
AXSBX0MCQNG3A,prim,15-2,15.0,2000.0,3130.916666666667
A14WLAP6TCEKO0,rec,30-1,30.0,1000.0,3119.529356072685
A15V9BXNJXZXZX,ns,30-1,30.0,1000.0,6218.213510100758
A16335MOISDG1F,rec,30-1,30.0,1000.0,2066.0624999997526
A17FJLW818UEQU,rec,30-1,30.0,1000.0,2230.881313131313
A186PT9ZLO5EJD,prim,30-1,30.0,1000.0,7772.334999999963
A1AS1H21O9896X,ns,30-1,30.0,1000.0,6210.587698432868
A1AYTKAQT201ZV,prim,30-1,30.0,1000.0,2846.9571428571426
A1EII5EWOTBDK9,rec,30-1,30.0,1000.0,4388.891161616162
A1F9KLZGHE9DTA,rec,30-1,30.0,1000.0,2358.305871210569
A1IGKJ200N82S9,rec,30-1,30.0,1000.0,3481.798106060606
A1KGUJMWDCPSYG,rec,30-1,30.0,1000.0,1756.2196428571428
A1M1E62KXCDNL0,ns,30-1,30.0,1000.0,8053.832638932496
A1MG8KNVSVZ365,prim,30-1,30.0,1000.0,5313.613492063492
A1MKEILXWWLBW2,rec,30-1,30.0,1000.0,2001.5145833337165
A1O67YS3DU0ZHX,rec,30-1,30.0,1000.0,1712.032196969697
A1Q0G8JA5EZ8EI,rec,30-1,30.0,1000.0,7558.046590962193
A1SLJKNSNHOJRN,rec,30-1,30.0,1000.0,2453.320833329422
A1T2P6E67251U5,prim,30-1,30.0,1000.0,6587.375277857708
A1U4WS9KJMADV,rec,30-1,30.0,1000.0,5602.832954692909
A1X4T3QSIE8YYX,prim,30-1,30.0,1000.0,6010.083333333334
A225J5T6WHO2MG,prim,30-1,30.0,1000.0,4905.832954545454
A23KDD6OPM4NJ0,prim,30-1,30.0,1000.0,5640.046726149816
A25Y3D2Y2DR8WM,prim,30-1,30.0,1000.0,5191.981818181818
A26XKTGGGYBI4J,prim,30-1,30.0,1000.0,7753.5847763347765
A28OD52SMLYQ16,rec,30-1,30.0,1000.0,3945.65
A28TA25NJGLL3Y,prim,30-1,30.0,1000.0,9234.122023809523
A28ZPY6D5AS7GZ,ns,30-1,30.0,1000.0,1561.654040406712
A2ASRB2MTHDHPD,prim,30-1,30.0,1000.0,6483.258787866285
A2BUHMLNE3LUU0,ns,30-1,30.0,1000.0,4990.15426136538
A2E2SLXF4KQ3S1,prim,30-1,30.0,1000.0,4969.821818358248
A2FJIZUHR6E4EZ,prim,30-1,30.0,1000.0,3961.096574664271
A2G2T6EMXAOKMS,rec,30-1,30.0,1000.0,1255.6083333489175
A2GRA6N98ZPIQ1,prim,30-1,30.0,1000.0,7601.734848484848
A2IKLJWU2OJ1YX,prim,30-1,30.0,1000.0,12320.73611111641
A2K5AXCSY703CU,ns,30-1,30.0,1000.0,4013.777777777778
A2MV1R6YYOIO30,prim,30-1,30.0,1000.0,6481.152020296063
A2NU82V08QSPCC,prim,30-1,30.0,1000.0,3871.102777745988
A2NY0VWEWDULC6,rec,30-1,30.0,1000.0,2617.930303020233
A2OFVEA8BEJDZN,ns,30-1,30.0,1000.0,8874.238888853126
A2P83PY6P7ECM5,ns,30-1,30.0,1000.0,5411.38571432765
A2PUL3ZDXOW0VZ,rec,30-1,30.0,1000.0,4477.0880681351955
A2ROI30AQITC3V,ns,30-1,30.0,1000.0,4971.222979658782
A2VZN8J53Y5WYR,prim,30-1,30.0,1000.0,3664.546190496002
A2XMRJKCNKLL4E,ns,30-1,30.0,1000.0,6499.5813888269995
A2Y0VM8BAF0RMT,ns,30-1,30.0,1000.0,4217.450757575758
A2ZGAH6NOSU2PO,rec,30-1,30.0,1000.0,5291.924999972184
A30DHHAL100LZR,ns,30-1,30.0,1000.0,2393.25
A31SZFE8M7YK0S,ns,30-1,30.0,1000.0,6418.751851851852
A34DYM8J0X5VK,rec,30-1,30.0,1000.0,1340.328598494218
A36IB78C6MVA3,prim,30-1,30.0,1000.0,7675.785714285714
A389Y151TAJ4XG,ns,30-1,30.0,1000.0,7940.123263870676
A3AY0315YWWNXY,rec,30-1,30.0,1000.0,2691.4545454581576
A3EUH97BRHRSI6,rec,30-1,30.0,1000.0,5473.291666666667
A3I97794CB5SUO,rec,30-1,30.0,1000.0,1287.5825757575758
A3RVHUY67SVXQV,ns,30-1,30.0,1000.0,3794.286174259064
A3TX84QHD321M7,prim,30-1,30.0,1000.0,5136.915674603174
A3UCN8EJI08X2P,ns,30-1,30.0,1000.0,5711.590277777777
A3UQ5DF8VVD975,rec,30-1,30.0,1000.0,3238.812878872409
A3V71NT2X4HD1I,prim,30-1,30.0,1000.0,6291.354166666666
A51TGVVYJF7T0,prim,30-1,30.0,1000.0,6087.111111111111
A7USTT4KU1ZBO,ns,30-1,30.0,1000.0,5542.42894569695
AB5WBMZGLX57B,ns,30-1,30.0,1000.0,5325.301388888889
ACBROX4H8BSW3,rec,30-1,30.0,1000.0,5129.735833337096
ADJ9I7ZBFYFH7,rec,30-1,30.0,1000.0,1447.9208333964148
AGILQEFEPEK7N,ns,30-1,30.0,1000.0,2313.0570075544106
AH7HACNNRSIPO,ns,30-1,30.0,1000.0,2808.059090880959
AIDU49N2KO05N,ns,30-1,30.0,1000.0,5398.940624957227
AJUVX0E4OPTAO,prim,30-1,30.0,1000.0,3764.216765873016
AK3GAHRZ6M6WM,rec,30-1,30.0,1000.0,3714.0861111250188
AKE4AYF86KJVU,rec,30-1,30.0,1000.0,2215.2466666567507
AKNBC1TE88NDO,rec,30-1,30.0,1000.0,2963.1937500346367
AKX4H8RT7BL7H,rec,30-1,30.0,1000.0,1552.6972222692436
AOYDGVOZUIHII,prim,30-1,30.0,1000.0,9975.30721587664
AP4B1GJIT3HYF,ns,30-1,30.0,1000.0,5896.87398989899
AXFH1DT8PR0K2,prim,30-1,30.0,1000.0,4468.24277777142
AXFP50XOZD2NI,rec,30-1,30.0,1000.0,4535.767676767677
A12LX24NC3FP2U,ns,20-2,20.0,2000.0,4496.051666661269
A161VPQSXLLV8U,ns,20-2,20.0,2000.0,5237.63472222682
A166P9BSWIFF32,prim,20-2,20.0,2000.0,5803.55
A17IPELR5NC2LZ,prim,20-2,20.0,2000.0,4894.641654641655
A17TMQWTCJVOV5,rec,20-2,20.0,2000.0,3990.9583333333335
A1CB9NR3SN4VMY,prim,20-2,20.0,2000.0,3292.098409090911
A1FM638CHGPC1M,ns,20-2,20.0,2000.0,4139.7325757556955
A1HENLDLQEO5BZ,prim,20-2,20.0,2000.0,3605.436111107017
A1J39RAV7TKEMF,ns,20-2,20.0,2000.0,8884.861994946003
A1JL3HCA0MK9UI,prim,20-2,20.0,2000.0,3088.520922602926
A1L5A88C9PPK5L,prim,20-2,20.0,2000.0,7220.166666666667
A1LA6CIGBNDOH9,rec,20-2,20.0,2000.0,969.43333333331
A1MD74JPL7E9PK,prim,20-2,20.0,2000.0,7355.7164140735
A1O0K8V58YRL4A,ns,20-2,20.0,2000.0,4613.527777777777
A1PTX4IB9R34LI,rec,20-2,20.0,2000.0,2569.6685606060605
A1S2EXYEG5I8HW,rec,20-2,20.0,2000.0,1667.25
A1SJLXB0XFCJ97,prim,20-2,20.0,2000.0,3464.4081655931604
A1TPGXT718D68E,rec,20-2,20.0,2000.0,2638.8724999943433
A1TVWMWE03AWAW,rec,20-2,20.0,2000.0,4320.805555555556
A1VEOI1H4AE1T3,prim,20-2,20.0,2000.0,2231.535416664121
A1WT2CM71Z9MP3,prim,20-2,20.0,2000.0,4616.722222222223
A20YXCVKHSTSPC,prim,20-2,20.0,2000.0,2293.875
A2147HO7VBGJCU,prim,20-2,20.0,2000.0,4151.685714285714
A248QG4DPULP46,ns,20-2,20.0,2000.0,1579.8975000133116
A25S9Y5DZ9OR16,prim,20-2,20.0,2000.0,2720.25
A25VK411P03A5T,rec,20-2,20.0,2000.0,3013.49071969697
A289D98Z4GAZ28,prim,20-2,20.0,2000.0,3704.846780302172
A2BTEQA95MCIHU,prim,20-2,20.0,2000.0,5202.234374980132
A2E8PL8ZWIZVJ0,prim,20-2,20.0,2000.0,4222.079166717
A2I6HVUDBTGD1,prim,20-2,20.0,2000.0,5775.6158333218755
A2KHR0GTA0DBWI,rec,20-2,20.0,2000.0,4741.295454545454
A2KT30RCVX67ZS,prim,20-2,20.0,2000.0,4115.6183333137915
A2MMGDAA7JJKIE,prim,20-2,20.0,2000.0,5886.506984086263
A2MOKIEQZ0OF2M,prim,20-2,20.0,2000.0,2990.5385858581008
A2NZ783AY1LBPW,prim,20-2,20.0,2000.0,4645.9773484843645
A2NZAL7KHOR6VF,rec,20-2,20.0,2000.0,1018.5320075816251
A2OOS7IXSKJFFI,ns,20-2,20.0,2000.0,4106.544444216623
A2P2YEHX1FXD20,rec,20-2,20.0,2000.0,2598.4142857142856
A2QHI85LQPJZYP,prim,20-2,20.0,2000.0,4732.601190476191
A2SSY7MHPDQVUS,prim,20-2,20.0,2000.0,2444.251666688919
A2UX2W49R55PH4,prim,20-2,20.0,2000.0,6210.0021825396825
A2VIKCIM9TZL22,rec,20-2,20.0,2000.0,786.9161616632282
A2XGHLVP2C1FVA,ns,20-2,20.0,2000.0,5955.737575730004
A2XVLOZY7FJCC2,rec,20-2,20.0,2000.0,4667.955505954604
A2ZVBFH732LYXQ,prim,20-2,20.0,2000.0,6905.956944443803
A304UJAE051J89,rec,20-2,20.0,2000.0,3588.862689400261
A312HQ3OU0EYTB,rec,20-2,20.0,2000.0,2331.3661616161617
A35S8HPY0V445,ns,20-2,20.0,2000.0,4953.3209280032725
A37GOI3N77WX21,ns,20-2,20.0,2000.0,5315.214583335638
A389UA2GRCJ6,prim,20-2,20.0,2000.0,3189.614583333333
A3A7XOKH39SYOI,prim,20-2,20.0,2000.0,4515.875198517527
A3B0CMCBWAND7,rec,20-2,20.0,2000.0,1810.3233332974498
A3C4WGE4SOGM1,ns,20-2,20.0,2000.0,5496.360100881017
A3CKVVGWBS4NGU,prim,20-2,20.0,2000.0,6042.696309623548
A3GDVKIN7ZGUG9,rec,20-2,20.0,2000.0,2532.3650793650795
A3HE29W5IDR394,rec,20-2,20.0,2000.0,1699.2484848484848
A3I1SGVY37KR4A,ns,20-2,20.0,2000.0,10270.407407407407
A3J5HRXH4F64SP,ns,20-2,20.0,2000.0,3769.9507575757575
A3LVLZS8S41ZD7,rec,20-2,20.0,2000.0,2346.3314393939395
A3LXARU55PR281,ns,20-2,20.0,2000.0,4361.269444444444
A3TR3KIRG5PCZ8,prim,20-2,20.0,2000.0,4753.178787878787
A3U2A632YWEX7B,prim,20-2,20.0,2000.0,2725.4525006294252
A3U69MNO1JC7V4,rec,20-2,20.0,2000.0,4260.735606060606
A3UMHUWJKRGKNR,rec,20-2,20.0,2000.0,3862.4385416306554
A3VW5PI9ZX9DOD,ns,20-2,20.0,2000.0,5960.041666730245
A4HWADFPGP45G,ns,20-2,20.0,2000.0,4653.976363606267
AFRKVRPZ2RHY8,rec,20-2,20.0,2000.0,1676.9791666368644
AHZCC2V399WUN,ns,20-2,20.0,2000.0,4516.280416721738
AJABAPM32ETMN,rec,20-2,20.0,2000.0,4067.383333333333
AK1EF4NACR1UJ,prim,20-2,20.0,2000.0,5789.138571468421
AKIT35WR8HEQ3,prim,20-2,20.0,2000.0,6663.886527757047
AP9WIQ4P78XLH,rec,20-2,20.0,2000.0,1033.1479166690258
AR9AU5FY1S3RO,rec,20-2,20.0,2000.0,1543.3583333417773
AXCDKBG1R43GE,ns,20-2,20.0,2000.0,8708.788409086177
A102WSFN62OS6I,ns,40-1,40.0,1000.0,6454.233333333334
A13WTEQ06V3B6D,rec,40-1,40.0,1000.0,2462.0840909299864
A178HXQENEAI65,rec,40-1,40.0,1000.0,3263.1562500346035
A1BLHM2IDH7DH4,prim,40-1,40.0,1000.0,3832.806818181818
A1DJB12ZI46GPX,prim,40-1,40.0,1000.0,3895.414682539683
A1DZMZTXWOM9MR,rec,40-1,40.0,1000.0,2269.3210227273576
A1EU59VMI8GL4K,rec,40-1,40.0,1000.0,4634.471590909091
A1F0VEHWK3IAF4,ns,40-1,40.0,1000.0,5203.627827395759
A1HGWCCIWP7AO0,ns,40-1,40.0,1000.0,12149.595454985445
A1IL5P5H5VRW0D,prim,40-1,40.0,1000.0,6002.642708347843
A1J5OW12TRQSOW,ns,40-1,40.0,1000.0,4784.138888869435
A1KCSGTT6Y26LH,prim,40-1,40.0,1000.0,11173.923484848485
A1RQ8PX7A0CH3C,rec,40-1,40.0,1000.0,2372.277777777778
A1RY1N37JYUHBU,prim,40-1,40.0,1000.0,5541.498888903195
A1S54RQW9FDK0X,ns,40-1,40.0,1000.0,6347.909090909091
A1TG34GJ1WTN0C,prim,40-1,40.0,1000.0,8209.246249929567
A1UH6A625GF5MD,prim,40-1,40.0,1000.0,5161.216414141414
A1VHK9OFD7H8ZH,rec,40-1,40.0,1000.0,5135.318560606061
A1ZLLYRW6GIVC7,rec,40-1,40.0,1000.0,1378.787424243888
A20GJP9C5KC2ZU,ns,40-1,40.0,1000.0,6646.059722340771
A23W5HVE02LM0E,prim,40-1,40.0,1000.0,6045.899603148774
A2541C8MY0BYV3,rec,40-1,40.0,1000.0,2704.3992424216685
A271830PNYAI2G,rec,40-1,40.0,1000.0,4576.583333333441
A29JQ7VMQ1HKYP,ns,40-1,40.0,1000.0,5885.058295424982
A2GUPBBFPPSXYR,prim,40-1,40.0,1000.0,8536.719696969696
A2HRUFTA09371Y,rec,40-1,40.0,1000.0,1965.600505520599
A2IK3H6MQ1QV6E,rec,40-1,40.0,1000.0,5335.320454541481
A2L7RTYO4UMYDH,ns,40-1,40.0,1000.0,7931.231818181818
A2LI1OIR4BVJRW,prim,40-1,40.0,1000.0,4037.786401601271
A2NEFRREWF33YP,rec,40-1,40.0,1000.0,1215.2500000018238
A2P8V5SKYLL5I4,rec,40-1,40.0,1000.0,2724.5795454423537
A2PSU15S8ZI3V5,prim,40-1,40.0,1000.0,5594.3297349223585
A2QUSCZS3RXGXE,ns,40-1,40.0,1000.0,1940.2434470306741
A2TUYGXQ15U6GO,prim,40-1,40.0,1000.0,2780.952380952381
A2UEVNT8VQD1SA,ns,40-1,40.0,1000.0,4364.891136360646
A2VR9O234UCT9T,rec,40-1,40.0,1000.0,1826.9916666671197
A2WCPERU8X385N,prim,40-1,40.0,1000.0,4099.650000050238
A33GZS6SU4O20M,ns,40-1,40.0,1000.0,2997.1430555555557
A38I0E8UK53ME5,rec,40-1,40.0,1000.0,1548.5055555555555
A3BZH91MITQA5X,ns,40-1,40.0,1000.0,5871.955151477305
A3NX66U9RAY2GQ,prim,40-1,40.0,1000.0,5471.578571428571
A3O40YLW6MYU8C,prim,40-1,40.0,1000.0,3322.380357142857
A3S2AUQWI7XWT4,prim,40-1,40.0,1000.0,11155.311011904761
A3SA9LY6RXKFOI,prim,40-1,40.0,1000.0,4391.436507936508
A3SLT6KVF0NXPH,prim,40-1,40.0,1000.0,6069.810227272727
A3TNSJSXI464IT,ns,40-1,40.0,1000.0,3370.3000000053084
A3TUJBPLJGTI5,rec,40-1,40.0,1000.0,2113.5958333333333
A3VL1CBZ3BGQK7,ns,40-1,40.0,1000.0,2211.7924242572803
A47VA451RDBV3,prim,40-1,40.0,1000.0,9349.161022769456
A92KVBM20ZTU4,rec,40-1,40.0,1000.0,4356.890909095756
AAF1SJ9FCBF75,rec,40-1,40.0,1000.0,1848.276515151515
AAVFHZA708CSP,ns,40-1,40.0,1000.0,3897.227083333333
ADL9KYXZGHUFO,ns,40-1,40.0,1000.0,11172.672222222222
AFLRBB974KS6D,ns,40-1,40.0,1000.0,2576.962670528889
AGB6853RIDWJ8,ns,40-1,40.0,1000.0,4359.005833432966
AGLFNO1XKM8O8,rec,40-1,40.0,1000.0,5349.437121191692
AH2C0LKV36ATT,prim,40-1,40.0,1000.0,6929.881818181819
AKJN72HW14WTR,rec,40-1,40.0,1000.0,2109.159090909091
AMIQGW2E3WYO4,rec,40-1,40.0,1000.0,2700.3386363636364
ANCTZADQC3D75,ns,40-1,40.0,1000.0,4203.90625
AOQKJGXZ8QQD0,prim,40-1,40.0,1000.0,7602.952777761848
AP3BTOBN8Y9EJ,rec,40-1,40.0,1000.0,4111.949356084611
AQSYWZJVVMCGJ,prim,40-1,40.0,1000.0,5713.33446969697
AR1IWBDA7MC86,rec,40-1,40.0,1000.0,1810.422916692371
AR3MFFPQ39IXF,rec,40-1,40.0,1000.0,3812.5772727252856
ARL0T0MU9A65G,prim,40-1,40.0,1000.0,5224.763888888889
ASVRLMDNQBUD9,rec,40-1,40.0,1000.0,2165.447348517902
ATRRW34VN38IX,rec,40-1,40.0,1000.0,8483.979091059078
AVSVIOR38JDM6,prim,40-1,40.0,1000.0,5354.137386395444
AW0MG225VXWCN,rec,40-1,40.0,1000.0,1535.9145832806826
AW4PTI9P13WUB,prim,40-1,40.0,1000.0,3426.2024997100234
AXFCUZW85XUK1,ns,40-1,40.0,1000.0,8318.346974193179
AYF9WH3AQIT86,prim,40-1,40.0,1000.0,4902.399419201482
