subject,strategy,condition,l_length,pres_rate,scl
A10HW8JXM17XLD,rec,10-2,10.0,2000.0,0.5894965277777777
A12K1ADYMRSWMJ,prim,10-2,10.0,2000.0,0.4886314892118463
A14E4ISXVJVY6F,prim,10-2,10.0,2000.0,0.4724963683390022
A169XTOCOMO1MV,ns,10-2,10.0,2000.0,0.5202863205467372
A18NXRDHQ0ZSOY,ns,10-2,10.0,2000.0,0.5090364100185529
A1969Q0R4Y0E3J,rec,10-2,10.0,2000.0,0.5232936507936508
A1AKL5YH9NLD2V,ns,10-2,10.0,2000.0,0.515106499196901
A1ARWNTZHGFG8Y,prim,10-2,10.0,2000.0,0.5130285243306076
A1F0R1MSPTXHHV,ns,10-2,10.0,2000.0,0.5037759146166885
A1GRPIBHW72HDU,rec,10-2,10.0,2000.0,0.4875011515022676
A1I9RLJQ0BYN21,prim,10-2,10.0,2000.0,0.46019179894179896
A1NG504QI5LI62,prim,10-2,10.0,2000.0,0.5291066113945578
A1NQ2A0UDW719R,prim,10-2,10.0,2000.0,0.5519861347316705
A1P00XZZG7EEEM,prim,10-2,10.0,2000.0,0.5360438712522045
A1RFDB2WUV7QRO,ns,10-2,10.0,2000.0,0.6270767195767196
A1V2H0UF94ATWY,ns,10-2,10.0,2000.0,0.5201771246693122
A1W7T8V97ZPUH0,ns,10-2,10.0,2000.0,0.5065760141809249
A1WJIRT360P5VB,rec,10-2,10.0,2000.0,0.5392648100907029
A1WPGNK8Y65BV3,ns,10-2,10.0,2000.0,0.5215841074434825
A1XMGLCK09Z0DW,ns,10-2,10.0,2000.0,0.5267268749355803
A1YA2FCN3KEK36,prim,10-2,10.0,2000.0,0.502391758786848
A20GD3EBBTBYY2,rec,10-2,10.0,2000.0,0.4831522656411049
A24BRTWG07T53Z,prim,10-2,10.0,2000.0,0.5322044477513227
A27QXQ22F9ODSP,prim,10-2,10.0,2000.0,0.5218020071033465
A27T2Z568L69U1,prim,10-2,10.0,2000.0,0.5100951371710299
A282UM3NAIM0YO,ns,10-2,10.0,2000.0,0.5252480963976499
A2BREH6STESM0G,rec,10-2,10.0,2000.0,0.5806300354737854
A2FLBMZ38IZ2SQ,prim,10-2,10.0,2000.0,0.48399822255291003
A2FM1N5AOMVTGL,prim,10-2,10.0,2000.0,0.477433170995671
A2FYFCD16Z3PCC,rec,10-2,10.0,2000.0,0.507501033399471
A2H8PEGI28NKZD,ns,10-2,10.0,2000.0,0.5387599501606198
A2I6ZALE49CVSC,prim,10-2,10.0,2000.0,0.4917522911942555
A2KPEUCEE2M05G,prim,10-2,10.0,2000.0,0.4985114323507181
A2LJ1FRUYGW469,ns,10-2,10.0,2000.0,0.4937271471088435
A2M183CETUMR96,rec,10-2,10.0,2000.0,0.5098792694160997
A2MUOD1JHWJ735,ns,10-2,10.0,2000.0,0.5456536399281935
A2NXMRPHG86N2T,ns,10-2,10.0,2000.0,0.5189236701625095
A2PQDK3MLDFXYM,rec,10-2,10.0,2000.0,0.5268513499149658
A2QRJKXTK4JDD8,ns,10-2,10.0,2000.0,0.5564087736420326
A2R970Q1Q2A6DJ,prim,10-2,10.0,2000.0,0.4333626067219817
A2VIKZ73Y5ABHM,ns,10-2,10.0,2000.0,0.5156260924508692
A2WYZLG8J526TQ,prim,10-2,10.0,2000.0,0.501153155706727
A33X52IN60MSOE,rec,10-2,10.0,2000.0,0.48889810090702945
A348NEQKS6VNIB,rec,10-2,10.0,2000.0,0.5232962490551776
A349BBTU7L597J,ns,10-2,10.0,2000.0,0.5412407092466616
A3C8JI69WPTKWH,rec,10-2,10.0,2000.0,0.5497441598167045
A3CE7DTHIB76UK,ns,10-2,10.0,2000.0,0.5032418154761905
A3G55RJTW3BSGM,ns,10-2,10.0,2000.0,0.5395878802910052
A3GC5Q5CLI4NWZ,prim,10-2,10.0,2000.0,0.5336670918367347
A3J55BJGV95JKH,ns,10-2,10.0,2000.0,0.4742580191798942
A3MJQ51KN9CMQ4,prim,10-2,10.0,2000.0,0.5660318507137704
A3MOL1L9V4BUGH,ns,10-2,10.0,2000.0,0.5544042313368951
A3NAONPCTVT6P1,ns,10-2,10.0,2000.0,0.5143330439814815
A3PJY7THMUIR4M,ns,10-2,10.0,2000.0,0.534404368228773
A3VV3MW68CALXS,prim,10-2,10.0,2000.0,0.5079046040764791
A489K1IFOM4JW,prim,10-2,10.0,2000.0,0.5077511751228269
A49HPQ9P5AHU4,ns,10-2,10.0,2000.0,0.5201433177437642
A55MEA9LQASZH,rec,10-2,10.0,2000.0,0.5182174326169862
A5P12YJP805RG,ns,10-2,10.0,2000.0,0.5251694775132275
A5TWD5QD99GZY,rec,10-2,10.0,2000.0,0.5387114394368859
A63UHNWYOV5LE,ns,10-2,10.0,2000.0,0.47863536155202824
AEP8U373W5Q54,prim,10-2,10.0,2000.0,0.5439105017006803
AK2PMO5I7OCEK,prim,10-2,10.0,2000.0,0.4706391841458806
AKNU5D6QK7M72,prim,10-2,10.0,2000.0,0.5614030585403353
AO5FQ7GY8DTR8,prim,10-2,10.0,2000.0,0.4604563492063492
ARIWYNIH12MLF,rec,10-2,10.0,2000.0,0.5023724962207106
AS4FVWL91C6HR,prim,10-2,10.0,2000.0,0.5436045403009688
AWJKR5GA7BS7V,ns,10-2,10.0,2000.0,0.4888738200456951
AZ69TBTDH7AZS,rec,10-2,10.0,2000.0,0.5330446900982615
AZ8NNCT4AODDN,prim,10-2,10.0,2000.0,0.47760003306878307
A10JXOU89D5RXR,ns,20-1,20.0,1000.0,0.548128070132239
A111FTKAAJ5UMC,prim,20-1,20.0,1000.0,0.49595939618523693
A11EZAV2HRYKD5,prim,20-1,20.0,1000.0,0.5117462295232049
A157L6Z8QU3SDE,rec,20-1,20.0,1000.0,0.5280744615065621
A16GIPTDMJAFTK,ns,20-1,20.0,1000.0,0.5014972535373847
A17R7WX5B0CKK6,rec,20-1,20.0,1000.0,0.5180897712045685
A17WB66BXX4R0J,prim,20-1,20.0,1000.0,0.5078747474799762
A19QRXLWV5GKXN,rec,20-1,20.0,1000.0,0.4842339224037841
A1CKIYN01NV9GJ,ns,20-1,20.0,1000.0,0.5706811094678743
A1HLDOM6JTYYI2,prim,20-1,20.0,1000.0,0.4830320041209579
A1HR8IRDC07FO9,prim,20-1,20.0,1000.0,0.5227637599472927
A1J6CZ176U6GDT,rec,20-1,20.0,1000.0,0.4962811799519994
A1J9VZ372FV2QZ,rec,20-1,20.0,1000.0,0.5083903187891701
A1JI19KPIVNL3Y,ns,20-1,20.0,1000.0,0.5489408617386996
A1KH9VI2D0V43B,prim,20-1,20.0,1000.0,0.4735806739336827
A1LJ4WAEDGELVL,rec,20-1,20.0,1000.0,0.6043355341521482
A1OOCYEFLAJD98,ns,20-1,20.0,1000.0,0.5343892318931229
A1OW27AZS122X2,ns,20-1,20.0,1000.0,0.5058881063392399
A1R5JNC2LO6X1S,prim,20-1,20.0,1000.0,0.5038574008423146
A1SUTNVLSFPXFK,ns,20-1,20.0,1000.0,0.5135423788803818
A1V91Z2CQKMR55,rec,20-1,20.0,1000.0,0.5272805193367168
A1YFL5HXPZ7MVV,ns,20-1,20.0,1000.0,0.5614316572109559
A22UMPYYQBXT0F,rec,20-1,20.0,1000.0,0.4889767479615789
A26M997VYVK0E6,prim,20-1,20.0,1000.0,0.5007004438194957
A277V4SHQB8JRS,rec,20-1,20.0,1000.0,0.5242584524564782
A2E5PV1BHNG67N,ns,20-1,20.0,1000.0,0.5696029837650549
A2FQVRBXJZQAWT,prim,20-1,20.0,1000.0,0.47316301458163224
A2GM1ZIBRBHBK7,ns,20-1,20.0,1000.0,0.5164257442534717
A2ONILC0LZKG6Y,rec,20-1,20.0,1000.0,0.5745341959298604
A2QX1SJXQN1NV1,prim,20-1,20.0,1000.0,0.5138109259340877
A2QY653X9531JP,ns,20-1,20.0,1000.0,0.4610183973789186
A2RBF3IIJP15IH,rec,20-1,20.0,1000.0,0.4896888690928651
A2RWLFIP23FZA7,prim,20-1,20.0,1000.0,0.5053002098121855
A2SBZCFAVT83GN,rec,20-1,20.0,1000.0,0.5166066043123846
A2SQGKP2REXOTN,prim,20-1,20.0,1000.0,0.5133018560204018
A2SQTRNQWDLU4F,ns,20-1,20.0,1000.0,0.5143362398378155
A2SWQM5X54P1O5,ns,20-1,20.0,1000.0,0.5442537409804421
A2TG5ESEOPXAHI,prim,20-1,20.0,1000.0,0.49679631033645777
A2V6E7SGEU0EFD,ns,20-1,20.0,1000.0,0.515087983559294
A2VXT33Y2TQPOQ,prim,20-1,20.0,1000.0,0.5101308170749118
A2XDWB9NVYI3LQ,rec,20-1,20.0,1000.0,0.5248684270865278
A3026HLELYNW7U,rec,20-1,20.0,1000.0,0.5038090417092989
A351P2O6QGTCS,rec,20-1,20.0,1000.0,0.5056499998683609
A39R5EBK7W916X,ns,20-1,20.0,1000.0,0.48158688601703303
A3D9PJ37U7LCHE,ns,20-1,20.0,1000.0,0.496096154225768
A3EVXSWHYA1PTT,rec,20-1,20.0,1000.0,0.4867181291558274
A3GIUDSA1IGTFV,ns,20-1,20.0,1000.0,0.5178002733008608
A3HXK0UGS1YDMC,prim,20-1,20.0,1000.0,0.4791084723428729
A3ITZNJQUTIZ4C,rec,20-1,20.0,1000.0,0.4959242390866604
A3MHP4LZ3V88NF,prim,20-1,20.0,1000.0,0.524891281180263
A3NRIEMOJVVX4A,rec,20-1,20.0,1000.0,0.5143825136487514
A3PEV3KN6F7JRG,ns,20-1,20.0,1000.0,0.6116772164382459
A3QKOYP52HYRH2,rec,20-1,20.0,1000.0,0.52992995769292
A3RFOODI4G4P4K,rec,20-1,20.0,1000.0,0.573234587895771
A3RHJEMZ4EGY2U,rec,20-1,20.0,1000.0,0.5607709401185771
A3S76P3L3USWI1,prim,20-1,20.0,1000.0,0.5392707826249457
A3USPFFWN1G5PF,rec,20-1,20.0,1000.0,0.5452533002484858
A50UY1556VDIA,ns,20-1,20.0,1000.0,0.5365482416850881
A7R1OLLU1Z6RA,rec,20-1,20.0,1000.0,0.5127622908557138
AEJU0MCYOQC77,prim,20-1,20.0,1000.0,0.5153234561276586
AHU3EE2Q05E18,prim,20-1,20.0,1000.0,0.4611673300665773
AJD90361AJO80,ns,20-1,20.0,1000.0,0.5170027141314417
AK52RXEJKR81A,ns,20-1,20.0,1000.0,0.4861071966863381
AMJAZPJBO936R,prim,20-1,20.0,1000.0,0.5187900235961324
AOQZVAH5FSKGE,prim,20-1,20.0,1000.0,0.5296589168333742
AQCJI23U1VBYD,prim,20-1,20.0,1000.0,0.5062552757570264
AQPFTUIJ0PW2N,prim,20-1,20.0,1000.0,0.48699609632479995
AXFCUZ1WQC2WY,ns,20-1,20.0,1000.0,0.48613377668675034
AY7M9MOLNXIIK,ns,20-1,20.0,1000.0,0.4902624144243562
AZZA3J049G7R5,rec,20-1,20.0,1000.0,0.5261062480358845
A102RSV009OCUW,prim,15-2,15.0,2000.0,0.4784469656258978
A11BHGAKU0RIH8,rec,15-2,15.0,2000.0,0.5229520347377491
A13GBA16BNTN1A,rec,15-2,15.0,2000.0,0.48488438624041297
A13THDIE8LTQ11,ns,15-2,15.0,2000.0,0.5420085351707375
A150QX2OXHGK8P,rec,15-2,15.0,2000.0,0.5238788818166862
A151XA53WYXVD7,prim,15-2,15.0,2000.0,0.4840672955329002
A1618RA11ZOD8Y,rec,15-2,15.0,2000.0,0.5443767348687732
A19X8IA9EKC3XH,ns,15-2,15.0,2000.0,0.4726454518650734
A1CFMY4CEYOM8Y,rec,15-2,15.0,2000.0,0.5061165891137482
A1E0K2VGY2684V,ns,15-2,15.0,2000.0,0.5028543583107075
A1NQOR4RQJJDMW,ns,15-2,15.0,2000.0,0.5084911590383723
A1PZIN8H1VI6SY,prim,15-2,15.0,2000.0,0.4815230172932193
A1QRIZY9WJW3R1,prim,15-2,15.0,2000.0,0.5006597721220511
A1QXJZFA5NVGM3,prim,15-2,15.0,2000.0,0.5047804293861969
A1ROEDVMTO9Y3X,ns,15-2,15.0,2000.0,0.5013829793568023
A1SCF3L6LTFQHF,prim,15-2,15.0,2000.0,0.5053382316651946
A1T7EB1WEDCMXV,ns,15-2,15.0,2000.0,0.5148740522686456
A1TR2AOKWGQ78A,ns,15-2,15.0,2000.0,0.5365147815147816
A1UOP419O6P55R,prim,15-2,15.0,2000.0,0.5640636598383713
A1WM3INNDW2776,ns,15-2,15.0,2000.0,0.537669062414057
A1Z82Y9E6YWY80,ns,15-2,15.0,2000.0,0.5090836063737849
A2113B699TVADG,prim,15-2,15.0,2000.0,0.4970711550012371
A219SZBLCCCXN9,prim,15-2,15.0,2000.0,0.4984048796427087
A22GYYJXTS5KBH,ns,15-2,15.0,2000.0,0.5049380225521098
A22Y78RVB8UFTD,ns,15-2,15.0,2000.0,0.48616671784454524
A233LLG8YAXWF,rec,15-2,15.0,2000.0,0.5163040864008126
A24GX1OZE6AY04,ns,15-2,15.0,2000.0,0.5177707389539958
A26MT7KJ7NJLRN,ns,15-2,15.0,2000.0,0.5290160737630976
A26T0U2Y6LZOF3,rec,15-2,15.0,2000.0,0.5584042281371827
A29J4LL0MQL3AC,prim,15-2,15.0,2000.0,0.507549033910712
A2G4R0GS677RC2,rec,15-2,15.0,2000.0,0.4255237933362933
A2IV3SSVTU90BN,ns,15-2,15.0,2000.0,0.5421279327142647
A2KZN3UH5NGC9,rec,15-2,15.0,2000.0,0.5090889671307387
A2MBFIAGBPU5NG,prim,15-2,15.0,2000.0,0.5120610440270208
A2O86E23R5T4YO,prim,15-2,15.0,2000.0,0.5065009808063108
A2PTABUVOUYAH5,ns,15-2,15.0,2000.0,0.48987706714765245
A2R75YFKVALBXE,rec,15-2,15.0,2000.0,0.5667121058229689
A2RU1Q3C9VHBAO,prim,15-2,15.0,2000.0,0.5095137342402968
A2RVG8Y97DE0GM,prim,15-2,15.0,2000.0,0.534210381492843
A2UJ9GDNVPX99C,prim,15-2,15.0,2000.0,0.5141287248022006
A2UYZFH5VT5R3H,rec,15-2,15.0,2000.0,0.49667480763834926
A2Y8LZS5C81O25,prim,15-2,15.0,2000.0,0.4809061930316891
A30NL5N71G2YAU,ns,15-2,15.0,2000.0,0.5482582463019084
A310Y949ILSN3P,prim,15-2,15.0,2000.0,0.4904027478408003
A31P78W9ZCQXCS,ns,15-2,15.0,2000.0,0.5141648243981848
A347RDI3HZOUCY,prim,15-2,15.0,2000.0,0.4973760164586395
A34HQHGLIW1FYS,ns,15-2,15.0,2000.0,0.49947612671128266
A34IPEKX5WXJIN,prim,15-2,15.0,2000.0,0.4830513060960504
A34YNEN8UUI3CD,ns,15-2,15.0,2000.0,0.5442847452371262
A35VI4SE31HD17,prim,15-2,15.0,2000.0,0.46684518203457603
A36S0DI86PL4J6,prim,15-2,15.0,2000.0,0.4938455676418339
A384KX8MUIJSTJ,ns,15-2,15.0,2000.0,0.5058106881273255
A38DHLB88V8DL8,rec,15-2,15.0,2000.0,0.5128544620633608
A3AWQ3AACIPXM2,ns,15-2,15.0,2000.0,0.4799734293484294
A3BA2WMGN6KHUU,ns,15-2,15.0,2000.0,0.4805813481318532
A3BN69Q9D7RQGR,ns,15-2,15.0,2000.0,0.46105287225450914
A3C25IBTLB60RQ,prim,15-2,15.0,2000.0,0.4780385424752082
A3FOKP72T5I4FR,ns,15-2,15.0,2000.0,0.5595201634784969
A3HBB9JT9WVZS4,ns,15-2,15.0,2000.0,0.49958287461442485
A3HOPYBWSR1TWR,prim,15-2,15.0,2000.0,0.4929792740441077
A3IBDJ12CRTQQN,prim,15-2,15.0,2000.0,0.4896435432310928
A3IHTJXHWPQ2JR,rec,15-2,15.0,2000.0,0.48780072769267163
A3MWLHSW9B9RHU,prim,15-2,15.0,2000.0,0.49767815864023485
A3ORKXM3WG8QJ9,prim,15-2,15.0,2000.0,0.5085839347973473
A3P52W1SBJUT5N,ns,15-2,15.0,2000.0,0.5040197074600484
A3U27ZHUGOPIAN,prim,15-2,15.0,2000.0,0.5306277243709039
A3UA50A6GKNAMR,prim,15-2,15.0,2000.0,0.47862627185583306
A3UE8ANAIM7F15,ns,15-2,15.0,2000.0,0.5359617868490636
A3UGB3B1S74HR9,prim,15-2,15.0,2000.0,0.4655188449692644
A3UUW04QL49RSC,prim,15-2,15.0,2000.0,0.5198041136102554
A6HDSE80LQPR8,rec,15-2,15.0,2000.0,0.4862677691025905
AAOOH6P4HHSCS,prim,15-2,15.0,2000.0,0.5197333837635392
ADGJXUEMPLTMS,prim,15-2,15.0,2000.0,0.49518681194547
AEF1G6YE8RIB8,prim,15-2,15.0,2000.0,0.501396813728783
AERGHZBQFT309,ns,15-2,15.0,2000.0,0.522245377688706
AESZJEZTZEW01,ns,15-2,15.0,2000.0,0.4751052698353835
AEX1I7K7OVHHC,rec,15-2,15.0,2000.0,0.4931457096595084
AEXRVIK8SKB4V,prim,15-2,15.0,2000.0,0.5446954935496602
AF0W4ZBY7VXOU,rec,15-2,15.0,2000.0,0.525766679207275
AFZGUWYLC0NG0,ns,15-2,15.0,2000.0,0.5756085156876553
AGANKP4PUZ4NC,prim,15-2,15.0,2000.0,0.5156810287901332
AHY3YAYJLTW32,rec,15-2,15.0,2000.0,0.5036488627113627
AL9SYQEUTNJXT,prim,15-2,15.0,2000.0,0.5053965116510775
ALDQRWYZ8KQ9A,rec,15-2,15.0,2000.0,0.5213162784204763
AM65LGXJBTJ0I,ns,15-2,15.0,2000.0,0.5215471469117302
AOIR8V07FYMH5,rec,15-2,15.0,2000.0,0.5520630792084165
AR0VJ5XRG16UJ,rec,15-2,15.0,2000.0,0.5219538315895864
AU5UJIZ3TLI5M,rec,15-2,15.0,2000.0,0.5165435836247186
AW2UVK63OLFW,ns,15-2,15.0,2000.0,0.5135178734177436
AW5O1RK3W60FC,rec,15-2,15.0,2000.0,0.5736933664429607
AWRY5SC68T0DC,prim,15-2,15.0,2000.0,0.49255546672151335
AWTCGY2CL1T68,prim,15-2,15.0,2000.0,0.4929440330480307
AXSBX0MCQNG3A,prim,15-2,15.0,2000.0,0.5296817954522229
A14WLAP6TCEKO0,rec,30-1,30.0,1000.0,0.5481429989076713
A15V9BXNJXZXZX,ns,30-1,30.0,1000.0,0.4956323115142935
A16335MOISDG1F,rec,30-1,30.0,1000.0,0.5319621480305249
A17FJLW818UEQU,rec,30-1,30.0,1000.0,0.5008867311642661
A186PT9ZLO5EJD,prim,30-1,30.0,1000.0,0.49711938488170426
A1AS1H21O9896X,ns,30-1,30.0,1000.0,0.523355084492432
A1AYTKAQT201ZV,prim,30-1,30.0,1000.0,0.4843472038602226
A1EII5EWOTBDK9,rec,30-1,30.0,1000.0,0.5051236909572949
A1F9KLZGHE9DTA,rec,30-1,30.0,1000.0,0.48891916569445126
A1IGKJ200N82S9,rec,30-1,30.0,1000.0,0.5263627949847793
A1KGUJMWDCPSYG,rec,30-1,30.0,1000.0,0.489634025056736
A1M1E62KXCDNL0,ns,30-1,30.0,1000.0,0.5107886762046581
A1MG8KNVSVZ365,prim,30-1,30.0,1000.0,0.5174857894459103
A1MKEILXWWLBW2,rec,30-1,30.0,1000.0,0.5244538145474136
A1O67YS3DU0ZHX,rec,30-1,30.0,1000.0,0.5169281896360076
A1Q0G8JA5EZ8EI,rec,30-1,30.0,1000.0,0.5546011335720415
A1SLJKNSNHOJRN,rec,30-1,30.0,1000.0,0.5547750856875242
A1T2P6E67251U5,prim,30-1,30.0,1000.0,0.5165457456861304
A1U4WS9KJMADV,rec,30-1,30.0,1000.0,0.5416358162512549
A1X4T3QSIE8YYX,prim,30-1,30.0,1000.0,0.5144612005860285
A225J5T6WHO2MG,prim,30-1,30.0,1000.0,0.4987273286170256
A23KDD6OPM4NJ0,prim,30-1,30.0,1000.0,0.5379403302095369
A25Y3D2Y2DR8WM,prim,30-1,30.0,1000.0,0.513725245508807
A26XKTGGGYBI4J,prim,30-1,30.0,1000.0,0.5078578848909421
A28OD52SMLYQ16,rec,30-1,30.0,1000.0,0.5083168280311247
A28TA25NJGLL3Y,prim,30-1,30.0,1000.0,0.5507013831900114
A28ZPY6D5AS7GZ,ns,30-1,30.0,1000.0,0.5023637318981234
A2ASRB2MTHDHPD,prim,30-1,30.0,1000.0,0.49676966088431584
A2BUHMLNE3LUU0,ns,30-1,30.0,1000.0,0.4828837536776712
A2E2SLXF4KQ3S1,prim,30-1,30.0,1000.0,0.5046727657982948
A2FJIZUHR6E4EZ,prim,30-1,30.0,1000.0,0.5078240417101904
A2G2T6EMXAOKMS,rec,30-1,30.0,1000.0,0.5811350637084264
A2GRA6N98ZPIQ1,prim,30-1,30.0,1000.0,0.5118219896436964
A2IKLJWU2OJ1YX,prim,30-1,30.0,1000.0,0.5140299032358633
A2K5AXCSY703CU,ns,30-1,30.0,1000.0,0.5430602249288091
A2MV1R6YYOIO30,prim,30-1,30.0,1000.0,0.5324280050809788
A2NU82V08QSPCC,prim,30-1,30.0,1000.0,0.5037462646039034
A2NY0VWEWDULC6,rec,30-1,30.0,1000.0,0.5506022000087751
A2OFVEA8BEJDZN,ns,30-1,30.0,1000.0,0.535284615171537
A2P83PY6P7ECM5,ns,30-1,30.0,1000.0,0.5179398363759788
A2PUL3ZDXOW0VZ,rec,30-1,30.0,1000.0,0.5040304849069804
A2ROI30AQITC3V,ns,30-1,30.0,1000.0,0.49101645067276606
A2VZN8J53Y5WYR,prim,30-1,30.0,1000.0,0.4951440645388244
A2XMRJKCNKLL4E,ns,30-1,30.0,1000.0,0.509787252741889
A2Y0VM8BAF0RMT,ns,30-1,30.0,1000.0,0.4794203885746
A2ZGAH6NOSU2PO,rec,30-1,30.0,1000.0,0.5519039771498049
A30DHHAL100LZR,ns,30-1,30.0,1000.0,0.47252235156177236
A31SZFE8M7YK0S,ns,30-1,30.0,1000.0,0.5200991335574132
A34DYM8J0X5VK,rec,30-1,30.0,1000.0,0.5321147511109392
A36IB78C6MVA3,prim,30-1,30.0,1000.0,0.5604053383643925
A389Y151TAJ4XG,ns,30-1,30.0,1000.0,0.4922408342599286
A3AY0315YWWNXY,rec,30-1,30.0,1000.0,0.49651682403546327
A3EUH97BRHRSI6,rec,30-1,30.0,1000.0,0.5113448534709641
A3I97794CB5SUO,rec,30-1,30.0,1000.0,0.5349852825915197
A3RVHUY67SVXQV,ns,30-1,30.0,1000.0,0.4903707071090623
A3TX84QHD321M7,prim,30-1,30.0,1000.0,0.4967724305615645
A3UCN8EJI08X2P,ns,30-1,30.0,1000.0,0.5040354344616548
A3UQ5DF8VVD975,rec,30-1,30.0,1000.0,0.569345429736398
A3V71NT2X4HD1I,prim,30-1,30.0,1000.0,0.47189628392037464
A51TGVVYJF7T0,prim,30-1,30.0,1000.0,0.5332396131004822
A7USTT4KU1ZBO,ns,30-1,30.0,1000.0,0.5835925896278386
AB5WBMZGLX57B,ns,30-1,30.0,1000.0,0.4986282467782054
ACBROX4H8BSW3,rec,30-1,30.0,1000.0,0.5021941435506775
ADJ9I7ZBFYFH7,rec,30-1,30.0,1000.0,0.5221984958502417
AGILQEFEPEK7N,ns,30-1,30.0,1000.0,0.4797058116490412
AH7HACNNRSIPO,ns,30-1,30.0,1000.0,0.5192875423426998
AIDU49N2KO05N,ns,30-1,30.0,1000.0,0.5043289003550707
AJUVX0E4OPTAO,prim,30-1,30.0,1000.0,0.5338752762301234
AK3GAHRZ6M6WM,rec,30-1,30.0,1000.0,0.5143548067843595
AKE4AYF86KJVU,rec,30-1,30.0,1000.0,0.5175966373559069
AKNBC1TE88NDO,rec,30-1,30.0,1000.0,0.563235109489284
AKX4H8RT7BL7H,rec,30-1,30.0,1000.0,0.5462229986399998
AOYDGVOZUIHII,prim,30-1,30.0,1000.0,0.528042943461962
AP4B1GJIT3HYF,ns,30-1,30.0,1000.0,0.4845962285788412
AXFH1DT8PR0K2,prim,30-1,30.0,1000.0,0.4712640670012884
AXFP50XOZD2NI,rec,30-1,30.0,1000.0,0.48712258917470724
A12LX24NC3FP2U,ns,20-2,20.0,2000.0,0.4949895912416702
A161VPQSXLLV8U,ns,20-2,20.0,2000.0,0.5126339729713298
A166P9BSWIFF32,prim,20-2,20.0,2000.0,0.49980723298149793
A17IPELR5NC2LZ,prim,20-2,20.0,2000.0,0.5291754170422666
A17TMQWTCJVOV5,rec,20-2,20.0,2000.0,0.5365923093801537
A1CB9NR3SN4VMY,prim,20-2,20.0,2000.0,0.484816814773236
A1FM638CHGPC1M,ns,20-2,20.0,2000.0,0.5046353171774928
A1HENLDLQEO5BZ,prim,20-2,20.0,2000.0,0.5104623342583967
A1J39RAV7TKEMF,ns,20-2,20.0,2000.0,0.4849950995004537
A1JL3HCA0MK9UI,prim,20-2,20.0,2000.0,0.5468225566746265
A1L5A88C9PPK5L,prim,20-2,20.0,2000.0,0.5359264340813055
A1LA6CIGBNDOH9,rec,20-2,20.0,2000.0,0.5029753236034835
A1MD74JPL7E9PK,prim,20-2,20.0,2000.0,0.49079807287109434
A1O0K8V58YRL4A,ns,20-2,20.0,2000.0,0.4227496378569558
A1PTX4IB9R34LI,rec,20-2,20.0,2000.0,0.5521291027985268
A1S2EXYEG5I8HW,rec,20-2,20.0,2000.0,0.534767407378843
A1SJLXB0XFCJ97,prim,20-2,20.0,2000.0,0.45263975097614806
A1TPGXT718D68E,rec,20-2,20.0,2000.0,0.5426324036430347
A1TVWMWE03AWAW,rec,20-2,20.0,2000.0,0.5569803813136589
A1VEOI1H4AE1T3,prim,20-2,20.0,2000.0,0.4837171024696605
A1WT2CM71Z9MP3,prim,20-2,20.0,2000.0,0.49387032148129195
A20YXCVKHSTSPC,prim,20-2,20.0,2000.0,0.5013302635288364
A2147HO7VBGJCU,prim,20-2,20.0,2000.0,0.5320863591015743
A248QG4DPULP46,ns,20-2,20.0,2000.0,0.5458219508706422
A25S9Y5DZ9OR16,prim,20-2,20.0,2000.0,0.5562183053683337
A25VK411P03A5T,rec,20-2,20.0,2000.0,0.5159494781895574
A289D98Z4GAZ28,prim,20-2,20.0,2000.0,0.5623837202259822
A2BTEQA95MCIHU,prim,20-2,20.0,2000.0,0.5116680539683283
A2E8PL8ZWIZVJ0,prim,20-2,20.0,2000.0,0.5221737420012864
A2I6HVUDBTGD1,prim,20-2,20.0,2000.0,0.49237887470825803
A2KHR0GTA0DBWI,rec,20-2,20.0,2000.0,0.49372789647964915
A2KT30RCVX67ZS,prim,20-2,20.0,2000.0,0.4986630399930019
A2MMGDAA7JJKIE,prim,20-2,20.0,2000.0,0.5068271046919499
A2MOKIEQZ0OF2M,prim,20-2,20.0,2000.0,0.4995788310421911
A2NZ783AY1LBPW,prim,20-2,20.0,2000.0,0.48750154365302456
A2NZAL7KHOR6VF,rec,20-2,20.0,2000.0,0.5328062054425136
A2OOS7IXSKJFFI,ns,20-2,20.0,2000.0,0.5481042188874384
A2P2YEHX1FXD20,rec,20-2,20.0,2000.0,0.5871070459736797
A2QHI85LQPJZYP,prim,20-2,20.0,2000.0,0.4916339350042718
A2SSY7MHPDQVUS,prim,20-2,20.0,2000.0,0.5354694727569583
A2UX2W49R55PH4,prim,20-2,20.0,2000.0,0.48782366993865445
A2VIKCIM9TZL22,rec,20-2,20.0,2000.0,0.5117969392046869
A2XGHLVP2C1FVA,ns,20-2,20.0,2000.0,0.511116779168743
A2XVLOZY7FJCC2,rec,20-2,20.0,2000.0,0.5073654545795964
A2ZVBFH732LYXQ,prim,20-2,20.0,2000.0,0.4957636374191541
A304UJAE051J89,rec,20-2,20.0,2000.0,0.5414878538894934
A312HQ3OU0EYTB,rec,20-2,20.0,2000.0,0.5396926936724955
A35S8HPY0V445,ns,20-2,20.0,2000.0,0.5085965280047366
A37GOI3N77WX21,ns,20-2,20.0,2000.0,0.5088469540010927
A389UA2GRCJ6,prim,20-2,20.0,2000.0,0.507350720129738
A3A7XOKH39SYOI,prim,20-2,20.0,2000.0,0.4895101359717436
A3B0CMCBWAND7,rec,20-2,20.0,2000.0,0.5308121744617612
A3C4WGE4SOGM1,ns,20-2,20.0,2000.0,0.5165197954923898
A3CKVVGWBS4NGU,prim,20-2,20.0,2000.0,0.5050751104469584
A3GDVKIN7ZGUG9,rec,20-2,20.0,2000.0,0.5422178821169796
A3HE29W5IDR394,rec,20-2,20.0,2000.0,0.5898503366438999
A3I1SGVY37KR4A,ns,20-2,20.0,2000.0,0.4877849758406773
A3J5HRXH4F64SP,ns,20-2,20.0,2000.0,0.5494265078716672
A3LVLZS8S41ZD7,rec,20-2,20.0,2000.0,0.5913477815560026
A3LXARU55PR281,ns,20-2,20.0,2000.0,0.5456294071050298
A3TR3KIRG5PCZ8,prim,20-2,20.0,2000.0,0.49681621094785866
A3U2A632YWEX7B,prim,20-2,20.0,2000.0,0.5127082373026907
A3U69MNO1JC7V4,rec,20-2,20.0,2000.0,0.5138019850223781
A3UMHUWJKRGKNR,rec,20-2,20.0,2000.0,0.5177970514491891
A3VW5PI9ZX9DOD,ns,20-2,20.0,2000.0,0.49267633603216093
A4HWADFPGP45G,ns,20-2,20.0,2000.0,0.4941995419357422
AFRKVRPZ2RHY8,rec,20-2,20.0,2000.0,0.5213968970196456
AHZCC2V399WUN,ns,20-2,20.0,2000.0,0.4998797427058106
AJABAPM32ETMN,rec,20-2,20.0,2000.0,0.47504906421133647
AK1EF4NACR1UJ,prim,20-2,20.0,2000.0,0.4840039320760463
AKIT35WR8HEQ3,prim,20-2,20.0,2000.0,0.524402143239723
AP9WIQ4P78XLH,rec,20-2,20.0,2000.0,0.5488593386139853
AR9AU5FY1S3RO,rec,20-2,20.0,2000.0,0.5335524616135942
AXCDKBG1R43GE,ns,20-2,20.0,2000.0,0.5319164679497641
A102WSFN62OS6I,ns,40-1,40.0,1000.0,0.5104030018470778
A13WTEQ06V3B6D,rec,40-1,40.0,1000.0,0.569190260371966
A178HXQENEAI65,rec,40-1,40.0,1000.0,0.5178425886498413
A1BLHM2IDH7DH4,prim,40-1,40.0,1000.0,0.4884355624790541
A1DJB12ZI46GPX,prim,40-1,40.0,1000.0,0.5164539591761761
A1DZMZTXWOM9MR,rec,40-1,40.0,1000.0,0.5408801607828089
A1EU59VMI8GL4K,rec,40-1,40.0,1000.0,0.5294148041647553
A1F0VEHWK3IAF4,ns,40-1,40.0,1000.0,0.5027602287601087
A1HGWCCIWP7AO0,ns,40-1,40.0,1000.0,0.4827402290111289
A1IL5P5H5VRW0D,prim,40-1,40.0,1000.0,0.5247364127891427
A1J5OW12TRQSOW,ns,40-1,40.0,1000.0,0.4762823452641396
A1KCSGTT6Y26LH,prim,40-1,40.0,1000.0,0.516876773467258
A1RQ8PX7A0CH3C,rec,40-1,40.0,1000.0,0.5169526879886552
A1RY1N37JYUHBU,prim,40-1,40.0,1000.0,0.5404684051880604
A1S54RQW9FDK0X,ns,40-1,40.0,1000.0,0.525651285718717
A1TG34GJ1WTN0C,prim,40-1,40.0,1000.0,0.5388088968866691
A1UH6A625GF5MD,prim,40-1,40.0,1000.0,0.5227332315578749
A1VHK9OFD7H8ZH,rec,40-1,40.0,1000.0,0.49243855975837947
A1ZLLYRW6GIVC7,rec,40-1,40.0,1000.0,0.5710273714697394
A20GJP9C5KC2ZU,ns,40-1,40.0,1000.0,0.5697340305469948
A23W5HVE02LM0E,prim,40-1,40.0,1000.0,0.5026456255383516
A2541C8MY0BYV3,rec,40-1,40.0,1000.0,0.5100645352331268
A271830PNYAI2G,rec,40-1,40.0,1000.0,0.5992021062219423
A29JQ7VMQ1HKYP,ns,40-1,40.0,1000.0,0.4895279886466877
A2GUPBBFPPSXYR,prim,40-1,40.0,1000.0,0.49246885971769094
A2HRUFTA09371Y,rec,40-1,40.0,1000.0,0.5486439316470936
A2IK3H6MQ1QV6E,rec,40-1,40.0,1000.0,0.5617238123233241
A2L7RTYO4UMYDH,ns,40-1,40.0,1000.0,0.5102431821730351
A2LI1OIR4BVJRW,prim,40-1,40.0,1000.0,0.5132795991063235
A2NEFRREWF33YP,rec,40-1,40.0,1000.0,0.5639536596633894
A2P8V5SKYLL5I4,rec,40-1,40.0,1000.0,0.4981290358289727
A2PSU15S8ZI3V5,prim,40-1,40.0,1000.0,0.49658747362674277
A2QUSCZS3RXGXE,ns,40-1,40.0,1000.0,0.5026684265937412
A2TUYGXQ15U6GO,prim,40-1,40.0,1000.0,0.48238163999596056
A2UEVNT8VQD1SA,ns,40-1,40.0,1000.0,0.5195142137591495
A2VR9O234UCT9T,rec,40-1,40.0,1000.0,0.6105206780374138
A2WCPERU8X385N,prim,40-1,40.0,1000.0,0.519519028422055
A33GZS6SU4O20M,ns,40-1,40.0,1000.0,0.4938515699655749
A38I0E8UK53ME5,rec,40-1,40.0,1000.0,0.5630823896790922
A3BZH91MITQA5X,ns,40-1,40.0,1000.0,0.4947442848461427
A3NX66U9RAY2GQ,prim,40-1,40.0,1000.0,0.4966163095694656
A3O40YLW6MYU8C,prim,40-1,40.0,1000.0,0.4963141017461085
A3S2AUQWI7XWT4,prim,40-1,40.0,1000.0,0.5026861579223771
A3SA9LY6RXKFOI,prim,40-1,40.0,1000.0,0.4925926881823005
A3SLT6KVF0NXPH,prim,40-1,40.0,1000.0,0.5236111749358663
A3TNSJSXI464IT,ns,40-1,40.0,1000.0,0.502872412381388
A3TUJBPLJGTI5,rec,40-1,40.0,1000.0,0.5362922515399056
A3VL1CBZ3BGQK7,ns,40-1,40.0,1000.0,0.5327935759418119
A47VA451RDBV3,prim,40-1,40.0,1000.0,0.49575252093140165
A92KVBM20ZTU4,rec,40-1,40.0,1000.0,0.5875389368513331
AAF1SJ9FCBF75,rec,40-1,40.0,1000.0,0.538811932015486
AAVFHZA708CSP,ns,40-1,40.0,1000.0,0.5067333986388807
ADL9KYXZGHUFO,ns,40-1,40.0,1000.0,0.49458111547982775
AFLRBB974KS6D,ns,40-1,40.0,1000.0,0.5021601789510592
AGB6853RIDWJ8,ns,40-1,40.0,1000.0,0.5522550910282382
AGLFNO1XKM8O8,rec,40-1,40.0,1000.0,0.5162606571405757
AH2C0LKV36ATT,prim,40-1,40.0,1000.0,0.4777174616074392
AKJN72HW14WTR,rec,40-1,40.0,1000.0,0.5868411651774019
AMIQGW2E3WYO4,rec,40-1,40.0,1000.0,0.5292570062445484
ANCTZADQC3D75,ns,40-1,40.0,1000.0,0.4928982960593403
AOQKJGXZ8QQD0,prim,40-1,40.0,1000.0,0.4987834233298031
AP3BTOBN8Y9EJ,rec,40-1,40.0,1000.0,0.5248317992935491
AQSYWZJVVMCGJ,prim,40-1,40.0,1000.0,0.511934742497112
AR1IWBDA7MC86,rec,40-1,40.0,1000.0,0.589754420436088
AR3MFFPQ39IXF,rec,40-1,40.0,1000.0,0.5474663750102283
ARL0T0MU9A65G,prim,40-1,40.0,1000.0,0.50625088597368
ASVRLMDNQBUD9,rec,40-1,40.0,1000.0,0.5273861065014109
ATRRW34VN38IX,rec,40-1,40.0,1000.0,0.5337951509579513
AVSVIOR38JDM6,prim,40-1,40.0,1000.0,0.49789636684776656
AW0MG225VXWCN,rec,40-1,40.0,1000.0,0.5522586140485942
AW4PTI9P13WUB,prim,40-1,40.0,1000.0,0.518835187104728
AXFCUZW85XUK1,ns,40-1,40.0,1000.0,0.49176771973783323
AYF9WH3AQIT86,prim,40-1,40.0,1000.0,0.510439909984432
