subject,strategy,condition,l_length,pres_rate,tcl_h1,tcl_h2,tcl_delta
A10HW8JXM17XLD,rec,10-2,10.0,2000.0,0.7328098695286196,0.49692760942760944,-0.2358822601010101
A12K1ADYMRSWMJ,prim,10-2,10.0,2000.0,0.9486137192145376,0.8926959325396825,-0.05591778667485514
A14E4ISXVJVY6F,prim,10-2,10.0,2000.0,0.9727994227994228,0.9666164622414624,-0.00618296055796054
A169XTOCOMO1MV,ns,10-2,10.0,2000.0,0.7822452128999748,0.728966049382716,-0.05327916351725876
A18NXRDHQ0ZSOY,ns,10-2,10.0,2000.0,0.7604352678571428,0.6297089120370369,-0.1307263558201058
A1969Q0R4Y0E3J,rec,10-2,10.0,2000.0,0.7011023553992304,0.5537001337782588,-0.1474022216209716
A1AKL5YH9NLD2V,ns,10-2,10.0,2000.0,0.9192884950697451,0.6907354797979798,-0.22855301527176525
A1ARWNTZHGFG8Y,prim,10-2,10.0,2000.0,0.807054722930839,0.696969246031746,-0.11008547689909297
A1F0R1MSPTXHHV,ns,10-2,10.0,2000.0,0.6174107142857143,0.7332341269841269,0.11582341269841268
A1GRPIBHW72HDU,rec,10-2,10.0,2000.0,0.8372623181216932,0.539380787037037,-0.2978815310846561
A1I9RLJQ0BYN21,prim,10-2,10.0,2000.0,0.8553757440476191,0.7162615740740741,-0.139114169973545
A1NG504QI5LI62,prim,10-2,10.0,2000.0,0.9511422821969697,0.9264813311688312,-0.024660951028138537
A1NQ2A0UDW719R,prim,10-2,10.0,2000.0,0.8854166666666667,0.840625,-0.044791666666666674
A1P00XZZG7EEEM,prim,10-2,10.0,2000.0,0.8388392857142857,0.8049107142857144,-0.03392857142857142
A1RFDB2WUV7QRO,ns,10-2,10.0,2000.0,0.8447916666666667,0.5530555555555556,-0.29173611111111114
A1V2H0UF94ATWY,ns,10-2,10.0,2000.0,0.8796626984126983,0.6402690972222222,-0.2393936011904762
A1W7T8V97ZPUH0,ns,10-2,10.0,2000.0,0.7471729143046107,0.681140695861678,-0.06603221844293271
A1WJIRT360P5VB,rec,10-2,10.0,2000.0,0.9217002615440115,0.6989188762626262,-0.22278138528138527
A1WPGNK8Y65BV3,ns,10-2,10.0,2000.0,0.8070842352092352,0.5656398809523809,-0.2414443542568543
A1XMGLCK09Z0DW,ns,10-2,10.0,2000.0,0.3881888640873016,0.47828844246031743,0.09009957837301585
A1YA2FCN3KEK36,prim,10-2,10.0,2000.0,0.9379369803476946,0.8238260582010581,-0.11411092214663643
A20GD3EBBTBYY2,rec,10-2,10.0,2000.0,0.7497733902588813,0.7786568562610229,0.028883466002141596
A24BRTWG07T53Z,prim,10-2,10.0,2000.0,0.7372849589646465,0.706724800084175,-0.030560158880471398
A27QXQ22F9ODSP,prim,10-2,10.0,2000.0,0.7916111583522298,0.7515115189594357,-0.040099639392794165
A27T2Z568L69U1,prim,10-2,10.0,2000.0,0.8716819019274377,0.8489962121212121,-0.022685689806225533
A282UM3NAIM0YO,ns,10-2,10.0,2000.0,0.6985809948979592,0.629375,-0.0692059948979592
A2BREH6STESM0G,rec,10-2,10.0,2000.0,0.7257998511904762,0.744437003968254,0.018637152777777763
A2FLBMZ38IZ2SQ,prim,10-2,10.0,2000.0,0.9626087887806638,0.8868144991582492,-0.07579428962241462
A2FM1N5AOMVTGL,prim,10-2,10.0,2000.0,0.9236731150793651,0.8949590773809524,-0.028714037698412704
A2FYFCD16Z3PCC,rec,10-2,10.0,2000.0,0.7625768473424723,0.6757395006613756,-0.08683734668109669
A2H8PEGI28NKZD,ns,10-2,10.0,2000.0,0.7770711204304954,0.7363405257936508,-0.04073059463684464
A2I6ZALE49CVSC,prim,10-2,10.0,2000.0,0.8900519330206831,0.43471783810325476,-0.45533409491742827
A2KPEUCEE2M05G,prim,10-2,10.0,2000.0,0.7198206018518518,0.682175925925926,-0.03764467592592594
A2LJ1FRUYGW469,ns,10-2,10.0,2000.0,0.7706941438191439,0.8307503858024692,0.060056241983325306
A2M183CETUMR96,rec,10-2,10.0,2000.0,0.8605427414021165,0.656958912037037,-0.20358382936507938
A2MUOD1JHWJ735,ns,10-2,10.0,2000.0,0.7942446225649351,0.6753708964646464,-0.11887372610028862
A2NXMRPHG86N2T,ns,10-2,10.0,2000.0,0.7739714856902358,0.6440451388888888,-0.1299263468013468
A2PQDK3MLDFXYM,rec,10-2,10.0,2000.0,0.8693853527837903,0.6435395622895623,-0.22584579049422804
A2QRJKXTK4JDD8,ns,10-2,10.0,2000.0,0.928999255952381,0.8916927083333334,-0.03730654761904763
A2R970Q1Q2A6DJ,prim,10-2,10.0,2000.0,0.8038637329931972,0.7645006613756613,-0.03936307161753591
A2VIKZ73Y5ABHM,ns,10-2,10.0,2000.0,0.6770307708784271,0.7910661300505051,0.11403535917207791
A2WYZLG8J526TQ,prim,10-2,10.0,2000.0,0.9089230599647267,0.8135030864197531,-0.09541997354497356
A33X52IN60MSOE,rec,10-2,10.0,2000.0,0.7413104256854257,0.36991161616161616,-0.37139880952380955
A348NEQKS6VNIB,rec,10-2,10.0,2000.0,0.6076862373737373,0.6700789141414142,0.06239267676767677
A349BBTU7L597J,ns,10-2,10.0,2000.0,0.8609002976190476,0.7898809523809524,-0.07101934523809525
A3C8JI69WPTKWH,rec,10-2,10.0,2000.0,0.748830191798942,0.5800347222222223,-0.1687954695767196
A3CE7DTHIB76UK,ns,10-2,10.0,2000.0,0.8303808618354749,0.7385331927910053,-0.09184766904446964
A3G55RJTW3BSGM,ns,10-2,10.0,2000.0,0.7930504825036074,0.7006628787878788,-0.09238760371572871
A3GC5Q5CLI4NWZ,prim,10-2,10.0,2000.0,0.9678158068783069,0.9263516865079365,-0.04146412037037037
A3J55BJGV95JKH,ns,10-2,10.0,2000.0,0.9026284045815296,0.85627405002405,-0.04635435455747955
A3MJQ51KN9CMQ4,prim,10-2,10.0,2000.0,0.750055114638448,0.7305594135802469,-0.019495701058201066
A3MOL1L9V4BUGH,ns,10-2,10.0,2000.0,0.806969246031746,0.6815165043290043,-0.1254527417027417
A3NAONPCTVT6P1,ns,10-2,10.0,2000.0,0.7855281047077922,0.7724067685786435,-0.013121336129148632
A3PJY7THMUIR4M,ns,10-2,10.0,2000.0,0.693307705026455,0.6370306069958848,-0.05627709803057026
A3VV3MW68CALXS,prim,10-2,10.0,2000.0,0.9864583333333333,0.8955555555555554,-0.0909027777777778
A489K1IFOM4JW,prim,10-2,10.0,2000.0,0.9368824404761905,0.8847784391534391,-0.05210400132275133
A49HPQ9P5AHU4,ns,10-2,10.0,2000.0,0.8358982308201057,0.6260416666666666,-0.20985656415343917
A55MEA9LQASZH,rec,10-2,10.0,2000.0,0.6031605113636364,0.8026464045214045,0.19948589315776816
A5P12YJP805RG,ns,10-2,10.0,2000.0,0.7582919973544974,0.6618551587301588,-0.09643683862433863
A5TWD5QD99GZY,rec,10-2,10.0,2000.0,0.8393570188492063,0.6390769675925926,-0.20028005125661374
A63UHNWYOV5LE,ns,10-2,10.0,2000.0,0.8157517636684304,0.7182539682539683,-0.09749779541446207
AEP8U373W5Q54,prim,10-2,10.0,2000.0,0.9723903218694885,0.9249016203703704,-0.047488701499118165
AK2PMO5I7OCEK,prim,10-2,10.0,2000.0,0.9233809448653199,0.8354498106060606,-0.08793113425925929
AKNU5D6QK7M72,prim,10-2,10.0,2000.0,0.9331528328924162,0.8210686728395061,-0.11208416005291005
AO5FQ7GY8DTR8,prim,10-2,10.0,2000.0,0.9609375,0.9608796296296296,-5.7870370370379995e-05
ARIWYNIH12MLF,rec,10-2,10.0,2000.0,0.8260799963924964,0.6818299062049062,-0.14425009018759022
AS4FVWL91C6HR,prim,10-2,10.0,2000.0,0.936303726035869,0.7569376803751804,-0.17936604566068853
AWJKR5GA7BS7V,ns,10-2,10.0,2000.0,0.6970926088764631,0.8025180500440917,0.10542544116762866
AZ69TBTDH7AZS,rec,10-2,10.0,2000.0,0.9111060380591631,0.7237005471380472,-0.18740549092111594
AZ8NNCT4AODDN,prim,10-2,10.0,2000.0,0.8040674603174603,0.8864583333333333,0.08239087301587301
A10JXOU89D5RXR,ns,20-1,20.0,1000.0,0.7314945362938623,0.585287566479495,-0.14620696981436734
A111FTKAAJ5UMC,prim,20-1,20.0,1000.0,0.9321432089351055,0.8805135552140761,-0.05162965372102933
A11EZAV2HRYKD5,prim,20-1,20.0,1000.0,0.956334164248369,0.9376645669308344,-0.018669597317534453
A157L6Z8QU3SDE,rec,20-1,20.0,1000.0,0.8513601036479407,0.6999925681956931,-0.15136753545224746
A16GIPTDMJAFTK,ns,20-1,20.0,1000.0,0.8881279764115242,0.838008035569136,-0.050119940842388196
A17R7WX5B0CKK6,rec,20-1,20.0,1000.0,0.8312049637198994,0.7723250931367814,-0.05887987058311792
A17WB66BXX4R0J,prim,20-1,20.0,1000.0,0.9248446669808497,0.8502064480874642,-0.07463821889338546
A19QRXLWV5GKXN,rec,20-1,20.0,1000.0,0.6457518042246009,0.724468754668802,0.07871695044420113
A1CKIYN01NV9GJ,ns,20-1,20.0,1000.0,0.7417243479181796,0.7726741044449378,0.030949756526758177
A1HLDOM6JTYYI2,prim,20-1,20.0,1000.0,0.8095252076525055,0.6123868047199013,-0.19713840293260412
A1HR8IRDC07FO9,prim,20-1,20.0,1000.0,0.8632250808704164,0.7917925554079882,-0.0714325254624281
A1J6CZ176U6GDT,rec,20-1,20.0,1000.0,0.7920594229460433,0.818292365890783,0.026232942944739893
A1J9VZ372FV2QZ,rec,20-1,20.0,1000.0,0.7915386773699864,0.8585061703755901,0.06696749300560358
A1JI19KPIVNL3Y,ns,20-1,20.0,1000.0,0.8059734072237901,0.6829882303355316,-0.12298517688825872
A1KH9VI2D0V43B,prim,20-1,20.0,1000.0,0.9510004351471877,0.8919072779598348,-0.05909315718735281
A1LJ4WAEDGELVL,rec,20-1,20.0,1000.0,0.7265505855119825,0.5825070401242276,-0.14404354538775493
A1OOCYEFLAJD98,ns,20-1,20.0,1000.0,0.9402108424833608,0.6401751990293657,-0.3000356434539952
A1OW27AZS122X2,ns,20-1,20.0,1000.0,0.7078134026127285,0.6396578674508362,-0.0681555351618924
A1R5JNC2LO6X1S,prim,20-1,20.0,1000.0,0.968762209866464,0.9467252013381557,-0.0220370085283084
A1SUTNVLSFPXFK,ns,20-1,20.0,1000.0,0.9374473006795311,0.890069897791252,-0.04737740288827909
A1V91Z2CQKMR55,rec,20-1,20.0,1000.0,0.9057942321499307,0.631173218376803,-0.27462101377312775
A1YFL5HXPZ7MVV,ns,20-1,20.0,1000.0,0.755056800252368,0.7375380913804209,-0.017518708871947127
A22UMPYYQBXT0F,rec,20-1,20.0,1000.0,0.868738704446425,0.6398032465645058,-0.22893545788191927
A26M997VYVK0E6,prim,20-1,20.0,1000.0,0.9187351869456613,0.8675819820152657,-0.05115320493039548
A277V4SHQB8JRS,rec,20-1,20.0,1000.0,0.8673352266699058,0.7537243297101929,-0.11361089695971306
A2E5PV1BHNG67N,ns,20-1,20.0,1000.0,0.6634117622743543,0.7494469642825079,0.08603520200815368
A2FQVRBXJZQAWT,prim,20-1,20.0,1000.0,0.9346622968340406,0.8959083504078094,-0.03875394642623124
A2GM1ZIBRBHBK7,ns,20-1,20.0,1000.0,0.814390328943025,0.80701149519394,-0.0073788337490849724
A2ONILC0LZKG6Y,rec,20-1,20.0,1000.0,0.7147467364349587,0.5620980898854783,-0.15264864654948035
A2QX1SJXQN1NV1,prim,20-1,20.0,1000.0,0.7795215482026143,0.797399658781782,0.017878110579167578
A2QY653X9531JP,ns,20-1,20.0,1000.0,0.5969520508048899,0.5635954069858405,-0.03335664381904934
A2RBF3IIJP15IH,rec,20-1,20.0,1000.0,0.810252064490218,0.7772989693562611,-0.03295309513395708
A2RWLFIP23FZA7,prim,20-1,20.0,1000.0,0.77371062999765,0.7375093292722248,-0.03620130072542523
A2SBZCFAVT83GN,rec,20-1,20.0,1000.0,0.8347504856670502,0.5910655835466442,-0.24368490212040603
A2SQGKP2REXOTN,prim,20-1,20.0,1000.0,0.910953764221738,0.8372395043984096,-0.07371425982332842
A2SQTRNQWDLU4F,ns,20-1,20.0,1000.0,0.8983554359243697,0.825391142215919,-0.07296429370845073
A2SWQM5X54P1O5,ns,20-1,20.0,1000.0,0.8104770820365184,0.5759631167443667,-0.2345139652921516
A2TG5ESEOPXAHI,prim,20-1,20.0,1000.0,0.9442849596702998,0.8962986276702795,-0.04798633200002027
A2V6E7SGEU0EFD,ns,20-1,20.0,1000.0,0.8583658428649237,0.6491819024436212,-0.2091839404213026
A2VXT33Y2TQPOQ,prim,20-1,20.0,1000.0,0.9232868413717576,0.9063280534959602,-0.016958787875797375
A2XDWB9NVYI3LQ,rec,20-1,20.0,1000.0,0.6947351809165024,0.7019018768172414,0.007166695900739013
A3026HLELYNW7U,rec,20-1,20.0,1000.0,0.7324915795904285,0.7133888846017499,-0.01910269498867863
A351P2O6QGTCS,rec,20-1,20.0,1000.0,0.8609503884217937,0.6074023350235842,-0.25354805339820935
A39R5EBK7W916X,ns,20-1,20.0,1000.0,0.8245307961147422,0.7931352704008954,-0.031395525713846795
A3D9PJ37U7LCHE,ns,20-1,20.0,1000.0,0.7594436740552702,0.7775972317272868,0.018153557672016638
A3EVXSWHYA1PTT,rec,20-1,20.0,1000.0,0.829633033805285,0.7753928225873403,-0.05424021121794467
A3GIUDSA1IGTFV,ns,20-1,20.0,1000.0,0.7760906665313324,0.8469543871369342,0.07086372060560174
A3HXK0UGS1YDMC,prim,20-1,20.0,1000.0,0.8648401172662177,0.7909488815598024,-0.0738912357064153
A3ITZNJQUTIZ4C,rec,20-1,20.0,1000.0,0.8384699811637617,0.5454228063603064,-0.29304717480345543
A3MHP4LZ3V88NF,prim,20-1,20.0,1000.0,0.9107885838245717,0.8823308156039487,-0.028457768220622934
A3NRIEMOJVVX4A,rec,20-1,20.0,1000.0,0.8782981469102793,0.6643297781670944,-0.21396836874318492
A3PEV3KN6F7JRG,ns,20-1,20.0,1000.0,0.7553882664176781,0.7414847429356357,-0.013903523482042348
A3QKOYP52HYRH2,rec,20-1,20.0,1000.0,0.718499685250298,0.6807487219145092,-0.03775096333578873
A3RFOODI4G4P4K,rec,20-1,20.0,1000.0,0.8400102839463615,0.6935498719016373,-0.14646041204472418
A3RHJEMZ4EGY2U,rec,20-1,20.0,1000.0,0.611547908337124,0.5810995052401302,-0.030448403096993794
A3S76P3L3USWI1,prim,20-1,20.0,1000.0,0.8788963918900894,0.8515125669841072,-0.027383824905982224
A3USPFFWN1G5PF,rec,20-1,20.0,1000.0,0.7732640165441177,0.6050852788364277,-0.16817873770768993
A50UY1556VDIA,ns,20-1,20.0,1000.0,0.7906170570079883,0.7156075187152853,-0.07500953829270311
A7R1OLLU1Z6RA,rec,20-1,20.0,1000.0,0.8079912586392367,0.682103823768123,-0.1258874348711136
AEJU0MCYOQC77,prim,20-1,20.0,1000.0,0.8349465473478954,0.8644167777986852,0.02947023045078973
AHU3EE2Q05E18,prim,20-1,20.0,1000.0,0.8856191065836057,0.8154255407874105,-0.07019356579619511
AJD90361AJO80,ns,20-1,20.0,1000.0,0.6927877761479171,0.6898764046813011,-0.002911371466616014
AK52RXEJKR81A,ns,20-1,20.0,1000.0,0.8541731622853966,0.7989034781155994,-0.05526968416979744
AMJAZPJBO936R,prim,20-1,20.0,1000.0,0.874085032465662,0.8554952626325394,-0.01858976983312265
AOQZVAH5FSKGE,prim,20-1,20.0,1000.0,0.8649485488639901,0.8456698400805543,-0.019278708783435683
AQCJI23U1VBYD,prim,20-1,20.0,1000.0,0.9205798277065456,0.9143208881624717,-0.006258939544073892
AQPFTUIJ0PW2N,prim,20-1,20.0,1000.0,0.7162114845938374,0.7411823062558357,0.02497082166199816
AXFCUZ1WQC2WY,ns,20-1,20.0,1000.0,0.7938858266370522,0.8144896103175324,0.02060378368048026
AY7M9MOLNXIIK,ns,20-1,20.0,1000.0,0.9067277142338417,0.7941031920570611,-0.11262452217678057
AZZA3J049G7R5,rec,20-1,20.0,1000.0,0.820834768090819,0.7934242876281568,-0.027410480462662284
A102RSV009OCUW,prim,15-2,15.0,2000.0,0.9357076983412211,0.9046214130152623,-0.03108628532595886
A11BHGAKU0RIH8,rec,15-2,15.0,2000.0,0.8539284403867737,0.8461260505184116,-0.00780238986836209
A13GBA16BNTN1A,rec,15-2,15.0,2000.0,0.7430586642944598,0.6424102474055126,-0.1006484168889472
A13THDIE8LTQ11,ns,15-2,15.0,2000.0,0.7932206344966762,0.8064004247584976,0.013179790261821495
A150QX2OXHGK8P,rec,15-2,15.0,2000.0,0.7085713931831356,0.670659130623732,-0.037912262559403616
A151XA53WYXVD7,prim,15-2,15.0,2000.0,0.7997596153846154,0.814276429551389,0.014516814166773553
A1618RA11ZOD8Y,rec,15-2,15.0,2000.0,0.7251232367219921,0.6988695853446598,-0.026253651377332383
A19X8IA9EKC3XH,ns,15-2,15.0,2000.0,0.8589667103729605,0.6990756097683182,-0.15989110060464232
A1CFMY4CEYOM8Y,rec,15-2,15.0,2000.0,0.641696656931032,0.6466666416145583,0.004969984683526343
A1E0K2VGY2684V,ns,15-2,15.0,2000.0,0.8134081682206682,0.7658444464486132,-0.04756372177205509
A1NQOR4RQJJDMW,ns,15-2,15.0,2000.0,0.9110791340218423,0.7775024801587301,-0.13357665386311218
A1PZIN8H1VI6SY,prim,15-2,15.0,2000.0,0.9082048633184997,0.9387869268077601,0.030582063489260455
A1QRIZY9WJW3R1,prim,15-2,15.0,2000.0,0.9276052942743285,0.8612083195546737,-0.06639697471965467
A1QXJZFA5NVGM3,prim,15-2,15.0,2000.0,0.9465681729886275,0.9476990276138004,0.0011308546251728117
A1ROEDVMTO9Y3X,ns,15-2,15.0,2000.0,0.8505953694874149,0.8123178808512614,-0.038277488636153434
A1SCF3L6LTFQHF,prim,15-2,15.0,2000.0,0.9786069391467118,0.960782786312413,-0.01782415283429894
A1T7EB1WEDCMXV,ns,15-2,15.0,2000.0,0.7931219648407148,0.7136672278338946,-0.07945473700682038
A1TR2AOKWGQ78A,ns,15-2,15.0,2000.0,0.7769448144448146,0.7808041583636821,0.0038593439188677296
A1UOP419O6P55R,prim,15-2,15.0,2000.0,0.9518974437459287,0.9465515457866648,-0.005345897959263768
A1WM3INNDW2776,ns,15-2,15.0,2000.0,0.8094477794406771,0.7008307905443322,-0.10861698889634498
A1Z82Y9E6YWY80,ns,15-2,15.0,2000.0,0.9296907375032375,0.6999234658088824,-0.22976727169435504
A2113B699TVADG,prim,15-2,15.0,2000.0,0.9685298093110594,0.9168804738856824,-0.05164933542537711
A219SZBLCCCXN9,prim,15-2,15.0,2000.0,0.7558862591533047,0.7214022392225179,-0.034484019930786765
A22GYYJXTS5KBH,ns,15-2,15.0,2000.0,0.8226439805985261,0.6709224163532875,-0.1517215642452385
A22Y78RVB8UFTD,ns,15-2,15.0,2000.0,0.7634777259777259,0.7116351385882635,-0.05184258738946239
A233LLG8YAXWF,rec,15-2,15.0,2000.0,0.7896624498186999,0.571957671957672,-0.2177047778610279
A24GX1OZE6AY04,ns,15-2,15.0,2000.0,0.8067854340324578,0.6557833167989418,-0.1510021172335161
A26MT7KJ7NJLRN,ns,15-2,15.0,2000.0,0.643173420907796,0.5251193357182941,-0.11805408518950189
A26T0U2Y6LZOF3,rec,15-2,15.0,2000.0,0.6762286324786324,0.7330606661856662,0.0568320337070337
A29J4LL0MQL3AC,prim,15-2,15.0,2000.0,0.9488479197570107,0.917302315634702,-0.031545604122308696
A2G4R0GS677RC2,rec,15-2,15.0,2000.0,0.8598970473970475,0.8636126893939394,0.0037156419968919496
A2IV3SSVTU90BN,ns,15-2,15.0,2000.0,0.670882081670434,0.6848494857940881,0.013967404123654104
A2KZN3UH5NGC9,rec,15-2,15.0,2000.0,0.6872447147759648,0.6848011479949725,-0.00244356678099239
A2MBFIAGBPU5NG,prim,15-2,15.0,2000.0,0.828863514957265,0.7785590428090429,-0.05030447214822216
A2O86E23R5T4YO,prim,15-2,15.0,2000.0,0.9662912030099531,0.9395337373164754,-0.026757465693477638
A2PTABUVOUYAH5,ns,15-2,15.0,2000.0,0.7460309222027972,0.7594458974667309,0.013414975263933582
A2R75YFKVALBXE,rec,15-2,15.0,2000.0,0.8059274637399638,0.5346114919031586,-0.2713159718368052
A2RU1Q3C9VHBAO,prim,15-2,15.0,2000.0,0.8635095741800287,0.8067857633650721,-0.05672381081495667
A2RVG8Y97DE0GM,prim,15-2,15.0,2000.0,0.9606237013197241,0.9687460690422226,0.00812236772249849
A2UJ9GDNVPX99C,prim,15-2,15.0,2000.0,0.9435879589160839,0.897860262262172,-0.04572769665391196
A2UYZFH5VT5R3H,rec,15-2,15.0,2000.0,0.8277278724011679,0.5746635706815632,-0.2530643017196048
A2Y8LZS5C81O25,prim,15-2,15.0,2000.0,0.8546205057568694,0.7918479915496961,-0.06277251420717331
A30NL5N71G2YAU,ns,15-2,15.0,2000.0,0.8188627202973793,0.827640505189105,0.00877778489172564
A310Y949ILSN3P,prim,15-2,15.0,2000.0,0.9726637569606319,0.9363582802228636,-0.03630547673776842
A31P78W9ZCQXCS,ns,15-2,15.0,2000.0,0.7872763087606838,0.7194065307625576,-0.06786977799812623
A347RDI3HZOUCY,prim,15-2,15.0,2000.0,0.9431414281215418,0.9136697016157244,-0.029471726505817423
A34HQHGLIW1FYS,ns,15-2,15.0,2000.0,0.7964497247222941,0.791501788967264,-0.004947935755030129
A34IPEKX5WXJIN,prim,15-2,15.0,2000.0,0.8625065909469319,0.8213383028257217,-0.0411682881212102
A34YNEN8UUI3CD,ns,15-2,15.0,2000.0,0.7502039627039626,0.627240546700774,-0.12296341600318877
A35VI4SE31HD17,prim,15-2,15.0,2000.0,0.9403589466089467,0.8048086376806615,-0.13555030892828515
A36S0DI86PL4J6,prim,15-2,15.0,2000.0,0.910780220498497,0.9385126181206911,0.02773239762219401
A384KX8MUIJSTJ,ns,15-2,15.0,2000.0,0.8187349617974619,0.7700868024240419,-0.0486481593734198
A38DHLB88V8DL8,rec,15-2,15.0,2000.0,0.8104233575066909,0.8040840143927942,-0.006339343113896679
A3AWQ3AACIPXM2,ns,15-2,15.0,2000.0,0.9583333333333334,0.6732954545454546,-0.2850378787878788
A3BA2WMGN6KHUU,ns,15-2,15.0,2000.0,0.8722195050320051,0.9027639669083122,0.030544461876307098
A3BN69Q9D7RQGR,ns,15-2,15.0,2000.0,0.5246309246309245,0.7666621572871573,0.24203123265623264
A3C25IBTLB60RQ,prim,15-2,15.0,2000.0,0.8870186237373738,0.9152647569444445,0.028246133207070707
A3FOKP72T5I4FR,ns,15-2,15.0,2000.0,0.692618762410429,0.6957644901394902,0.0031457277290610694
A3HBB9JT9WVZS4,ns,15-2,15.0,2000.0,0.7925599636667345,0.7393484487018713,-0.05321151496486322
A3HOPYBWSR1TWR,prim,15-2,15.0,2000.0,0.9140331539952753,0.8457358411556644,-0.06829731283961082
A3IBDJ12CRTQQN,prim,15-2,15.0,2000.0,0.9362944725028058,0.8804383659678798,-0.05585610653492599
A3IHTJXHWPQ2JR,rec,15-2,15.0,2000.0,0.8877533953315203,0.8022112022769264,-0.08554219305459386
A3MWLHSW9B9RHU,prim,15-2,15.0,2000.0,0.9768188513927151,0.9529006645510975,-0.023918186841617593
A3ORKXM3WG8QJ9,prim,15-2,15.0,2000.0,0.9757622554213463,0.9404020316804409,-0.035360223740905555
A3P52W1SBJUT5N,ns,15-2,15.0,2000.0,0.7679920931341386,0.6529199667125803,-0.11507212642155826
A3U27ZHUGOPIAN,prim,15-2,15.0,2000.0,0.6628424637669429,0.7587876702290764,0.09594520646213354
A3UA50A6GKNAMR,prim,15-2,15.0,2000.0,0.7728100516381766,0.759132748497828,-0.01367730314034878
A3UE8ANAIM7F15,ns,15-2,15.0,2000.0,0.7968827921692505,0.790640597323385,-0.006242194845865488
A3UGB3B1S74HR9,prim,15-2,15.0,2000.0,0.9214515952797203,0.8781009416252472,-0.04335065365447313
A3UUW04QL49RSC,prim,15-2,15.0,2000.0,0.9464794802034386,0.9013263890976564,-0.045153091105782084
A6HDSE80LQPR8,rec,15-2,15.0,2000.0,0.7788443327505827,0.5538584956709958,-0.22498583707958708
AAOOH6P4HHSCS,prim,15-2,15.0,2000.0,0.9203965797985685,0.8930300337201378,-0.027366546078430587
ADGJXUEMPLTMS,prim,15-2,15.0,2000.0,0.8269927988677989,0.7768439640165831,-0.05014883485121584
AEF1G6YE8RIB8,prim,15-2,15.0,2000.0,0.875150462962963,0.8476030205327081,-0.027547442430254955
AERGHZBQFT309,ns,15-2,15.0,2000.0,0.8897076736920487,0.5919333776755652,-0.29777429601648353
AESZJEZTZEW01,ns,15-2,15.0,2000.0,0.8900736763236763,0.6112461777640349,-0.27882749855964145
AEX1I7K7OVHHC,rec,15-2,15.0,2000.0,0.8411192048692048,0.8874252044252043,0.04630599955599956
AEXRVIK8SKB4V,prim,15-2,15.0,2000.0,0.9626351657601658,0.8614188762626263,-0.1012162894975395
AF0W4ZBY7VXOU,rec,15-2,15.0,2000.0,0.6475080937580938,0.6022936207311207,-0.045214473026973054
AFZGUWYLC0NG0,ns,15-2,15.0,2000.0,0.7340556337952171,0.75890681784779,0.024851184052572924
AGANKP4PUZ4NC,prim,15-2,15.0,2000.0,0.7474348182681516,0.7013108933247821,-0.04612392494336939
AHY3YAYJLTW32,rec,15-2,15.0,2000.0,0.9087792994042994,0.48416697355499444,-0.424612325849305
AL9SYQEUTNJXT,prim,15-2,15.0,2000.0,0.9286009129759131,0.9046566211887392,-0.023944291787173746
ALDQRWYZ8KQ9A,rec,15-2,15.0,2000.0,0.807834778619749,0.6705524947247418,-0.1372822838950071
AM65LGXJBTJ0I,ns,15-2,15.0,2000.0,0.7031720909561819,0.7396932665398575,0.03652117558367557
AOIR8V07FYMH5,rec,15-2,15.0,2000.0,0.7405411284317535,0.6273339620273806,-0.11320716640437287
AR0VJ5XRG16UJ,rec,15-2,15.0,2000.0,0.703855974272641,0.7680923946809364,0.06423642040829537
AU5UJIZ3TLI5M,rec,15-2,15.0,2000.0,0.8445790013332627,0.7474386485252963,-0.09714035280796647
AW2UVK63OLFW,ns,15-2,15.0,2000.0,0.6620056534900285,0.7166892259113241,0.05468357242129564
AW5O1RK3W60FC,rec,15-2,15.0,2000.0,0.7307069695350945,0.6442599481922399,-0.0864470213428547
AWRY5SC68T0DC,prim,15-2,15.0,2000.0,0.9308784459175083,0.8841728900279248,-0.04670555588958368
AWTCGY2CL1T68,prim,15-2,15.0,2000.0,0.9635596324445757,0.9076930462602473,-0.05586658618432836
AXSBX0MCQNG3A,prim,15-2,15.0,2000.0,0.9465001696535787,0.9035200216450217,-0.04298014800855712
A14WLAP6TCEKO0,rec,30-1,30.0,1000.0,0.7573094356874658,0.7045032944927703,-0.05280614119469547
A15V9BXNJXZXZX,ns,30-1,30.0,1000.0,0.6742280089006817,0.7059537549086793,0.031725746007997546
A16335MOISDG1F,rec,30-1,30.0,1000.0,0.897753951295618,0.6086275297518504,-0.28912642154376755
A17FJLW818UEQU,rec,30-1,30.0,1000.0,0.6635304094594051,0.7500109055406631,0.08648049608125814
A186PT9ZLO5EJD,prim,30-1,30.0,1000.0,0.9673473303819773,0.9358532006160549,-0.03149412976592236
A1AS1H21O9896X,ns,30-1,30.0,1000.0,0.7692115779590061,0.8145502294914557,0.04533865153244958
A1AYTKAQT201ZV,prim,30-1,30.0,1000.0,0.9135056988913592,0.9082059912929596,-0.005299707598399536
A1EII5EWOTBDK9,rec,30-1,30.0,1000.0,0.7286766954110704,0.648315227493327,-0.08036146791774335
A1F9KLZGHE9DTA,rec,30-1,30.0,1000.0,0.8536819690621208,0.6720051311252162,-0.1816768379369046
A1IGKJ200N82S9,rec,30-1,30.0,1000.0,0.7421390299319798,0.8015714810983317,0.059432451166351846
A1KGUJMWDCPSYG,rec,30-1,30.0,1000.0,0.6876257241399905,0.6486632277084325,-0.038962496431557844
A1M1E62KXCDNL0,ns,30-1,30.0,1000.0,0.6688450411541067,0.6297524849276972,-0.039092556226409426
A1MG8KNVSVZ365,prim,30-1,30.0,1000.0,0.8025051024194241,0.8607952812631829,0.05829017884375884
A1MKEILXWWLBW2,rec,30-1,30.0,1000.0,0.567393861925112,0.7773889856620835,0.20999512373697157
A1O67YS3DU0ZHX,rec,30-1,30.0,1000.0,0.8979559445579438,0.7093405957695063,-0.18861534878843755
A1Q0G8JA5EZ8EI,rec,30-1,30.0,1000.0,0.8191415746716062,0.7966669581854429,-0.022474616486163286
A1SLJKNSNHOJRN,rec,30-1,30.0,1000.0,0.795537082484131,0.6888102030527586,-0.10672687943137242
A1T2P6E67251U5,prim,30-1,30.0,1000.0,0.9555385336352737,0.9253090726623577,-0.03022946097291604
A1U4WS9KJMADV,rec,30-1,30.0,1000.0,0.7099607168361698,0.6223443305521537,-0.08761638628401612
A1X4T3QSIE8YYX,prim,30-1,30.0,1000.0,0.9578368968344958,0.928708839815794,-0.029128057018701872
A225J5T6WHO2MG,prim,30-1,30.0,1000.0,0.9230533714613576,0.9123511753407437,-0.010702196120613811
A23KDD6OPM4NJ0,prim,30-1,30.0,1000.0,0.8958861856165097,0.7664447340564235,-0.1294414515600861
A25Y3D2Y2DR8WM,prim,30-1,30.0,1000.0,0.8942603330963002,0.8978646789674534,0.003604345871153023
A26XKTGGGYBI4J,prim,30-1,30.0,1000.0,0.9005636643791737,0.8885091802495332,-0.012054484129640518
A28OD52SMLYQ16,rec,30-1,30.0,1000.0,0.7743885350706489,0.763555506104431,-0.01083302896621776
A28TA25NJGLL3Y,prim,30-1,30.0,1000.0,0.8961363683809034,0.8395824839307047,-0.05655388445019878
A28ZPY6D5AS7GZ,ns,30-1,30.0,1000.0,0.7380325079013351,0.717805774609546,-0.020226733291789034
A2ASRB2MTHDHPD,prim,30-1,30.0,1000.0,0.9777907786945619,0.9625457710667833,-0.015245007627778492
A2BUHMLNE3LUU0,ns,30-1,30.0,1000.0,0.7579931036042147,0.6370686551071026,-0.12092444849711209
A2E2SLXF4KQ3S1,prim,30-1,30.0,1000.0,0.9527077916756914,0.9452294575861708,-0.007478334089520591
A2FJIZUHR6E4EZ,prim,30-1,30.0,1000.0,0.9437699007594311,0.9148506629580276,-0.028919237801403555
A2G2T6EMXAOKMS,rec,30-1,30.0,1000.0,0.8614675134536246,0.49919048099246105,-0.36227703246116355
A2GRA6N98ZPIQ1,prim,30-1,30.0,1000.0,0.9454994631139118,0.9428212497939479,-0.0026782133199639135
A2IKLJWU2OJ1YX,prim,30-1,30.0,1000.0,0.8700879119650254,0.8550908394153015,-0.014997072549723923
A2K5AXCSY703CU,ns,30-1,30.0,1000.0,0.7568604419712512,0.8303349988866234,0.07347455691537226
A2MV1R6YYOIO30,prim,30-1,30.0,1000.0,0.8575106156703379,0.7658893596494795,-0.09162125602085842
A2NU82V08QSPCC,prim,30-1,30.0,1000.0,0.6901019708880015,0.6183251020216777,-0.07177686886632387
A2NY0VWEWDULC6,rec,30-1,30.0,1000.0,0.7494967631307456,0.7727038332560929,0.02320707012534735
A2OFVEA8BEJDZN,ns,30-1,30.0,1000.0,0.8597580646719536,0.7958980393133923,-0.0638600253585613
A2P83PY6P7ECM5,ns,30-1,30.0,1000.0,0.9164946546025189,0.8017383394118167,-0.11475631519070223
A2PUL3ZDXOW0VZ,rec,30-1,30.0,1000.0,0.8223516462318545,0.4950483817242434,-0.32730326450761116
A2ROI30AQITC3V,ns,30-1,30.0,1000.0,0.6352138431319849,0.6096739245602318,-0.025539918571753164
A2VZN8J53Y5WYR,prim,30-1,30.0,1000.0,0.9502557715558014,0.9498880202639001,-0.0003677512919013238
A2XMRJKCNKLL4E,ns,30-1,30.0,1000.0,0.773736079956566,0.8592283936037798,0.08549231364721382
A2Y0VM8BAF0RMT,ns,30-1,30.0,1000.0,0.7350853927499027,0.7025254356217057,-0.03255995712819705
A2ZGAH6NOSU2PO,rec,30-1,30.0,1000.0,0.8473426508855252,0.5295814391512852,-0.3177612117342401
A30DHHAL100LZR,ns,30-1,30.0,1000.0,0.7716852101327603,0.9317227518661292,0.16003754173336898
A31SZFE8M7YK0S,ns,30-1,30.0,1000.0,0.8771623152795992,0.8121452555720556,-0.06501705970754354
A34DYM8J0X5VK,rec,30-1,30.0,1000.0,0.808998528801669,0.5825350532699615,-0.2264634755317074
A36IB78C6MVA3,prim,30-1,30.0,1000.0,0.9091668199062524,0.9023175789606892,-0.006849240945563055
A389Y151TAJ4XG,ns,30-1,30.0,1000.0,0.8179753984448068,0.8336822775245137,0.015706879079706984
A3AY0315YWWNXY,rec,30-1,30.0,1000.0,0.806523657418818,0.8702762442469739,0.06375258682815586
A3EUH97BRHRSI6,rec,30-1,30.0,1000.0,0.6665760195308806,0.7185884575052168,0.05201243797433617
A3I97794CB5SUO,rec,30-1,30.0,1000.0,0.8264374074356713,0.5762103341102018,-0.25022707332546956
A3RVHUY67SVXQV,ns,30-1,30.0,1000.0,0.8673991291979246,0.8379430821101002,-0.029456047087824413
A3TX84QHD321M7,prim,30-1,30.0,1000.0,0.9305121480082418,0.8914756988571819,-0.03903644915105981
A3UCN8EJI08X2P,ns,30-1,30.0,1000.0,0.7614057762721713,0.7853732541142082,0.02396747784203705
A3UQ5DF8VVD975,rec,30-1,30.0,1000.0,0.840486966341575,0.6894159015881142,-0.15107106475346097
A3V71NT2X4HD1I,prim,30-1,30.0,1000.0,0.9336048489505979,0.8821590186750007,-0.05144583027559735
A51TGVVYJF7T0,prim,30-1,30.0,1000.0,0.9082390326580141,0.8586514302666537,-0.04958760239136037
A7USTT4KU1ZBO,ns,30-1,30.0,1000.0,0.7012941325007297,0.7536826948824076,0.052388562381678
AB5WBMZGLX57B,ns,30-1,30.0,1000.0,0.6469859716993869,0.6463369137008087,-0.0006490579985782598
ACBROX4H8BSW3,rec,30-1,30.0,1000.0,0.78345088441893,0.6151202331698634,-0.16833065124906652
ADJ9I7ZBFYFH7,rec,30-1,30.0,1000.0,0.8010888908684802,0.5658310514535889,-0.23525783941489137
AGILQEFEPEK7N,ns,30-1,30.0,1000.0,0.6361200871530732,0.7810618995537474,0.1449418124006741
AH7HACNNRSIPO,ns,30-1,30.0,1000.0,0.8240095988116821,0.7785410916757992,-0.04546850713588294
AIDU49N2KO05N,ns,30-1,30.0,1000.0,0.869243304204996,0.8368278575316922,-0.032415446673303754
AJUVX0E4OPTAO,prim,30-1,30.0,1000.0,0.8769745492441448,0.8859472677262674,0.008972718482122746
AK3GAHRZ6M6WM,rec,30-1,30.0,1000.0,0.7276210571835573,0.8111829741617713,0.08356191697821413
AKE4AYF86KJVU,rec,30-1,30.0,1000.0,0.7910428595803208,0.6373266820740268,-0.15371617750629402
AKNBC1TE88NDO,rec,30-1,30.0,1000.0,0.6317936153352819,0.47616766532251226,-0.15562595001276971
AKX4H8RT7BL7H,rec,30-1,30.0,1000.0,0.8009990473109984,0.7146073872811346,-0.08639166002986386
AOYDGVOZUIHII,prim,30-1,30.0,1000.0,0.9324773386074554,0.8942677624454591,-0.03820957616199603
AP4B1GJIT3HYF,ns,30-1,30.0,1000.0,0.8058433973678683,0.787243011564693,-0.018600385803175225
AXFH1DT8PR0K2,prim,30-1,30.0,1000.0,0.8828573367721919,0.8947214936825509,0.011864156910359115
AXFP50XOZD2NI,rec,30-1,30.0,1000.0,0.726915422347714,0.6631744171249043,-0.06374100522280964
A12LX24NC3FP2U,ns,20-2,20.0,2000.0,0.6700879240585123,0.792983583876441,0.12289565981792872
A161VPQSXLLV8U,ns,20-2,20.0,2000.0,0.8670097823158733,0.8653334176783515,-0.0016763646375219567
A166P9BSWIFF32,prim,20-2,20.0,2000.0,0.9064227441116739,0.8901747330251119,-0.016248011086562007
A17IPELR5NC2LZ,prim,20-2,20.0,2000.0,0.8779353290137605,0.887398567451672,0.009463238437911659
A17TMQWTCJVOV5,rec,20-2,20.0,2000.0,0.7016706059265035,0.6771305541835636,-0.024540051742939994
A1CB9NR3SN4VMY,prim,20-2,20.0,2000.0,0.9447745092840943,0.9201364095560524,-0.024638099728041936
A1FM638CHGPC1M,ns,20-2,20.0,2000.0,0.8836008627664352,0.8700504312156099,-0.013550431550825456
A1HENLDLQEO5BZ,prim,20-2,20.0,2000.0,0.97890927767766,0.9720204939047945,-0.006888783772865537
A1J39RAV7TKEMF,ns,20-2,20.0,2000.0,0.6997678376906318,0.8204492335007041,0.12068139581007227
A1JL3HCA0MK9UI,prim,20-2,20.0,2000.0,0.9040311393654683,0.845496949520387,-0.05853418984508138
A1L5A88C9PPK5L,prim,20-2,20.0,2000.0,0.9774734517649653,0.9488396648224278,-0.0286337869425375
A1LA6CIGBNDOH9,rec,20-2,20.0,2000.0,0.7042410086140938,0.5402639721389721,-0.16397703647512163
A1MD74JPL7E9PK,prim,20-2,20.0,2000.0,0.91049824929972,0.8067228234728234,-0.10377542582689642
A1O0K8V58YRL4A,ns,20-2,20.0,2000.0,0.7252000337171906,0.8246273476368015,0.09942731391961084
A1PTX4IB9R34LI,rec,20-2,20.0,2000.0,0.5271204693998812,0.5743778448879552,0.04725737548807403
A1S2EXYEG5I8HW,rec,20-2,20.0,2000.0,0.7438797014354176,0.7328809163228661,-0.010998785112551436
A1SJLXB0XFCJ97,prim,20-2,20.0,2000.0,0.829250084321316,0.8256420994099147,-0.0036079849114011714
A1TPGXT718D68E,rec,20-2,20.0,2000.0,0.7930682844638115,0.6113119796607013,-0.18175630480311017
A1TVWMWE03AWAW,rec,20-2,20.0,2000.0,0.7948040755654114,0.7170514616880163,-0.07775261387739504
A1VEOI1H4AE1T3,prim,20-2,20.0,2000.0,0.9345507570386298,0.9645114930401388,0.029960736001509093
A1WT2CM71Z9MP3,prim,20-2,20.0,2000.0,0.6940581741436483,0.6880952752604539,-0.005962898883194607
A20YXCVKHSTSPC,prim,20-2,20.0,2000.0,0.9357062241170955,0.960445864573638,0.024739640456542283
A2147HO7VBGJCU,prim,20-2,20.0,2000.0,0.9397369087495138,0.8393274782276406,-0.10040943052187325
A248QG4DPULP46,ns,20-2,20.0,2000.0,0.7279098197043969,0.5436239801864802,-0.18428583951791672
A25S9Y5DZ9OR16,prim,20-2,20.0,2000.0,0.8533376236296988,0.8427705806062227,-0.010567043023476105
A25VK411P03A5T,rec,20-2,20.0,2000.0,0.836424589458548,0.8061616113407746,-0.030262978117773464
A289D98Z4GAZ28,prim,20-2,20.0,2000.0,0.8274310197563874,0.5905169177228001,-0.23691410203358731
A2BTEQA95MCIHU,prim,20-2,20.0,2000.0,0.7879901960784315,0.8057283736144031,0.017738177535971688
A2E8PL8ZWIZVJ0,prim,20-2,20.0,2000.0,0.9714814309805119,0.9592855836293337,-0.012195847351178218
A2I6HVUDBTGD1,prim,20-2,20.0,2000.0,0.9265314197988831,0.9173466088597649,-0.009184810939118052
A2KHR0GTA0DBWI,rec,20-2,20.0,2000.0,0.902522504898424,0.8613046205600656,-0.041217884338358365
A2KT30RCVX67ZS,prim,20-2,20.0,2000.0,0.957529131733712,0.9454487208164044,-0.01208041091730763
A2MMGDAA7JJKIE,prim,20-2,20.0,2000.0,0.9517613439630903,0.9204419071724426,-0.031319436790647706
A2MOKIEQZ0OF2M,prim,20-2,20.0,2000.0,0.9413117927122071,0.8809075739259272,-0.06040421878627996
A2NZ783AY1LBPW,prim,20-2,20.0,2000.0,0.8813345004624001,0.867653287371184,-0.013681213091216182
A2NZAL7KHOR6VF,rec,20-2,20.0,2000.0,0.775758007886203,0.6519428692587175,-0.12381513862748544
A2OOS7IXSKJFFI,ns,20-2,20.0,2000.0,0.7215969952795934,0.8188298267539339,0.09723283147434059
A2P2YEHX1FXD20,rec,20-2,20.0,2000.0,0.9102908269789398,0.8681730152563487,-0.04211781172259111
A2QHI85LQPJZYP,prim,20-2,20.0,2000.0,0.8651476313064004,0.822154830373851,-0.04299280093254942
A2SSY7MHPDQVUS,prim,20-2,20.0,2000.0,0.928265768902258,0.7559939918036509,-0.17227177709860703
A2UX2W49R55PH4,prim,20-2,20.0,2000.0,0.7130294652583256,0.7149311784008476,0.0019017131425219658
A2VIKCIM9TZL22,rec,20-2,20.0,2000.0,0.9026732584167224,0.6383178909499098,-0.2643553674668128
A2XGHLVP2C1FVA,ns,20-2,20.0,2000.0,0.7921553801809186,0.7095789355871202,-0.08257644459379841
A2XVLOZY7FJCC2,rec,20-2,20.0,2000.0,0.6299379334014751,0.5575679005013481,-0.07237003290012703
A2ZVBFH732LYXQ,prim,20-2,20.0,2000.0,0.975118489562551,0.9662920731715374,-0.008826416391013567
A304UJAE051J89,rec,20-2,20.0,2000.0,0.8013383979656192,0.6961649699031328,-0.10517342806248639
A312HQ3OU0EYTB,rec,20-2,20.0,2000.0,0.696598192339614,0.6219190986903697,-0.07467909364924419
A35S8HPY0V445,ns,20-2,20.0,2000.0,0.781212646937984,0.6564651545504654,-0.12474749238751859
A37GOI3N77WX21,ns,20-2,20.0,2000.0,0.5920838677796617,0.6597451140680307,0.067661246288369
A389UA2GRCJ6,prim,20-2,20.0,2000.0,0.8967966055056282,0.7927665270728613,-0.10403007843276686
A3A7XOKH39SYOI,prim,20-2,20.0,2000.0,0.9163240400326798,0.8994467722622266,-0.016877267770453182
A3B0CMCBWAND7,rec,20-2,20.0,2000.0,0.8479141087302086,0.7272905939340091,-0.1206235147961995
A3C4WGE4SOGM1,ns,20-2,20.0,2000.0,0.7156688753784343,0.8396154310509257,0.12394655567249149
A3CKVVGWBS4NGU,prim,20-2,20.0,2000.0,0.9478546971167222,0.9216168058695454,-0.02623789124717693
A3GDVKIN7ZGUG9,rec,20-2,20.0,2000.0,0.7186781014804913,0.6632932798322408,-0.055384821648250315
A3HE29W5IDR394,rec,20-2,20.0,2000.0,0.6497097719073384,0.6363789165980724,-0.013330855309265983
A3I1SGVY37KR4A,ns,20-2,20.0,2000.0,0.7239647093405264,0.7998858642459833,0.07592115490545698
A3J5HRXH4F64SP,ns,20-2,20.0,2000.0,0.776199494949495,0.5100859036796537,-0.26611359126984124
A3LVLZS8S41ZD7,rec,20-2,20.0,2000.0,0.6738082379649202,0.5929374656290578,-0.08087077233586229
A3LXARU55PR281,ns,20-2,20.0,2000.0,0.8635099576689651,0.8874597516267904,0.023949793957825302
A3TR3KIRG5PCZ8,prim,20-2,20.0,2000.0,0.9071684213458111,0.807401861873056,-0.09976655947275517
A3U2A632YWEX7B,prim,20-2,20.0,2000.0,0.9623994605706718,0.9214077541473995,-0.04099170642327229
A3U69MNO1JC7V4,rec,20-2,20.0,2000.0,0.8796364555660228,0.810860192462685,-0.06877626310333768
A3UMHUWJKRGKNR,rec,20-2,20.0,2000.0,0.66064657548666,0.7557300341616155,0.09508345867495563
A3VW5PI9ZX9DOD,ns,20-2,20.0,2000.0,0.8513972101186154,0.881119795039066,0.029722584920450535
A4HWADFPGP45G,ns,20-2,20.0,2000.0,0.8277531195882911,0.8761535417027145,0.048400422114423365
AFRKVRPZ2RHY8,rec,20-2,20.0,2000.0,0.8475931661271736,0.6079508393192106,-0.239642326807963
AHZCC2V399WUN,ns,20-2,20.0,2000.0,0.7311817882666535,0.8731774170694626,0.14199562880280908
AJABAPM32ETMN,rec,20-2,20.0,2000.0,0.7220543900430543,0.8151045585073363,0.09305016846428206
AK1EF4NACR1UJ,prim,20-2,20.0,2000.0,0.9331881967679047,0.9344904939958264,0.0013022972279216694
AKIT35WR8HEQ3,prim,20-2,20.0,2000.0,0.782362075617284,0.809721853956229,0.027359778338945026
AP9WIQ4P78XLH,rec,20-2,20.0,2000.0,0.6900839879301889,0.5371210505088346,-0.15296293742135428
AR9AU5FY1S3RO,rec,20-2,20.0,2000.0,0.767188624142515,0.7230187846665119,-0.04416983947600313
AXCDKBG1R43GE,ns,20-2,20.0,2000.0,0.6562562690445145,0.7100005795938336,0.05374431054931902
A102WSFN62OS6I,ns,40-1,40.0,1000.0,0.8296299556108097,0.8781968925207652,0.04856693690995556
A13WTEQ06V3B6D,rec,40-1,40.0,1000.0,0.7341415196018671,0.7012923857140227,-0.03284913388784435
A178HXQENEAI65,rec,40-1,40.0,1000.0,0.9161645084343701,0.9037035323749966,-0.012460976059373473
A1BLHM2IDH7DH4,prim,40-1,40.0,1000.0,0.9437126736553716,0.9111652960767878,-0.03254737757858368
A1DJB12ZI46GPX,prim,40-1,40.0,1000.0,0.8909916575876269,0.8660887327500469,-0.02490292483757993
A1DZMZTXWOM9MR,rec,40-1,40.0,1000.0,0.9230419559846643,0.4993330792209609,-0.4237088767637035
A1EU59VMI8GL4K,rec,40-1,40.0,1000.0,0.7104502891482865,0.6764969225502995,-0.03395336659798702
A1F0VEHWK3IAF4,ns,40-1,40.0,1000.0,0.8439276224435738,0.8121371101044903,-0.03179051233908343
A1HGWCCIWP7AO0,ns,40-1,40.0,1000.0,0.8063803532410896,0.7765591630361817,-0.029821190204907727
A1IL5P5H5VRW0D,prim,40-1,40.0,1000.0,0.9086182868991607,0.8253139299609582,-0.08330435693820243
A1J5OW12TRQSOW,ns,40-1,40.0,1000.0,0.8185184502535126,0.720107909041813,-0.09841054121169955
A1KCSGTT6Y26LH,prim,40-1,40.0,1000.0,0.9016402058591186,0.8643650447646791,-0.03727516109443955
A1RQ8PX7A0CH3C,rec,40-1,40.0,1000.0,0.6051687560258004,0.6832332069764636,0.07806445095066317
A1RY1N37JYUHBU,prim,40-1,40.0,1000.0,0.9108831035584602,0.8691523300844953,-0.04173077347396498
A1S54RQW9FDK0X,ns,40-1,40.0,1000.0,0.7881483178406667,0.7456174075411193,-0.04253091029954746
A1TG34GJ1WTN0C,prim,40-1,40.0,1000.0,0.8785841790525282,0.7681166022104845,-0.1104675768420437
A1UH6A625GF5MD,prim,40-1,40.0,1000.0,0.9309804459607953,0.8650000089411193,-0.06598043701967601
A1VHK9OFD7H8ZH,rec,40-1,40.0,1000.0,0.8164536867544783,0.7705660457600789,-0.04588764099439925
A1ZLLYRW6GIVC7,rec,40-1,40.0,1000.0,0.850071282278519,0.5962604975636328,-0.2538107847148864
A20GJP9C5KC2ZU,ns,40-1,40.0,1000.0,0.7371108974075532,0.765799295348361,0.028688397940807672
A23W5HVE02LM0E,prim,40-1,40.0,1000.0,0.9318922608271482,0.8626754208401294,-0.06921683998701882
A2541C8MY0BYV3,rec,40-1,40.0,1000.0,0.8587949164367403,0.727899264687786,-0.13089565174895448
A271830PNYAI2G,rec,40-1,40.0,1000.0,0.6521827014204642,0.5108626951605845,-0.14132000625987978
A29JQ7VMQ1HKYP,ns,40-1,40.0,1000.0,0.7231597441639297,0.7120577711452869,-0.011101973018642764
A2GUPBBFPPSXYR,prim,40-1,40.0,1000.0,0.9249369858765397,0.8910068893230413,-0.03393009655349831
A2HRUFTA09371Y,rec,40-1,40.0,1000.0,0.7697469686966748,0.6319968784466853,-0.1377500902499893
A2IK3H6MQ1QV6E,rec,40-1,40.0,1000.0,0.7055870080271743,0.6088292639413042,-0.09675774408587008
A2L7RTYO4UMYDH,ns,40-1,40.0,1000.0,0.8803641385415446,0.8840730555826835,0.0037089170411390092
A2LI1OIR4BVJRW,prim,40-1,40.0,1000.0,0.9285133260898091,0.8991039841634496,-0.029409341926359328
A2NEFRREWF33YP,rec,40-1,40.0,1000.0,0.7241964887206552,0.54440555814086,-0.17979093057979534
A2P8V5SKYLL5I4,rec,40-1,40.0,1000.0,0.7050308795066584,0.7074776189282017,0.002446739421543307
A2PSU15S8ZI3V5,prim,40-1,40.0,1000.0,0.9464931179027762,0.9065921350370618,-0.039900982865714495
A2QUSCZS3RXGXE,ns,40-1,40.0,1000.0,0.849767662270963,0.8906296600694632,0.04086199779850011
A2TUYGXQ15U6GO,prim,40-1,40.0,1000.0,0.9052139819902688,0.8899186077593261,-0.015295374230942863
A2UEVNT8VQD1SA,ns,40-1,40.0,1000.0,0.6797185882782745,0.7091913964128186,0.0294728081345441
A2VR9O234UCT9T,rec,40-1,40.0,1000.0,0.8697928123777099,0.6319403309139691,-0.2378524814637408
A2WCPERU8X385N,prim,40-1,40.0,1000.0,0.9233430235526079,0.8859933476271846,-0.03734967592542328
A33GZS6SU4O20M,ns,40-1,40.0,1000.0,0.6735194274030784,0.6905692662585557,0.017049838855477298
A38I0E8UK53ME5,rec,40-1,40.0,1000.0,0.7556681716397625,0.6003797199852459,-0.15528845165451668
A3BZH91MITQA5X,ns,40-1,40.0,1000.0,0.8604116958864286,0.9081428530996445,0.04773115721321584
A3NX66U9RAY2GQ,prim,40-1,40.0,1000.0,0.9252175956698174,0.8795633912157156,-0.0456542044541018
A3O40YLW6MYU8C,prim,40-1,40.0,1000.0,0.919633036337285,0.9317129209130525,0.01207988457576746
A3S2AUQWI7XWT4,prim,40-1,40.0,1000.0,0.9417293394812769,0.9532673359658256,0.011537996484548658
A3SA9LY6RXKFOI,prim,40-1,40.0,1000.0,0.8273308247195362,0.8248591036267781,-0.002471721092758134
A3SLT6KVF0NXPH,prim,40-1,40.0,1000.0,0.9163784430555328,0.9027823292929382,-0.013596113762594734
A3TNSJSXI464IT,ns,40-1,40.0,1000.0,0.7028294669874262,0.7683815116257802,0.06555204463835389
A3TUJBPLJGTI5,rec,40-1,40.0,1000.0,0.9497893139066385,0.723937001103543,-0.22585231280309548
A3VL1CBZ3BGQK7,ns,40-1,40.0,1000.0,0.755360081593853,0.5555254242073517,-0.1998346573865012
A47VA451RDBV3,prim,40-1,40.0,1000.0,0.9441042923273721,0.9142558605792406,-0.02984843174813158
A92KVBM20ZTU4,rec,40-1,40.0,1000.0,0.8471951775130951,0.7420582893901274,-0.1051368881229679
AAF1SJ9FCBF75,rec,40-1,40.0,1000.0,0.7378352295786279,0.6294864972885582,-0.1083487322900697
AAVFHZA708CSP,ns,40-1,40.0,1000.0,0.8470414272511915,0.8082435890310482,-0.03879783822014311
ADL9KYXZGHUFO,ns,40-1,40.0,1000.0,0.7077481101734198,0.8340786496863751,0.12633053951295534
AFLRBB974KS6D,ns,40-1,40.0,1000.0,0.9255179312901642,0.9124811683814992,-0.013036762908665105
AGB6853RIDWJ8,ns,40-1,40.0,1000.0,0.7889030119370742,0.864740833994791,0.07583782205771683
AGLFNO1XKM8O8,rec,40-1,40.0,1000.0,0.7552325723875319,0.8246511000953411,0.06941852770780915
AH2C0LKV36ATT,prim,40-1,40.0,1000.0,0.9397109356831159,0.905362014062296,-0.03434892162081998
AKJN72HW14WTR,rec,40-1,40.0,1000.0,0.8750883266740465,0.5523024666501056,-0.3227858600239407
AMIQGW2E3WYO4,rec,40-1,40.0,1000.0,0.6989447514490783,0.567858883511981,-0.13108586793709734
ANCTZADQC3D75,ns,40-1,40.0,1000.0,0.9025295156212724,0.8994499344160534,-0.0030795812052189643
AOQKJGXZ8QQD0,prim,40-1,40.0,1000.0,0.8561668204680625,0.8591469030831022,0.0029800826150397537
AP3BTOBN8Y9EJ,rec,40-1,40.0,1000.0,0.6955582974236445,0.5076191788574492,-0.18793911856619522
AQSYWZJVVMCGJ,prim,40-1,40.0,1000.0,0.9059840226128246,0.8964965047025202,-0.009487517910304458
AR1IWBDA7MC86,rec,40-1,40.0,1000.0,0.7091491973045376,0.6111171102804015,-0.0980320870241361
AR3MFFPQ39IXF,rec,40-1,40.0,1000.0,0.8524995785033292,0.6693331254413963,-0.18316645306193294
ARL0T0MU9A65G,prim,40-1,40.0,1000.0,0.9296548295221623,0.9287206430999684,-0.0009341864221939621
ASVRLMDNQBUD9,rec,40-1,40.0,1000.0,0.9250449539583794,0.5930016526574048,-0.3320433013009747
ATRRW34VN38IX,rec,40-1,40.0,1000.0,0.8063414891699527,0.7687094607562841,-0.03763202841366869
AVSVIOR38JDM6,prim,40-1,40.0,1000.0,0.9661764292697785,0.9475445005060728,-0.018631928763705775
AW0MG225VXWCN,rec,40-1,40.0,1000.0,0.7948699319553593,0.5726069567024147,-0.22226297525294472
AW4PTI9P13WUB,prim,40-1,40.0,1000.0,0.9305489314916466,0.9098885241167135,-0.020660407374933167
AXFCUZW85XUK1,ns,40-1,40.0,1000.0,0.7343783253117785,0.8008525337730904,0.06647420846131197
AYF9WH3AQIT86,prim,40-1,40.0,1000.0,0.8975837133440464,0.8381676204122447,-0.05941609293180171
