subject,strategy,condition,l_length,pres_rate,tcl
A10HW8JXM17XLD,rec,10-2,10.0,2000.0,0.6035518530328797
A12K1ADYMRSWMJ,prim,10-2,10.0,2000.0,0.9290104515606747
A14E4ISXVJVY6F,prim,10-2,10.0,2000.0,0.9775602029006046
A169XTOCOMO1MV,ns,10-2,10.0,2000.0,0.7773843478363568
A18NXRDHQ0ZSOY,ns,10-2,10.0,2000.0,0.7442700066137566
A1969Q0R4Y0E3J,rec,10-2,10.0,2000.0,0.6280592757936507
A1AKL5YH9NLD2V,ns,10-2,10.0,2000.0,0.8002975599962208
A1ARWNTZHGFG8Y,prim,10-2,10.0,2000.0,0.7374463070687028
A1F0R1MSPTXHHV,ns,10-2,10.0,2000.0,0.6652342300556586
A1GRPIBHW72HDU,rec,10-2,10.0,2000.0,0.6664307268046107
A1I9RLJQ0BYN21,prim,10-2,10.0,2000.0,0.7647102347883599
A1NG504QI5LI62,prim,10-2,10.0,2000.0,0.943744212962963
A1NQ2A0UDW719R,prim,10-2,10.0,2000.0,0.8734516132842026
A1P00XZZG7EEEM,prim,10-2,10.0,2000.0,0.7988607804232803
A1RFDB2WUV7QRO,ns,10-2,10.0,2000.0,0.6733184523809523
A1V2H0UF94ATWY,ns,10-2,10.0,2000.0,0.7564717232379062
A1W7T8V97ZPUH0,ns,10-2,10.0,2000.0,0.7273129616745688
A1WJIRT360P5VB,rec,10-2,10.0,2000.0,0.8070809712773999
A1WPGNK8Y65BV3,ns,10-2,10.0,2000.0,0.669118265993266
A1XMGLCK09Z0DW,ns,10-2,10.0,2000.0,0.45697850904882154
A1YA2FCN3KEK36,prim,10-2,10.0,2000.0,0.8873745453042329
A20GD3EBBTBYY2,rec,10-2,10.0,2000.0,0.755460021129664
A24BRTWG07T53Z,prim,10-2,10.0,2000.0,0.6954158399470899
A27QXQ22F9ODSP,prim,10-2,10.0,2000.0,0.7964777048761424
A27T2Z568L69U1,prim,10-2,10.0,2000.0,0.8613332302618018
A282UM3NAIM0YO,ns,10-2,10.0,2000.0,0.6053076733534323
A2BREH6STESM0G,rec,10-2,10.0,2000.0,0.7105250045093795
A2FLBMZ38IZ2SQ,prim,10-2,10.0,2000.0,0.9051445282974301
A2FM1N5AOMVTGL,prim,10-2,10.0,2000.0,0.9264246257215007
A2FYFCD16Z3PCC,rec,10-2,10.0,2000.0,0.7218864559712774
A2H8PEGI28NKZD,ns,10-2,10.0,2000.0,0.7417439649470899
A2I6ZALE49CVSC,prim,10-2,10.0,2000.0,0.7045147156084657
A2KPEUCEE2M05G,prim,10-2,10.0,2000.0,0.660946948223734
A2LJ1FRUYGW469,ns,10-2,10.0,2000.0,0.8071197089947091
A2M183CETUMR96,rec,10-2,10.0,2000.0,0.7549335524140212
A2MUOD1JHWJ735,ns,10-2,10.0,2000.0,0.7282524329176115
A2NXMRPHG86N2T,ns,10-2,10.0,2000.0,0.7089317602040816
A2PQDK3MLDFXYM,rec,10-2,10.0,2000.0,0.7574813692838247
A2QRJKXTK4JDD8,ns,10-2,10.0,2000.0,0.9099307584776335
A2R970Q1Q2A6DJ,prim,10-2,10.0,2000.0,0.7892132421150279
A2VIKZ73Y5ABHM,ns,10-2,10.0,2000.0,0.7568797684004157
A2WYZLG8J526TQ,prim,10-2,10.0,2000.0,0.8715744874338623
A33X52IN60MSOE,rec,10-2,10.0,2000.0,0.5182456420068027
A348NEQKS6VNIB,rec,10-2,10.0,2000.0,0.6394218223905723
A349BBTU7L597J,ns,10-2,10.0,2000.0,0.7377303791887125
A3C8JI69WPTKWH,rec,10-2,10.0,2000.0,0.6604804569397204
A3CE7DTHIB76UK,ns,10-2,10.0,2000.0,0.7859801587301587
A3G55RJTW3BSGM,ns,10-2,10.0,2000.0,0.7417390046296296
A3GC5Q5CLI4NWZ,prim,10-2,10.0,2000.0,0.9433764260912698
A3J55BJGV95JKH,ns,10-2,10.0,2000.0,0.8732481812169313
A3MJQ51KN9CMQ4,prim,10-2,10.0,2000.0,0.7173121226078816
A3MOL1L9V4BUGH,ns,10-2,10.0,2000.0,0.7319886502317678
A3NAONPCTVT6P1,ns,10-2,10.0,2000.0,0.789923971324641
A3PJY7THMUIR4M,ns,10-2,10.0,2000.0,0.6449052815570674
A3VV3MW68CALXS,prim,10-2,10.0,2000.0,0.9204624851834673
A489K1IFOM4JW,prim,10-2,10.0,2000.0,0.9034403787556688
A49HPQ9P5AHU4,ns,10-2,10.0,2000.0,0.7321582990835223
A55MEA9LQASZH,rec,10-2,10.0,2000.0,0.7111734377147324
A5P12YJP805RG,ns,10-2,10.0,2000.0,0.712438497968632
A5TWD5QD99GZY,rec,10-2,10.0,2000.0,0.7176202138841647
A63UHNWYOV5LE,ns,10-2,10.0,2000.0,0.7546373456790123
AEP8U373W5Q54,prim,10-2,10.0,2000.0,0.9568106930272108
AK2PMO5I7OCEK,prim,10-2,10.0,2000.0,0.8786324463813303
AKNU5D6QK7M72,prim,10-2,10.0,2000.0,0.8569484277296777
AO5FQ7GY8DTR8,prim,10-2,10.0,2000.0,0.963298611111111
ARIWYNIH12MLF,rec,10-2,10.0,2000.0,0.7514690157312925
AS4FVWL91C6HR,prim,10-2,10.0,2000.0,0.8499139299027691
AWJKR5GA7BS7V,ns,10-2,10.0,2000.0,0.7468808997715248
AZ69TBTDH7AZS,rec,10-2,10.0,2000.0,0.8202021329365079
AZ8NNCT4AODDN,prim,10-2,10.0,2000.0,0.8693587962962962
A10JXOU89D5RXR,ns,20-1,20.0,1000.0,0.6509498025858502
A111FTKAAJ5UMC,prim,20-1,20.0,1000.0,0.9055230849894321
A11EZAV2HRYKD5,prim,20-1,20.0,1000.0,0.9481621104407244
A157L6Z8QU3SDE,rec,20-1,20.0,1000.0,0.7778400928191573
A16GIPTDMJAFTK,ns,20-1,20.0,1000.0,0.855800210586418
A17R7WX5B0CKK6,rec,20-1,20.0,1000.0,0.8003776078023598
A17WB66BXX4R0J,prim,20-1,20.0,1000.0,0.8903935717332702
A19QRXLWV5GKXN,rec,20-1,20.0,1000.0,0.6867485593599112
A1CKIYN01NV9GJ,ns,20-1,20.0,1000.0,0.774947053081463
A1HLDOM6JTYYI2,prim,20-1,20.0,1000.0,0.6998685258240069
A1HR8IRDC07FO9,prim,20-1,20.0,1000.0,0.8310544010970744
A1J6CZ176U6GDT,rec,20-1,20.0,1000.0,0.8085874459762536
A1J9VZ372FV2QZ,rec,20-1,20.0,1000.0,0.7995134044104613
A1JI19KPIVNL3Y,ns,20-1,20.0,1000.0,0.7280660784876143
A1KH9VI2D0V43B,prim,20-1,20.0,1000.0,0.909896384390149
A1LJ4WAEDGELVL,rec,20-1,20.0,1000.0,0.6647472694886035
A1OOCYEFLAJD98,ns,20-1,20.0,1000.0,0.7830659049532063
A1OW27AZS122X2,ns,20-1,20.0,1000.0,0.6683886472999396
A1R5JNC2LO6X1S,prim,20-1,20.0,1000.0,0.9563642229657735
A1SUTNVLSFPXFK,ns,20-1,20.0,1000.0,0.919479132403519
A1V91Z2CQKMR55,rec,20-1,20.0,1000.0,0.754815669957887
A1YFL5HXPZ7MVV,ns,20-1,20.0,1000.0,0.7326397584139144
A22UMPYYQBXT0F,rec,20-1,20.0,1000.0,0.766618878832694
A26M997VYVK0E6,prim,20-1,20.0,1000.0,0.8954728631143783
A277V4SHQB8JRS,rec,20-1,20.0,1000.0,0.8023094496711921
A2E5PV1BHNG67N,ns,20-1,20.0,1000.0,0.7054775384723302
A2FQVRBXJZQAWT,prim,20-1,20.0,1000.0,0.9109396256858334
A2GM1ZIBRBHBK7,ns,20-1,20.0,1000.0,0.8006457217811421
A2ONILC0LZKG6Y,rec,20-1,20.0,1000.0,0.6348659823721019
A2QX1SJXQN1NV1,prim,20-1,20.0,1000.0,0.7419579260268598
A2QY653X9531JP,ns,20-1,20.0,1000.0,0.5648249515132209
A2RBF3IIJP15IH,rec,20-1,20.0,1000.0,0.7537716537380623
A2RWLFIP23FZA7,prim,20-1,20.0,1000.0,0.7695866017796739
A2SBZCFAVT83GN,rec,20-1,20.0,1000.0,0.69393894919356
A2SQGKP2REXOTN,prim,20-1,20.0,1000.0,0.8651376555268415
A2SQTRNQWDLU4F,ns,20-1,20.0,1000.0,0.8349721758118556
A2SWQM5X54P1O5,ns,20-1,20.0,1000.0,0.6824957754498999
A2TG5ESEOPXAHI,prim,20-1,20.0,1000.0,0.9004016444482906
A2V6E7SGEU0EFD,ns,20-1,20.0,1000.0,0.7749316411502927
A2VXT33Y2TQPOQ,prim,20-1,20.0,1000.0,0.9167719780773051
A2XDWB9NVYI3LQ,rec,20-1,20.0,1000.0,0.6879941210633548
A3026HLELYNW7U,rec,20-1,20.0,1000.0,0.7047142804913533
A351P2O6QGTCS,rec,20-1,20.0,1000.0,0.7256279075371191
A39R5EBK7W916X,ns,20-1,20.0,1000.0,0.8213332716536499
A3D9PJ37U7LCHE,ns,20-1,20.0,1000.0,0.7255737412388523
A3EVXSWHYA1PTT,rec,20-1,20.0,1000.0,0.8064801676414242
A3GIUDSA1IGTFV,ns,20-1,20.0,1000.0,0.840074966570112
A3HXK0UGS1YDMC,prim,20-1,20.0,1000.0,0.8308284428436994
A3ITZNJQUTIZ4C,rec,20-1,20.0,1000.0,0.6654313921357902
A3MHP4LZ3V88NF,prim,20-1,20.0,1000.0,0.8886756829954379
A3NRIEMOJVVX4A,rec,20-1,20.0,1000.0,0.7582937543886532
A3PEV3KN6F7JRG,ns,20-1,20.0,1000.0,0.6968828992358403
A3QKOYP52HYRH2,rec,20-1,20.0,1000.0,0.696536591704412
A3RFOODI4G4P4K,rec,20-1,20.0,1000.0,0.7699140015040149
A3RHJEMZ4EGY2U,rec,20-1,20.0,1000.0,0.599261712755192
A3S76P3L3USWI1,prim,20-1,20.0,1000.0,0.8337970704353248
A3USPFFWN1G5PF,rec,20-1,20.0,1000.0,0.6681372189364501
A50UY1556VDIA,ns,20-1,20.0,1000.0,0.7752495076801872
A7R1OLLU1Z6RA,rec,20-1,20.0,1000.0,0.7390955371240775
AEJU0MCYOQC77,prim,20-1,20.0,1000.0,0.839913009503117
AHU3EE2Q05E18,prim,20-1,20.0,1000.0,0.8350069410719777
AJD90361AJO80,ns,20-1,20.0,1000.0,0.678220138119998
AK52RXEJKR81A,ns,20-1,20.0,1000.0,0.8334471260031971
AMJAZPJBO936R,prim,20-1,20.0,1000.0,0.8671720969099918
AOQZVAH5FSKGE,prim,20-1,20.0,1000.0,0.844362115097836
AQCJI23U1VBYD,prim,20-1,20.0,1000.0,0.9125078108420049
AQPFTUIJ0PW2N,prim,20-1,20.0,1000.0,0.7071293679742755
AXFCUZ1WQC2WY,ns,20-1,20.0,1000.0,0.8228212674341239
AY7M9MOLNXIIK,ns,20-1,20.0,1000.0,0.7679101527835652
AZZA3J049G7R5,rec,20-1,20.0,1000.0,0.7911332688830587
A102RSV009OCUW,prim,15-2,15.0,2000.0,0.9186464543250878
A11BHGAKU0RIH8,rec,15-2,15.0,2000.0,0.8063665743427648
A13GBA16BNTN1A,rec,15-2,15.0,2000.0,0.6738066717233384
A13THDIE8LTQ11,ns,15-2,15.0,2000.0,0.7859464972857829
A150QX2OXHGK8P,rec,15-2,15.0,2000.0,0.7086802630577995
A151XA53WYXVD7,prim,15-2,15.0,2000.0,0.8174143397796221
A1618RA11ZOD8Y,rec,15-2,15.0,2000.0,0.7140449043751103
A19X8IA9EKC3XH,ns,15-2,15.0,2000.0,0.7330593545776194
A1CFMY4CEYOM8Y,rec,15-2,15.0,2000.0,0.7240752691297199
A1E0K2VGY2684V,ns,15-2,15.0,2000.0,0.7617105622464457
A1NQOR4RQJJDMW,ns,15-2,15.0,2000.0,0.8487398914033564
A1PZIN8H1VI6SY,prim,15-2,15.0,2000.0,0.9023737047717928
A1QRIZY9WJW3R1,prim,15-2,15.0,2000.0,0.8915156523737873
A1QXJZFA5NVGM3,prim,15-2,15.0,2000.0,0.9562914295801201
A1ROEDVMTO9Y3X,ns,15-2,15.0,2000.0,0.8225869705257332
A1SCF3L6LTFQHF,prim,15-2,15.0,2000.0,0.9692760074131113
A1T7EB1WEDCMXV,ns,15-2,15.0,2000.0,0.764136985286539
A1TR2AOKWGQ78A,ns,15-2,15.0,2000.0,0.7823003822976767
A1UOP419O6P55R,prim,15-2,15.0,2000.0,0.9566215289865858
A1WM3INNDW2776,ns,15-2,15.0,2000.0,0.7485196540097109
A1Z82Y9E6YWY80,ns,15-2,15.0,2000.0,0.8577081129298391
A2113B699TVADG,prim,15-2,15.0,2000.0,0.9404483090854618
A219SZBLCCCXN9,prim,15-2,15.0,2000.0,0.7025971944502958
A22GYYJXTS5KBH,ns,15-2,15.0,2000.0,0.7222584617029061
A22Y78RVB8UFTD,ns,15-2,15.0,2000.0,0.7191448296017989
A233LLG8YAXWF,rec,15-2,15.0,2000.0,0.6777479602628412
A24GX1OZE6AY04,ns,15-2,15.0,2000.0,0.7310200311687084
A26MT7KJ7NJLRN,ns,15-2,15.0,2000.0,0.5552780750650914
A26T0U2Y6LZOF3,rec,15-2,15.0,2000.0,0.7095860545178727
A29J4LL0MQL3AC,prim,15-2,15.0,2000.0,0.9286742049032439
A2G4R0GS677RC2,rec,15-2,15.0,2000.0,0.8712629702473453
A2IV3SSVTU90BN,ns,15-2,15.0,2000.0,0.662531522329474
A2KZN3UH5NGC9,rec,15-2,15.0,2000.0,0.703320437603882
A2MBFIAGBPU5NG,prim,15-2,15.0,2000.0,0.8217002839119655
A2O86E23R5T4YO,prim,15-2,15.0,2000.0,0.9436388087759503
A2PTABUVOUYAH5,ns,15-2,15.0,2000.0,0.7442000973747006
A2R75YFKVALBXE,rec,15-2,15.0,2000.0,0.6446570025680889
A2RU1Q3C9VHBAO,prim,15-2,15.0,2000.0,0.8381763781807184
A2RVG8Y97DE0GM,prim,15-2,15.0,2000.0,0.9622470940748995
A2UJ9GDNVPX99C,prim,15-2,15.0,2000.0,0.8784600176096049
A2UYZFH5VT5R3H,rec,15-2,15.0,2000.0,0.7295935643666299
A2Y8LZS5C81O25,prim,15-2,15.0,2000.0,0.8078997650277412
A30NL5N71G2YAU,ns,15-2,15.0,2000.0,0.8285106511491455
A310Y949ILSN3P,prim,15-2,15.0,2000.0,0.9517991742150179
A31P78W9ZCQXCS,ns,15-2,15.0,2000.0,0.7702012129284856
A347RDI3HZOUCY,prim,15-2,15.0,2000.0,0.9273584406985944
A34HQHGLIW1FYS,ns,15-2,15.0,2000.0,0.7948843231253372
A34IPEKX5WXJIN,prim,15-2,15.0,2000.0,0.8354373207347706
A34YNEN8UUI3CD,ns,15-2,15.0,2000.0,0.6660800173151364
A35VI4SE31HD17,prim,15-2,15.0,2000.0,0.8376693607639788
A36S0DI86PL4J6,prim,15-2,15.0,2000.0,0.9358427408254926
A384KX8MUIJSTJ,ns,15-2,15.0,2000.0,0.8056203338873512
A38DHLB88V8DL8,rec,15-2,15.0,2000.0,0.8038778699843829
A3AWQ3AACIPXM2,ns,15-2,15.0,2000.0,0.803854976042476
A3BA2WMGN6KHUU,ns,15-2,15.0,2000.0,0.8836430373224091
A3BN69Q9D7RQGR,ns,15-2,15.0,2000.0,0.7039526795404772
A3C25IBTLB60RQ,prim,15-2,15.0,2000.0,0.90684358516622
A3FOKP72T5I4FR,ns,15-2,15.0,2000.0,0.6772488495851591
A3HBB9JT9WVZS4,ns,15-2,15.0,2000.0,0.7590700709551632
A3HOPYBWSR1TWR,prim,15-2,15.0,2000.0,0.8683727217120017
A3IBDJ12CRTQQN,prim,15-2,15.0,2000.0,0.903140396208888
A3IHTJXHWPQ2JR,rec,15-2,15.0,2000.0,0.8408819174635824
A3MWLHSW9B9RHU,prim,15-2,15.0,2000.0,0.9638554579973231
A3ORKXM3WG8QJ9,prim,15-2,15.0,2000.0,0.9603669018108614
A3P52W1SBJUT5N,ns,15-2,15.0,2000.0,0.7464087757123978
A3U27ZHUGOPIAN,prim,15-2,15.0,2000.0,0.7496017839900866
A3UA50A6GKNAMR,prim,15-2,15.0,2000.0,0.7729403104313199
A3UE8ANAIM7F15,ns,15-2,15.0,2000.0,0.8044711739429001
A3UGB3B1S74HR9,prim,15-2,15.0,2000.0,0.8887529966238367
A3UUW04QL49RSC,prim,15-2,15.0,2000.0,0.8963020273102118
A6HDSE80LQPR8,rec,15-2,15.0,2000.0,0.6771852524679906
AAOOH6P4HHSCS,prim,15-2,15.0,2000.0,0.9009213870036534
ADGJXUEMPLTMS,prim,15-2,15.0,2000.0,0.8040702154612464
AEF1G6YE8RIB8,prim,15-2,15.0,2000.0,0.8732678777301341
AERGHZBQFT309,ns,15-2,15.0,2000.0,0.7388624008610989
AESZJEZTZEW01,ns,15-2,15.0,2000.0,0.861807504627107
AEX1I7K7OVHHC,rec,15-2,15.0,2000.0,0.8285961083018712
AEXRVIK8SKB4V,prim,15-2,15.0,2000.0,0.8208868561993561
AF0W4ZBY7VXOU,rec,15-2,15.0,2000.0,0.6187261303648952
AFZGUWYLC0NG0,ns,15-2,15.0,2000.0,0.743119717508922
AGANKP4PUZ4NC,prim,15-2,15.0,2000.0,0.7155877448869873
AHY3YAYJLTW32,rec,15-2,15.0,2000.0,0.7090311957043728
AL9SYQEUTNJXT,prim,15-2,15.0,2000.0,0.9331356818596683
ALDQRWYZ8KQ9A,rec,15-2,15.0,2000.0,0.7330459697803358
AM65LGXJBTJ0I,ns,15-2,15.0,2000.0,0.6993405851478768
AOIR8V07FYMH5,rec,15-2,15.0,2000.0,0.6782801519743484
AR0VJ5XRG16UJ,rec,15-2,15.0,2000.0,0.7402663531258071
AU5UJIZ3TLI5M,rec,15-2,15.0,2000.0,0.7966242905237483
AW2UVK63OLFW,ns,15-2,15.0,2000.0,0.718087078065433
AW5O1RK3W60FC,rec,15-2,15.0,2000.0,0.684986703625801
AWRY5SC68T0DC,prim,15-2,15.0,2000.0,0.8785300374183063
AWTCGY2CL1T68,prim,15-2,15.0,2000.0,0.9301249415530057
AXSBX0MCQNG3A,prim,15-2,15.0,2000.0,0.9134212830801204
A14WLAP6TCEKO0,rec,30-1,30.0,1000.0,0.7067218887058133
A15V9BXNJXZXZX,ns,30-1,30.0,1000.0,0.6918440385912608
A16335MOISDG1F,rec,30-1,30.0,1000.0,0.7490199109132263
A17FJLW818UEQU,rec,30-1,30.0,1000.0,0.714026330662636
A186PT9ZLO5EJD,prim,30-1,30.0,1000.0,0.9473906193781083
A1AS1H21O9896X,ns,30-1,30.0,1000.0,0.8039616088135976
A1AYTKAQT201ZV,prim,30-1,30.0,1000.0,0.9041303515433283
A1EII5EWOTBDK9,rec,30-1,30.0,1000.0,0.6777951465186749
A1F9KLZGHE9DTA,rec,30-1,30.0,1000.0,0.7622926038537975
A1IGKJ200N82S9,rec,30-1,30.0,1000.0,0.7823047150954034
A1KGUJMWDCPSYG,rec,30-1,30.0,1000.0,0.6727931264109536
A1M1E62KXCDNL0,ns,30-1,30.0,1000.0,0.6552417976070488
A1MG8KNVSVZ365,prim,30-1,30.0,1000.0,0.8547987297256796
A1MKEILXWWLBW2,rec,30-1,30.0,1000.0,0.6974611064844308
A1O67YS3DU0ZHX,rec,30-1,30.0,1000.0,0.804618821864941
A1Q0G8JA5EZ8EI,rec,30-1,30.0,1000.0,0.8111718066690314
A1SLJKNSNHOJRN,rec,30-1,30.0,1000.0,0.7348910529539437
A1T2P6E67251U5,prim,30-1,30.0,1000.0,0.9375763921926543
A1U4WS9KJMADV,rec,30-1,30.0,1000.0,0.6669709166630732
A1X4T3QSIE8YYX,prim,30-1,30.0,1000.0,0.9418698167408284
A225J5T6WHO2MG,prim,30-1,30.0,1000.0,0.9094833379338295
A23KDD6OPM4NJ0,prim,30-1,30.0,1000.0,0.8553077143725195
A25Y3D2Y2DR8WM,prim,30-1,30.0,1000.0,0.8957797748409533
A26XKTGGGYBI4J,prim,30-1,30.0,1000.0,0.8894694936002736
A28OD52SMLYQ16,rec,30-1,30.0,1000.0,0.7614335369842851
A28TA25NJGLL3Y,prim,30-1,30.0,1000.0,0.8711599471809859
A28ZPY6D5AS7GZ,ns,30-1,30.0,1000.0,0.7434143536052468
A2ASRB2MTHDHPD,prim,30-1,30.0,1000.0,0.9691257878654701
A2BUHMLNE3LUU0,ns,30-1,30.0,1000.0,0.7034965667532256
A2E2SLXF4KQ3S1,prim,30-1,30.0,1000.0,0.951305437900187
A2FJIZUHR6E4EZ,prim,30-1,30.0,1000.0,0.9298938953131877
A2G2T6EMXAOKMS,rec,30-1,30.0,1000.0,0.6724782426391039
A2GRA6N98ZPIQ1,prim,30-1,30.0,1000.0,0.9438300363920472
A2IKLJWU2OJ1YX,prim,30-1,30.0,1000.0,0.8625367276458493
A2K5AXCSY703CU,ns,30-1,30.0,1000.0,0.8011246344270031
A2MV1R6YYOIO30,prim,30-1,30.0,1000.0,0.8107035939890069
A2NU82V08QSPCC,prim,30-1,30.0,1000.0,0.6491485241253399
A2NY0VWEWDULC6,rec,30-1,30.0,1000.0,0.7655140065982143
A2OFVEA8BEJDZN,ns,30-1,30.0,1000.0,0.8238028398566455
A2P83PY6P7ECM5,ns,30-1,30.0,1000.0,0.8264180244785599
A2PUL3ZDXOW0VZ,rec,30-1,30.0,1000.0,0.6522064985672513
A2ROI30AQITC3V,ns,30-1,30.0,1000.0,0.6318673688004245
A2VZN8J53Y5WYR,prim,30-1,30.0,1000.0,0.9432667879460418
A2XMRJKCNKLL4E,ns,30-1,30.0,1000.0,0.8215225899232727
A2Y0VM8BAF0RMT,ns,30-1,30.0,1000.0,0.7133406672396867
A2ZGAH6NOSU2PO,rec,30-1,30.0,1000.0,0.682337270910375
A30DHHAL100LZR,ns,30-1,30.0,1000.0,0.8489570408679445
A31SZFE8M7YK0S,ns,30-1,30.0,1000.0,0.8385635803228578
A34DYM8J0X5VK,rec,30-1,30.0,1000.0,0.6922434527396223
A36IB78C6MVA3,prim,30-1,30.0,1000.0,0.8957271164571351
A389Y151TAJ4XG,ns,30-1,30.0,1000.0,0.8448916624748798
A3AY0315YWWNXY,rec,30-1,30.0,1000.0,0.8363083351877773
A3EUH97BRHRSI6,rec,30-1,30.0,1000.0,0.6819015640950588
A3I97794CB5SUO,rec,30-1,30.0,1000.0,0.6878775396624817
A3RVHUY67SVXQV,ns,30-1,30.0,1000.0,0.8543406940956462
A3TX84QHD321M7,prim,30-1,30.0,1000.0,0.9025136771921584
A3UCN8EJI08X2P,ns,30-1,30.0,1000.0,0.7542188779679002
A3UQ5DF8VVD975,rec,30-1,30.0,1000.0,0.7656135383305585
A3V71NT2X4HD1I,prim,30-1,30.0,1000.0,0.9039591482001785
A51TGVVYJF7T0,prim,30-1,30.0,1000.0,0.8795279750673276
A7USTT4KU1ZBO,ns,30-1,30.0,1000.0,0.6971589751044875
AB5WBMZGLX57B,ns,30-1,30.0,1000.0,0.6611953636398643
ACBROX4H8BSW3,rec,30-1,30.0,1000.0,0.7032979599119108
ADJ9I7ZBFYFH7,rec,30-1,30.0,1000.0,0.6752098110263487
AGILQEFEPEK7N,ns,30-1,30.0,1000.0,0.707546630360516
AH7HACNNRSIPO,ns,30-1,30.0,1000.0,0.7905416709536527
AIDU49N2KO05N,ns,30-1,30.0,1000.0,0.8513385628129925
AJUVX0E4OPTAO,prim,30-1,30.0,1000.0,0.8811240964849357
AK3GAHRZ6M6WM,rec,30-1,30.0,1000.0,0.7584197101075867
AKE4AYF86KJVU,rec,30-1,30.0,1000.0,0.7080624384559207
AKNBC1TE88NDO,rec,30-1,30.0,1000.0,0.5804735778312878
AKX4H8RT7BL7H,rec,30-1,30.0,1000.0,0.7511978614055365
AOYDGVOZUIHII,prim,30-1,30.0,1000.0,0.9109088034912881
AP4B1GJIT3HYF,ns,30-1,30.0,1000.0,0.7719199444211222
AXFH1DT8PR0K2,prim,30-1,30.0,1000.0,0.889846672537695
AXFP50XOZD2NI,rec,30-1,30.0,1000.0,0.6899662747252551
A12LX24NC3FP2U,ns,20-2,20.0,2000.0,0.7498790085511025
A161VPQSXLLV8U,ns,20-2,20.0,2000.0,0.8665884987723018
A166P9BSWIFF32,prim,20-2,20.0,2000.0,0.882119637405663
A17IPELR5NC2LZ,prim,20-2,20.0,2000.0,0.8753712218422867
A17TMQWTCJVOV5,rec,20-2,20.0,2000.0,0.6840639331940905
A1CB9NR3SN4VMY,prim,20-2,20.0,2000.0,0.9303445032318838
A1FM638CHGPC1M,ns,20-2,20.0,2000.0,0.869923574755606
A1HENLDLQEO5BZ,prim,20-2,20.0,2000.0,0.977382081591501
A1J39RAV7TKEMF,ns,20-2,20.0,2000.0,0.7429202019839275
A1JL3HCA0MK9UI,prim,20-2,20.0,2000.0,0.8266903614424862
A1L5A88C9PPK5L,prim,20-2,20.0,2000.0,0.9597667894999717
A1LA6CIGBNDOH9,rec,20-2,20.0,2000.0,0.6261828489584019
A1MD74JPL7E9PK,prim,20-2,20.0,2000.0,0.8626418438266864
A1O0K8V58YRL4A,ns,20-2,20.0,2000.0,0.750293355841646
A1PTX4IB9R34LI,rec,20-2,20.0,2000.0,0.572180207441773
A1S2EXYEG5I8HW,rec,20-2,20.0,2000.0,0.7256343957645305
A1SJLXB0XFCJ97,prim,20-2,20.0,2000.0,0.7635090714492815
A1TPGXT718D68E,rec,20-2,20.0,2000.0,0.7094462265599047
A1TVWMWE03AWAW,rec,20-2,20.0,2000.0,0.8126308987951743
A1VEOI1H4AE1T3,prim,20-2,20.0,2000.0,0.9574081009026825
A1WT2CM71Z9MP3,prim,20-2,20.0,2000.0,0.6868416015265708
A20YXCVKHSTSPC,prim,20-2,20.0,2000.0,0.9447894655729068
A2147HO7VBGJCU,prim,20-2,20.0,2000.0,0.8933093789552431
A248QG4DPULP46,ns,20-2,20.0,2000.0,0.6476491099628792
A25S9Y5DZ9OR16,prim,20-2,20.0,2000.0,0.8172845497039628
A25VK411P03A5T,rec,20-2,20.0,2000.0,0.8148744999577
A289D98Z4GAZ28,prim,20-2,20.0,2000.0,0.7038854922533472
A2BTEQA95MCIHU,prim,20-2,20.0,2000.0,0.8497134226698266
A2E8PL8ZWIZVJ0,prim,20-2,20.0,2000.0,0.9630331465967609
A2I6HVUDBTGD1,prim,20-2,20.0,2000.0,0.918515911828386
A2KHR0GTA0DBWI,rec,20-2,20.0,2000.0,0.8820691057372315
A2KT30RCVX67ZS,prim,20-2,20.0,2000.0,0.9497886527481967
A2MMGDAA7JJKIE,prim,20-2,20.0,2000.0,0.9255736515335734
A2MOKIEQZ0OF2M,prim,20-2,20.0,2000.0,0.9117331712772355
A2NZ783AY1LBPW,prim,20-2,20.0,2000.0,0.8722605845282914
A2NZAL7KHOR6VF,rec,20-2,20.0,2000.0,0.706095702057451
A2OOS7IXSKJFFI,ns,20-2,20.0,2000.0,0.8017678451082907
A2P2YEHX1FXD20,rec,20-2,20.0,2000.0,0.8894053149803908
A2QHI85LQPJZYP,prim,20-2,20.0,2000.0,0.8179105471216291
A2SSY7MHPDQVUS,prim,20-2,20.0,2000.0,0.8522645825299298
A2UX2W49R55PH4,prim,20-2,20.0,2000.0,0.7286468078832911
A2VIKCIM9TZL22,rec,20-2,20.0,2000.0,0.7692861531928772
A2XGHLVP2C1FVA,ns,20-2,20.0,2000.0,0.7487374976041988
A2XVLOZY7FJCC2,rec,20-2,20.0,2000.0,0.5981162693282356
A2ZVBFH732LYXQ,prim,20-2,20.0,2000.0,0.9693172731231363
A304UJAE051J89,rec,20-2,20.0,2000.0,0.7444496124435263
A312HQ3OU0EYTB,rec,20-2,20.0,2000.0,0.6674946150274407
A35S8HPY0V445,ns,20-2,20.0,2000.0,0.7076680830345904
A37GOI3N77WX21,ns,20-2,20.0,2000.0,0.6142074570227587
A389UA2GRCJ6,prim,20-2,20.0,2000.0,0.8180227399129492
A3A7XOKH39SYOI,prim,20-2,20.0,2000.0,0.9128021282942334
A3B0CMCBWAND7,rec,20-2,20.0,2000.0,0.7775707917613872
A3C4WGE4SOGM1,ns,20-2,20.0,2000.0,0.8040575097600877
A3CKVVGWBS4NGU,prim,20-2,20.0,2000.0,0.9312874921935111
A3GDVKIN7ZGUG9,rec,20-2,20.0,2000.0,0.6644216808853802
A3HE29W5IDR394,rec,20-2,20.0,2000.0,0.6334308980506858
A3I1SGVY37KR4A,ns,20-2,20.0,2000.0,0.7594917568166868
A3J5HRXH4F64SP,ns,20-2,20.0,2000.0,0.6416371479147215
A3LVLZS8S41ZD7,rec,20-2,20.0,2000.0,0.6388234448687776
A3LXARU55PR281,ns,20-2,20.0,2000.0,0.8460332818424519
A3TR3KIRG5PCZ8,prim,20-2,20.0,2000.0,0.852992574087381
A3U2A632YWEX7B,prim,20-2,20.0,2000.0,0.9422784603956463
A3U69MNO1JC7V4,rec,20-2,20.0,2000.0,0.8435031554061996
A3UMHUWJKRGKNR,rec,20-2,20.0,2000.0,0.7260833713605853
A3VW5PI9ZX9DOD,ns,20-2,20.0,2000.0,0.8200235587928253
A4HWADFPGP45G,ns,20-2,20.0,2000.0,0.858401075342132
AFRKVRPZ2RHY8,rec,20-2,20.0,2000.0,0.7011884964573152
AHZCC2V399WUN,ns,20-2,20.0,2000.0,0.8073069373136756
AJABAPM32ETMN,rec,20-2,20.0,2000.0,0.7812130738692388
AK1EF4NACR1UJ,prim,20-2,20.0,2000.0,0.929289778515276
AKIT35WR8HEQ3,prim,20-2,20.0,2000.0,0.8088467401647887
AP9WIQ4P78XLH,rec,20-2,20.0,2000.0,0.6279449477649721
AR9AU5FY1S3RO,rec,20-2,20.0,2000.0,0.7540839764842496
AXCDKBG1R43GE,ns,20-2,20.0,2000.0,0.6939892443073379
A102WSFN62OS6I,ns,40-1,40.0,1000.0,0.8608970702880469
A13WTEQ06V3B6D,rec,40-1,40.0,1000.0,0.7156864531889099
A178HXQENEAI65,rec,40-1,40.0,1000.0,0.9083043357158922
A1BLHM2IDH7DH4,prim,40-1,40.0,1000.0,0.9231548641568159
A1DJB12ZI46GPX,prim,40-1,40.0,1000.0,0.8720188705844619
A1DZMZTXWOM9MR,rec,40-1,40.0,1000.0,0.7287970923062562
A1EU59VMI8GL4K,rec,40-1,40.0,1000.0,0.6970786953751757
A1F0VEHWK3IAF4,ns,40-1,40.0,1000.0,0.822860988411155
A1HGWCCIWP7AO0,ns,40-1,40.0,1000.0,0.7833333769238595
A1IL5P5H5VRW0D,prim,40-1,40.0,1000.0,0.8704316722945444
A1J5OW12TRQSOW,ns,40-1,40.0,1000.0,0.7590101763918549
A1KCSGTT6Y26LH,prim,40-1,40.0,1000.0,0.8858637284922508
A1RQ8PX7A0CH3C,rec,40-1,40.0,1000.0,0.6717006502045499
A1RY1N37JYUHBU,prim,40-1,40.0,1000.0,0.8940570976280523
A1S54RQW9FDK0X,ns,40-1,40.0,1000.0,0.7649356115935925
A1TG34GJ1WTN0C,prim,40-1,40.0,1000.0,0.8091669022741848
A1UH6A625GF5MD,prim,40-1,40.0,1000.0,0.8947906964321459
A1VHK9OFD7H8ZH,rec,40-1,40.0,1000.0,0.7843231679339907
A1ZLLYRW6GIVC7,rec,40-1,40.0,1000.0,0.8145138878382657
A20GJP9C5KC2ZU,ns,40-1,40.0,1000.0,0.7757200237259021
A23W5HVE02LM0E,prim,40-1,40.0,1000.0,0.8905603458678091
A2541C8MY0BYV3,rec,40-1,40.0,1000.0,0.7902317595933299
A271830PNYAI2G,rec,40-1,40.0,1000.0,0.5960929981439617
A29JQ7VMQ1HKYP,ns,40-1,40.0,1000.0,0.7262244088393842
A2GUPBBFPPSXYR,prim,40-1,40.0,1000.0,0.9072296199202589
A2HRUFTA09371Y,rec,40-1,40.0,1000.0,0.7067747638356642
A2IK3H6MQ1QV6E,rec,40-1,40.0,1000.0,0.6573535744912088
A2L7RTYO4UMYDH,ns,40-1,40.0,1000.0,0.8745089532700911
A2LI1OIR4BVJRW,prim,40-1,40.0,1000.0,0.9144909175068661
A2NEFRREWF33YP,rec,40-1,40.0,1000.0,0.6376683751072364
A2P8V5SKYLL5I4,rec,40-1,40.0,1000.0,0.7085786318704407
A2PSU15S8ZI3V5,prim,40-1,40.0,1000.0,0.9247609179025134
A2QUSCZS3RXGXE,ns,40-1,40.0,1000.0,0.8719711298831758
A2TUYGXQ15U6GO,prim,40-1,40.0,1000.0,0.910129011284393
A2UEVNT8VQD1SA,ns,40-1,40.0,1000.0,0.6909647190098928
A2VR9O234UCT9T,rec,40-1,40.0,1000.0,0.7569319554572324
A2WCPERU8X385N,prim,40-1,40.0,1000.0,0.8976441879655666
A33GZS6SU4O20M,ns,40-1,40.0,1000.0,0.6927541041322695
A38I0E8UK53ME5,rec,40-1,40.0,1000.0,0.7060447222258229
A3BZH91MITQA5X,ns,40-1,40.0,1000.0,0.8877611544649119
A3NX66U9RAY2GQ,prim,40-1,40.0,1000.0,0.8987252738905677
A3O40YLW6MYU8C,prim,40-1,40.0,1000.0,0.9294052279234387
A3S2AUQWI7XWT4,prim,40-1,40.0,1000.0,0.9494925547816809
A3SA9LY6RXKFOI,prim,40-1,40.0,1000.0,0.8626888138281548
A3SLT6KVF0NXPH,prim,40-1,40.0,1000.0,0.909843672475267
A3TNSJSXI464IT,ns,40-1,40.0,1000.0,0.7360281847959143
A3TUJBPLJGTI5,rec,40-1,40.0,1000.0,0.8486711468475283
A3VL1CBZ3BGQK7,ns,40-1,40.0,1000.0,0.6431545345890091
A47VA451RDBV3,prim,40-1,40.0,1000.0,0.930215904626783
A92KVBM20ZTU4,rec,40-1,40.0,1000.0,0.7861540362240236
AAF1SJ9FCBF75,rec,40-1,40.0,1000.0,0.6844241415393066
AAVFHZA708CSP,ns,40-1,40.0,1000.0,0.8255140915850478
ADL9KYXZGHUFO,ns,40-1,40.0,1000.0,0.8162969200063339
AFLRBB974KS6D,ns,40-1,40.0,1000.0,0.9222130787926321
AGB6853RIDWJ8,ns,40-1,40.0,1000.0,0.8074765555964802
AGLFNO1XKM8O8,rec,40-1,40.0,1000.0,0.7976778372123361
AH2C0LKV36ATT,prim,40-1,40.0,1000.0,0.9192049230400845
AKJN72HW14WTR,rec,40-1,40.0,1000.0,0.6906702284384991
AMIQGW2E3WYO4,rec,40-1,40.0,1000.0,0.628309037345555
ANCTZADQC3D75,ns,40-1,40.0,1000.0,0.8991473599098334
AOQKJGXZ8QQD0,prim,40-1,40.0,1000.0,0.8396677961829592
AP3BTOBN8Y9EJ,rec,40-1,40.0,1000.0,0.5884199104717872
AQSYWZJVVMCGJ,prim,40-1,40.0,1000.0,0.9058234521315922
AR1IWBDA7MC86,rec,40-1,40.0,1000.0,0.6599082053003539
AR3MFFPQ39IXF,rec,40-1,40.0,1000.0,0.7490446092353323
ARL0T0MU9A65G,prim,40-1,40.0,1000.0,0.9308527371904691
ASVRLMDNQBUD9,rec,40-1,40.0,1000.0,0.7486908650453593
ATRRW34VN38IX,rec,40-1,40.0,1000.0,0.7842665405126477
AVSVIOR38JDM6,prim,40-1,40.0,1000.0,0.9563401880744358
AW0MG225VXWCN,rec,40-1,40.0,1000.0,0.6808005332407704
AW4PTI9P13WUB,prim,40-1,40.0,1000.0,0.9128611001489103
AXFCUZW85XUK1,ns,40-1,40.0,1000.0,0.7926856519086678
AYF9WH3AQIT86,prim,40-1,40.0,1000.0,0.8742679112819389
